DATA_GATE PASS rows=75344 global_batch_size=8 steps_per_epoch=9418
RESUME_GATE PASS global_step=3900 epoch=0.41410065831386705
Thu Sep  3 17:07:40 2026       
+-----------------------------------------------------------------------------------------+
| NVIDIA-SMI 580.173.02             Driver Version: 580.173.02     CUDA Version: 13.0     |
+-----------------------------------------+------------------------+----------------------+
| GPU  Name                 Persistence-M | Bus-Id          Disp.A | Volatile Uncorr. ECC |
| Fan  Temp   Perf          Pwr:Usage/Cap |           Memory-Usage | GPU-Util  Compute M. |
|                                         |                        |               MIG M. |
|=========================================+========================+======================|
|   0  NVIDIA GeForce RTX 5090        Off |   00000000:16:00.0 Off |                  N/A |
| 42%   32C    P8              2W /  575W |       2MiB /  32607MiB |      0%      Default |
|                                         |                        |                  N/A |
+-----------------------------------------+------------------------+----------------------+
|   1  NVIDIA GeForce RTX 5090        Off |   00000000:38:00.0 Off |                  N/A |
| 44%   44C    P8             11W /  575W |       2MiB /  32607MiB |      0%      Default |
|                                         |                        |                  N/A |
+-----------------------------------------+------------------------+----------------------+
|   2  NVIDIA GeForce RTX 5090        Off |   00000000:49:00.0 Off |                  N/A |
| 44%   39C    P8              9W /  575W |       2MiB /  32607MiB |      0%      Default |
|                                         |                        |                  N/A |
+-----------------------------------------+------------------------+----------------------+
|   3  NVIDIA GeForce RTX 5090        Off |   00000000:5A:00.0 Off |                  N/A |
| 43%   37C    P8             23W /  575W |       2MiB /  32607MiB |      0%      Default |
|                                         |                        |                  N/A |
+-----------------------------------------+------------------------+----------------------+

+-----------------------------------------------------------------------------------------+
| Processes:                                                                              |
|  GPU   GI   CI              PID   Type   Process name                        GPU Memory |
|        ID   ID                                                               Usage      |
|=========================================================================================|
|  No running processes found                                                             |
+-----------------------------------------------------------------------------------------+
SFT_STARTUP {"trl_version": "1.8.0", "transformers_version": "5.13.1", "peft_version": "0.19.1", "torch_version": "2.11.0+cu130", "train_columns": ["prompt", "completion"], "validation_columns": null, "train_samples": 75344, "validation_samples": 0, "max_seq_length": 4096, "completion_only_loss": true, "require_supervised_eos": true, "requested_packing": false, "requested_sampling_strategy": "auto", "effective_sampling_strategy": "trainer_default_without_replacement", "effective_packing": false, "distributed": {"world_size": 4, "rank": 0, "local_rank": 0, "is_main_process": true, "distributed_type": "DistributedType.MULTI_GPU", "device": "cuda:0"}, "global_batch_size": 8, "accelerate_even_batches": false, "packing_disabled_reason": null}
{'loss': '0.1973', 'grad_norm': '0.2353', 'learning_rate': '0.0001585', 'entropy': '0.192', 'num_tokens': '2.955e+04', 'mean_token_accuracy': '0.937', 'epoch': '0.4152'}
{'loss': '0.1934', 'grad_norm': '0.2628', 'learning_rate': '0.0001584', 'entropy': '0.2185', 'num_tokens': '5.805e+04', 'mean_token_accuracy': '0.9282', 'epoch': '0.4162'}
{'loss': '0.1845', 'grad_norm': '0.2477', 'learning_rate': '0.0001583', 'entropy': '0.1937', 'num_tokens': '8.854e+04', 'mean_token_accuracy': '0.9382', 'epoch': '0.4173'}
{'loss': '0.1536', 'grad_norm': '0.1992', 'learning_rate': '0.0001582', 'entropy': '0.1603', 'num_tokens': '1.227e+05', 'mean_token_accuracy': '0.9454', 'epoch': '0.4183'}
{'loss': '0.2532', 'grad_norm': '0.2251', 'learning_rate': '0.0001581', 'entropy': '0.2451', 'num_tokens': '1.575e+05', 'mean_token_accuracy': '0.9201', 'epoch': '0.4194'}
{'loss': '0.2034', 'grad_norm': '0.1639', 'learning_rate': '0.000158', 'entropy': '0.2069', 'num_tokens': '1.939e+05', 'mean_token_accuracy': '0.931', 'epoch': '0.4205'}
{'loss': '0.2802', 'grad_norm': '0.1959', 'learning_rate': '0.0001579', 'entropy': '0.281', 'num_tokens': '2.261e+05', 'mean_token_accuracy': '0.9083', 'epoch': '0.4215'}
{'loss': '0.1958', 'grad_norm': '0.3013', 'learning_rate': '0.0001578', 'entropy': '0.1833', 'num_tokens': '2.621e+05', 'mean_token_accuracy': '0.9447', 'epoch': '0.4226'}
{'loss': '0.2438', 'grad_norm': '0.2064', 'learning_rate': '0.0001576', 'entropy': '0.2571', 'num_tokens': '2.948e+05', 'mean_token_accuracy': '0.9157', 'epoch': '0.4237'}
{'loss': '0.1983', 'grad_norm': '0.1761', 'learning_rate': '0.0001575', 'entropy': '0.1847', 'num_tokens': '3.265e+05', 'mean_token_accuracy': '0.9385', 'epoch': '0.4247'}
{'loss': '0.187', 'grad_norm': '0.198', 'learning_rate': '0.0001574', 'entropy': '0.1757', 'num_tokens': '3.594e+05', 'mean_token_accuracy': '0.9402', 'epoch': '0.4258'}
{'loss': '0.2429', 'grad_norm': '0.2075', 'learning_rate': '0.0001573', 'entropy': '0.2184', 'num_tokens': '3.895e+05', 'mean_token_accuracy': '0.9255', 'epoch': '0.4268'}
{'loss': '0.2208', 'grad_norm': '0.5767', 'learning_rate': '0.0001572', 'entropy': '0.2051', 'num_tokens': '4.232e+05', 'mean_token_accuracy': '0.9349', 'epoch': '0.4279'}
{'loss': '0.2458', 'grad_norm': '0.563', 'learning_rate': '0.0001571', 'entropy': '0.2375', 'num_tokens': '4.551e+05', 'mean_token_accuracy': '0.9198', 'epoch': '0.429'}
{'loss': '0.1707', 'grad_norm': '0.167', 'learning_rate': '0.000157', 'entropy': '0.1802', 'num_tokens': '4.915e+05', 'mean_token_accuracy': '0.944', 'epoch': '0.43'}
{'loss': '0.2494', 'grad_norm': '0.175', 'learning_rate': '0.0001569', 'entropy': '0.2264', 'num_tokens': '5.28e+05', 'mean_token_accuracy': '0.9247', 'epoch': '0.4311'}
{'loss': '0.2379', 'grad_norm': '0.1749', 'learning_rate': '0.0001568', 'entropy': '0.2427', 'num_tokens': '5.563e+05', 'mean_token_accuracy': '0.9219', 'epoch': '0.4322'}
{'loss': '0.2397', 'grad_norm': '0.3877', 'learning_rate': '0.0001567', 'entropy': '0.2554', 'num_tokens': '5.874e+05', 'mean_token_accuracy': '0.9158', 'epoch': '0.4332'}
{'loss': '0.1878', 'grad_norm': '0.2106', 'learning_rate': '0.0001566', 'entropy': '0.1898', 'num_tokens': '6.227e+05', 'mean_token_accuracy': '0.9381', 'epoch': '0.4343'}
{'loss': '0.1866', 'grad_norm': '0.141', 'learning_rate': '0.0001565', 'entropy': '0.197', 'num_tokens': '6.639e+05', 'mean_token_accuracy': '0.9358', 'epoch': '0.4353'}
{'loss': '0.2307', 'grad_norm': '0.2633', 'learning_rate': '0.0001564', 'entropy': '0.2483', 'num_tokens': '7.026e+05', 'mean_token_accuracy': '0.9224', 'epoch': '0.4364'}
{'loss': '0.2135', 'grad_norm': '0.3227', 'learning_rate': '0.0001563', 'entropy': '0.211', 'num_tokens': '7.348e+05', 'mean_token_accuracy': '0.9301', 'epoch': '0.4375'}
{'loss': '0.2176', 'grad_norm': '0.2265', 'learning_rate': '0.0001562', 'entropy': '0.2099', 'num_tokens': '7.679e+05', 'mean_token_accuracy': '0.9309', 'epoch': '0.4385'}
{'loss': '0.2009', 'grad_norm': '0.1977', 'learning_rate': '0.0001561', 'entropy': '0.2042', 'num_tokens': '8.027e+05', 'mean_token_accuracy': '0.9319', 'epoch': '0.4396'}
{'loss': '0.1923', 'grad_norm': '0.3341', 'learning_rate': '0.0001559', 'entropy': '0.2074', 'num_tokens': '8.346e+05', 'mean_token_accuracy': '0.9381', 'epoch': '0.4406'}
{'loss': '0.2462', 'grad_norm': '0.181', 'learning_rate': '0.0001558', 'entropy': '0.2286', 'num_tokens': '8.667e+05', 'mean_token_accuracy': '0.9219', 'epoch': '0.4417'}
{'loss': '0.2276', 'grad_norm': '0.1871', 'learning_rate': '0.0001557', 'entropy': '0.2331', 'num_tokens': '8.987e+05', 'mean_token_accuracy': '0.9176', 'epoch': '0.4428'}
{'loss': '0.175', 'grad_norm': '0.1416', 'learning_rate': '0.0001556', 'entropy': '0.1766', 'num_tokens': '9.357e+05', 'mean_token_accuracy': '0.942', 'epoch': '0.4438'}
{'loss': '0.1893', 'grad_norm': '0.1866', 'learning_rate': '0.0001555', 'entropy': '0.2082', 'num_tokens': '9.666e+05', 'mean_token_accuracy': '0.9362', 'epoch': '0.4449'}
{'loss': '0.174', 'grad_norm': '0.2101', 'learning_rate': '0.0001554', 'entropy': '0.1685', 'num_tokens': '1.006e+06', 'mean_token_accuracy': '0.9418', 'epoch': '0.446'}
{'loss': '0.1983', 'grad_norm': '0.1365', 'learning_rate': '0.0001553', 'entropy': '0.1808', 'num_tokens': '1.039e+06', 'mean_token_accuracy': '0.9389', 'epoch': '0.447'}
{'loss': '0.2179', 'grad_norm': '0.1866', 'learning_rate': '0.0001552', 'entropy': '0.2272', 'num_tokens': '1.073e+06', 'mean_token_accuracy': '0.9253', 'epoch': '0.4481'}
{'loss': '0.2142', 'grad_norm': '0.206', 'learning_rate': '0.0001551', 'entropy': '0.2221', 'num_tokens': '1.109e+06', 'mean_token_accuracy': '0.9297', 'epoch': '0.4491'}
{'loss': '0.2409', 'grad_norm': '0.264', 'learning_rate': '0.000155', 'entropy': '0.2264', 'num_tokens': '1.14e+06', 'mean_token_accuracy': '0.9241', 'epoch': '0.4502'}
{'loss': '0.1959', 'grad_norm': '0.308', 'learning_rate': '0.0001549', 'entropy': '0.1984', 'num_tokens': '1.178e+06', 'mean_token_accuracy': '0.9371', 'epoch': '0.4513'}
{'loss': '0.2226', 'grad_norm': '0.2064', 'learning_rate': '0.0001548', 'entropy': '0.2225', 'num_tokens': '1.218e+06', 'mean_token_accuracy': '0.9285', 'epoch': '0.4523'}
{'loss': '0.2063', 'grad_norm': '0.3044', 'learning_rate': '0.0001547', 'entropy': '0.1879', 'num_tokens': '1.247e+06', 'mean_token_accuracy': '0.9353', 'epoch': '0.4534'}
{'loss': '0.2759', 'grad_norm': '0.2958', 'learning_rate': '0.0001546', 'entropy': '0.2462', 'num_tokens': '1.284e+06', 'mean_token_accuracy': '0.9197', 'epoch': '0.4544'}
{'loss': '0.1909', 'grad_norm': '0.1924', 'learning_rate': '0.0001545', 'entropy': '0.2017', 'num_tokens': '1.323e+06', 'mean_token_accuracy': '0.9354', 'epoch': '0.4555'}
{'loss': '0.2034', 'grad_norm': '0.1992', 'learning_rate': '0.0001544', 'entropy': '0.1996', 'num_tokens': '1.36e+06', 'mean_token_accuracy': '0.9303', 'epoch': '0.4566'}
{'loss': '0.2398', 'grad_norm': '0.2237', 'learning_rate': '0.0001542', 'entropy': '0.2204', 'num_tokens': '1.401e+06', 'mean_token_accuracy': '0.9283', 'epoch': '0.4576'}
{'loss': '0.176', 'grad_norm': '0.1383', 'learning_rate': '0.0001541', 'entropy': '0.1802', 'num_tokens': '1.438e+06', 'mean_token_accuracy': '0.9397', 'epoch': '0.4587'}
{'loss': '0.1804', 'grad_norm': '0.159', 'learning_rate': '0.000154', 'entropy': '0.1786', 'num_tokens': '1.472e+06', 'mean_token_accuracy': '0.9396', 'epoch': '0.4598'}
{'loss': '0.1995', 'grad_norm': '0.134', 'learning_rate': '0.0001539', 'entropy': '0.1928', 'num_tokens': '1.503e+06', 'mean_token_accuracy': '0.9345', 'epoch': '0.4608'}
{'loss': '0.1897', 'grad_norm': '0.3817', 'learning_rate': '0.0001538', 'entropy': '0.1973', 'num_tokens': '1.539e+06', 'mean_token_accuracy': '0.9325', 'epoch': '0.4619'}
{'loss': '0.2283', 'grad_norm': '0.1618', 'learning_rate': '0.0001537', 'entropy': '0.2256', 'num_tokens': '1.579e+06', 'mean_token_accuracy': '0.9266', 'epoch': '0.4629'}
{'loss': '0.1946', 'grad_norm': '0.243', 'learning_rate': '0.0001536', 'entropy': '0.1985', 'num_tokens': '1.611e+06', 'mean_token_accuracy': '0.9364', 'epoch': '0.464'}
{'loss': '0.1968', 'grad_norm': '0.3367', 'learning_rate': '0.0001535', 'entropy': '0.1973', 'num_tokens': '1.64e+06', 'mean_token_accuracy': '0.9373', 'epoch': '0.4651'}
{'loss': '0.2504', 'grad_norm': '0.5322', 'learning_rate': '0.0001534', 'entropy': '0.2264', 'num_tokens': '1.673e+06', 'mean_token_accuracy': '0.9217', 'epoch': '0.4661'}
{'loss': '0.2275', 'grad_norm': '0.1837', 'learning_rate': '0.0001533', 'entropy': '0.2169', 'num_tokens': '1.71e+06', 'mean_token_accuracy': '0.9294', 'epoch': '0.4672'}
{'loss': '0.239', 'grad_norm': '0.1953', 'learning_rate': '0.0001532', 'entropy': '0.2386', 'num_tokens': '1.745e+06', 'mean_token_accuracy': '0.925', 'epoch': '0.4683'}
{'loss': '0.2274', 'grad_norm': '0.1387', 'learning_rate': '0.0001531', 'entropy': '0.2319', 'num_tokens': '1.78e+06', 'mean_token_accuracy': '0.9244', 'epoch': '0.4693'}
{'loss': '0.1833', 'grad_norm': '0.1529', 'learning_rate': '0.000153', 'entropy': '0.1967', 'num_tokens': '1.813e+06', 'mean_token_accuracy': '0.9333', 'epoch': '0.4704'}
{'loss': '0.2039', 'grad_norm': '0.4411', 'learning_rate': '0.0001529', 'entropy': '0.2294', 'num_tokens': '1.845e+06', 'mean_token_accuracy': '0.9275', 'epoch': '0.4714'}
{'loss': '0.2319', 'grad_norm': '0.4065', 'learning_rate': '0.0001528', 'entropy': '0.2123', 'num_tokens': '1.884e+06', 'mean_token_accuracy': '0.9251', 'epoch': '0.4725'}
{'loss': '0.1868', 'grad_norm': '0.1472', 'learning_rate': '0.0001527', 'entropy': '0.1955', 'num_tokens': '1.923e+06', 'mean_token_accuracy': '0.9348', 'epoch': '0.4736'}
{'loss': '0.2166', 'grad_norm': '0.2709', 'learning_rate': '0.0001525', 'entropy': '0.2264', 'num_tokens': '1.953e+06', 'mean_token_accuracy': '0.9266', 'epoch': '0.4746'}
{'loss': '0.1716', 'grad_norm': '0.0932', 'learning_rate': '0.0001524', 'entropy': '0.1821', 'num_tokens': '1.987e+06', 'mean_token_accuracy': '0.9428', 'epoch': '0.4757'}
{'loss': '0.2487', 'grad_norm': '0.207', 'learning_rate': '0.0001523', 'entropy': '0.2315', 'num_tokens': '2.026e+06', 'mean_token_accuracy': '0.9216', 'epoch': '0.4767'}
{'loss': '0.2137', 'grad_norm': '0.2049', 'learning_rate': '0.0001522', 'entropy': '0.2077', 'num_tokens': '2.062e+06', 'mean_token_accuracy': '0.9296', 'epoch': '0.4778'}
{'loss': '0.1996', 'grad_norm': '0.3039', 'learning_rate': '0.0001521', 'entropy': '0.2357', 'num_tokens': '2.1e+06', 'mean_token_accuracy': '0.9285', 'epoch': '0.4789'}
{'loss': '0.1819', 'grad_norm': '0.1889', 'learning_rate': '0.000152', 'entropy': '0.1847', 'num_tokens': '2.137e+06', 'mean_token_accuracy': '0.938', 'epoch': '0.4799'}
{'loss': '0.1924', 'grad_norm': '0.2707', 'learning_rate': '0.0001519', 'entropy': '0.1826', 'num_tokens': '2.166e+06', 'mean_token_accuracy': '0.9352', 'epoch': '0.481'}
{'loss': '0.216', 'grad_norm': '0.4058', 'learning_rate': '0.0001518', 'entropy': '0.217', 'num_tokens': '2.199e+06', 'mean_token_accuracy': '0.9283', 'epoch': '0.4821'}
{'loss': '0.2352', 'grad_norm': '0.3921', 'learning_rate': '0.0001517', 'entropy': '0.2307', 'num_tokens': '2.234e+06', 'mean_token_accuracy': '0.925', 'epoch': '0.4831'}
{'loss': '0.2046', 'grad_norm': '0.3888', 'learning_rate': '0.0001516', 'entropy': '0.206', 'num_tokens': '2.272e+06', 'mean_token_accuracy': '0.9345', 'epoch': '0.4842'}
{'loss': '0.2321', 'grad_norm': '0.225', 'learning_rate': '0.0001515', 'entropy': '0.2456', 'num_tokens': '2.312e+06', 'mean_token_accuracy': '0.9195', 'epoch': '0.4852'}
{'loss': '0.2343', 'grad_norm': '0.3983', 'learning_rate': '0.0001514', 'entropy': '0.2318', 'num_tokens': '2.358e+06', 'mean_token_accuracy': '0.9214', 'epoch': '0.4863'}
{'loss': '0.19', 'grad_norm': '0.1943', 'learning_rate': '0.0001513', 'entropy': '0.1821', 'num_tokens': '2.386e+06', 'mean_token_accuracy': '0.94', 'epoch': '0.4874'}
{'loss': '0.2427', 'grad_norm': '0.2085', 'learning_rate': '0.0001512', 'entropy': '0.247', 'num_tokens': '2.421e+06', 'mean_token_accuracy': '0.9262', 'epoch': '0.4884'}
{'loss': '0.2199', 'grad_norm': '0.2209', 'learning_rate': '0.0001511', 'entropy': '0.2105', 'num_tokens': '2.456e+06', 'mean_token_accuracy': '0.9292', 'epoch': '0.4895'}
{'loss': '0.2593', 'grad_norm': '0.3126', 'learning_rate': '0.000151', 'entropy': '0.2262', 'num_tokens': '2.49e+06', 'mean_token_accuracy': '0.9244', 'epoch': '0.4906'}
{'loss': '0.2537', 'grad_norm': '0.2498', 'learning_rate': '0.0001508', 'entropy': '0.2698', 'num_tokens': '2.527e+06', 'mean_token_accuracy': '0.9115', 'epoch': '0.4916'}
{'loss': '0.2098', 'grad_norm': '0.1552', 'learning_rate': '0.0001507', 'entropy': '0.2159', 'num_tokens': '2.567e+06', 'mean_token_accuracy': '0.9306', 'epoch': '0.4927'}
{'loss': '0.2396', 'grad_norm': '0.6604', 'learning_rate': '0.0001506', 'entropy': '0.2344', 'num_tokens': '2.596e+06', 'mean_token_accuracy': '0.9199', 'epoch': '0.4937'}
{'loss': '0.2297', 'grad_norm': '0.201', 'learning_rate': '0.0001505', 'entropy': '0.2298', 'num_tokens': '2.632e+06', 'mean_token_accuracy': '0.9254', 'epoch': '0.4948'}
{'loss': '0.2177', 'grad_norm': '1.336', 'learning_rate': '0.0001504', 'entropy': '0.2136', 'num_tokens': '2.665e+06', 'mean_token_accuracy': '0.933', 'epoch': '0.4959'}
{'loss': '0.2281', 'grad_norm': '0.1805', 'learning_rate': '0.0001503', 'entropy': '0.2287', 'num_tokens': '2.7e+06', 'mean_token_accuracy': '0.923', 'epoch': '0.4969'}
{'loss': '0.2234', 'grad_norm': '0.2009', 'learning_rate': '0.0001502', 'entropy': '0.2241', 'num_tokens': '2.735e+06', 'mean_token_accuracy': '0.9254', 'epoch': '0.498'}
{'loss': '0.1979', 'grad_norm': '0.1885', 'learning_rate': '0.0001501', 'entropy': '0.2028', 'num_tokens': '2.768e+06', 'mean_token_accuracy': '0.9343', 'epoch': '0.499'}
{'loss': '0.1976', 'grad_norm': '0.2064', 'learning_rate': '0.00015', 'entropy': '0.2142', 'num_tokens': '2.801e+06', 'mean_token_accuracy': '0.9306', 'epoch': '0.5001'}
{'loss': '0.2209', 'grad_norm': '0.2904', 'learning_rate': '0.0001499', 'entropy': '0.208', 'num_tokens': '2.844e+06', 'mean_token_accuracy': '0.9324', 'epoch': '0.5012'}
{'loss': '0.2555', 'grad_norm': '0.1399', 'learning_rate': '0.0001498', 'entropy': '0.2481', 'num_tokens': '2.878e+06', 'mean_token_accuracy': '0.9168', 'epoch': '0.5022'}
{'loss': '0.1708', 'grad_norm': '0.4782', 'learning_rate': '0.0001497', 'entropy': '0.1768', 'num_tokens': '2.914e+06', 'mean_token_accuracy': '0.9444', 'epoch': '0.5033'}
{'loss': '0.2224', 'grad_norm': '0.1777', 'learning_rate': '0.0001496', 'entropy': '0.2053', 'num_tokens': '2.944e+06', 'mean_token_accuracy': '0.9318', 'epoch': '0.5044'}
{'loss': '0.2054', 'grad_norm': '0.1943', 'learning_rate': '0.0001495', 'entropy': '0.2017', 'num_tokens': '2.986e+06', 'mean_token_accuracy': '0.935', 'epoch': '0.5054'}
{'loss': '0.2278', 'grad_norm': '0.2319', 'learning_rate': '0.0001494', 'entropy': '0.2176', 'num_tokens': '3.018e+06', 'mean_token_accuracy': '0.9243', 'epoch': '0.5065'}
{'loss': '0.1724', 'grad_norm': '0.1704', 'learning_rate': '0.0001493', 'entropy': '0.1743', 'num_tokens': '3.066e+06', 'mean_token_accuracy': '0.9416', 'epoch': '0.5075'}
{'loss': '0.2022', 'grad_norm': '0.2559', 'learning_rate': '0.0001492', 'entropy': '0.2277', 'num_tokens': '3.098e+06', 'mean_token_accuracy': '0.9276', 'epoch': '0.5086'}
{'loss': '0.2165', 'grad_norm': '0.3112', 'learning_rate': '0.000149', 'entropy': '0.2383', 'num_tokens': '3.132e+06', 'mean_token_accuracy': '0.9193', 'epoch': '0.5097'}
{'loss': '0.2018', 'grad_norm': '0.2043', 'learning_rate': '0.0001489', 'entropy': '0.2051', 'num_tokens': '3.174e+06', 'mean_token_accuracy': '0.9322', 'epoch': '0.5107'}
{'loss': '0.1939', 'grad_norm': '0.3805', 'learning_rate': '0.0001488', 'entropy': '0.1933', 'num_tokens': '3.209e+06', 'mean_token_accuracy': '0.9343', 'epoch': '0.5118'}
{'loss': '0.1873', 'grad_norm': '0.1934', 'learning_rate': '0.0001487', 'entropy': '0.1912', 'num_tokens': '3.246e+06', 'mean_token_accuracy': '0.9354', 'epoch': '0.5128'}
{'loss': '0.2264', 'grad_norm': '0.1699', 'learning_rate': '0.0001486', 'entropy': '0.2268', 'num_tokens': '3.282e+06', 'mean_token_accuracy': '0.9247', 'epoch': '0.5139'}
{'loss': '0.206', 'grad_norm': '0.281', 'learning_rate': '0.0001485', 'entropy': '0.2197', 'num_tokens': '3.319e+06', 'mean_token_accuracy': '0.9268', 'epoch': '0.515'}
{'loss': '0.1466', 'grad_norm': '0.1803', 'learning_rate': '0.0001484', 'entropy': '0.1493', 'num_tokens': '3.351e+06', 'mean_token_accuracy': '0.9499', 'epoch': '0.516'}
{'loss': '0.148', 'grad_norm': '0.182', 'learning_rate': '0.0001483', 'entropy': '0.1735', 'num_tokens': '3.384e+06', 'mean_token_accuracy': '0.9411', 'epoch': '0.5171'}
{'loss': '0.1916', 'grad_norm': '0.2383', 'learning_rate': '0.0001482', 'entropy': '0.1959', 'num_tokens': '3.416e+06', 'mean_token_accuracy': '0.9321', 'epoch': '0.5182'}
{'loss': '0.1809', 'grad_norm': '0.2294', 'learning_rate': '0.0001481', 'entropy': '0.2003', 'num_tokens': '3.443e+06', 'mean_token_accuracy': '0.9339', 'epoch': '0.5192'}
{'loss': '0.2066', 'grad_norm': '0.2719', 'learning_rate': '0.000148', 'entropy': '0.192', 'num_tokens': '3.478e+06', 'mean_token_accuracy': '0.9349', 'epoch': '0.5203'}
{'loss': '0.1829', 'grad_norm': '0.2664', 'learning_rate': '0.0001479', 'entropy': '0.1844', 'num_tokens': '3.514e+06', 'mean_token_accuracy': '0.9375', 'epoch': '0.5213'}
{'loss': '0.1893', 'grad_norm': '0.3286', 'learning_rate': '0.0001478', 'entropy': '0.178', 'num_tokens': '3.549e+06', 'mean_token_accuracy': '0.9419', 'epoch': '0.5224'}
{'loss': '0.2047', 'grad_norm': '0.2563', 'learning_rate': '0.0001477', 'entropy': '0.2212', 'num_tokens': '3.583e+06', 'mean_token_accuracy': '0.9275', 'epoch': '0.5235'}
{'loss': '0.2076', 'grad_norm': '0.2131', 'learning_rate': '0.0001476', 'entropy': '0.229', 'num_tokens': '3.617e+06', 'mean_token_accuracy': '0.9251', 'epoch': '0.5245'}
{'loss': '0.1565', 'grad_norm': '0.2501', 'learning_rate': '0.0001475', 'entropy': '0.1647', 'num_tokens': '3.649e+06', 'mean_token_accuracy': '0.9506', 'epoch': '0.5256'}
{'loss': '0.1887', 'grad_norm': '0.219', 'learning_rate': '0.0001473', 'entropy': '0.1979', 'num_tokens': '3.687e+06', 'mean_token_accuracy': '0.9327', 'epoch': '0.5267'}
{'loss': '0.1874', 'grad_norm': '0.17', 'learning_rate': '0.0001472', 'entropy': '0.1781', 'num_tokens': '3.718e+06', 'mean_token_accuracy': '0.9375', 'epoch': '0.5277'}
{'loss': '0.1849', 'grad_norm': '0.3402', 'learning_rate': '0.0001471', 'entropy': '0.1821', 'num_tokens': '3.75e+06', 'mean_token_accuracy': '0.9405', 'epoch': '0.5288'}
{'loss': '0.189', 'grad_norm': '0.3211', 'learning_rate': '0.000147', 'entropy': '0.1883', 'num_tokens': '3.788e+06', 'mean_token_accuracy': '0.9372', 'epoch': '0.5298'}
{'loss': '0.2089', 'grad_norm': '0.1646', 'learning_rate': '0.0001469', 'entropy': '0.2158', 'num_tokens': '3.821e+06', 'mean_token_accuracy': '0.9268', 'epoch': '0.5309'}
{'loss': '0.174', 'grad_norm': '0.2616', 'learning_rate': '0.0001468', 'entropy': '0.199', 'num_tokens': '3.855e+06', 'mean_token_accuracy': '0.9309', 'epoch': '0.532'}
{'loss': '0.1468', 'grad_norm': '0.1778', 'learning_rate': '0.0001467', 'entropy': '0.1519', 'num_tokens': '3.892e+06', 'mean_token_accuracy': '0.9522', 'epoch': '0.533'}
{'loss': '0.2134', 'grad_norm': '0.2737', 'learning_rate': '0.0001466', 'entropy': '0.2185', 'num_tokens': '3.925e+06', 'mean_token_accuracy': '0.9292', 'epoch': '0.5341'}
{'loss': '0.2021', 'grad_norm': '0.2491', 'learning_rate': '0.0001465', 'entropy': '0.2494', 'num_tokens': '3.963e+06', 'mean_token_accuracy': '0.9169', 'epoch': '0.5351'}
{'loss': '0.182', 'grad_norm': '0.2289', 'learning_rate': '0.0001464', 'entropy': '0.1856', 'num_tokens': '3.996e+06', 'mean_token_accuracy': '0.939', 'epoch': '0.5362'}
{'loss': '0.1525', 'grad_norm': '0.1424', 'learning_rate': '0.0001463', 'entropy': '0.1587', 'num_tokens': '4.029e+06', 'mean_token_accuracy': '0.9499', 'epoch': '0.5373'}
{'loss': '0.2428', 'grad_norm': '0.2247', 'learning_rate': '0.0001462', 'entropy': '0.2354', 'num_tokens': '4.074e+06', 'mean_token_accuracy': '0.9236', 'epoch': '0.5383'}
{'loss': '0.1772', 'grad_norm': '0.2478', 'learning_rate': '0.0001461', 'entropy': '0.1839', 'num_tokens': '4.106e+06', 'mean_token_accuracy': '0.9371', 'epoch': '0.5394'}
{'loss': '0.2243', 'grad_norm': '0.2329', 'learning_rate': '0.000146', 'entropy': '0.2137', 'num_tokens': '4.141e+06', 'mean_token_accuracy': '0.9304', 'epoch': '0.5405'}
{'loss': '0.1982', 'grad_norm': '0.2006', 'learning_rate': '0.0001459', 'entropy': '0.2031', 'num_tokens': '4.184e+06', 'mean_token_accuracy': '0.9328', 'epoch': '0.5415'}
{'loss': '0.2241', 'grad_norm': '0.4768', 'learning_rate': '0.0001458', 'entropy': '0.2187', 'num_tokens': '4.214e+06', 'mean_token_accuracy': '0.9273', 'epoch': '0.5426'}
{'loss': '0.1941', 'grad_norm': '0.2109', 'learning_rate': '0.0001456', 'entropy': '0.198', 'num_tokens': '4.248e+06', 'mean_token_accuracy': '0.9373', 'epoch': '0.5436'}
{'loss': '0.1954', 'grad_norm': '0.2811', 'learning_rate': '0.0001455', 'entropy': '0.2002', 'num_tokens': '4.287e+06', 'mean_token_accuracy': '0.9333', 'epoch': '0.5447'}
{'loss': '0.2644', 'grad_norm': '0.1505', 'learning_rate': '0.0001454', 'entropy': '0.2483', 'num_tokens': '4.322e+06', 'mean_token_accuracy': '0.9173', 'epoch': '0.5458'}
{'loss': '0.2267', 'grad_norm': '0.1947', 'learning_rate': '0.0001453', 'entropy': '0.2316', 'num_tokens': '4.35e+06', 'mean_token_accuracy': '0.9285', 'epoch': '0.5468'}
{'loss': '0.191', 'grad_norm': '0.279', 'learning_rate': '0.0001452', 'entropy': '0.1821', 'num_tokens': '4.393e+06', 'mean_token_accuracy': '0.9378', 'epoch': '0.5479'}
{'loss': '0.2133', 'grad_norm': '0.1574', 'learning_rate': '0.0001451', 'entropy': '0.2037', 'num_tokens': '4.427e+06', 'mean_token_accuracy': '0.9301', 'epoch': '0.5489'}
{'loss': '0.1731', 'grad_norm': '0.2514', 'learning_rate': '0.000145', 'entropy': '0.1841', 'num_tokens': '4.463e+06', 'mean_token_accuracy': '0.9397', 'epoch': '0.55'}
{'loss': '0.224', 'grad_norm': '0.3005', 'learning_rate': '0.0001449', 'entropy': '0.2225', 'num_tokens': '4.49e+06', 'mean_token_accuracy': '0.9249', 'epoch': '0.5511'}
{'loss': '0.2086', 'grad_norm': '0.3209', 'learning_rate': '0.0001448', 'entropy': '0.1874', 'num_tokens': '4.523e+06', 'mean_token_accuracy': '0.9372', 'epoch': '0.5521'}
{'loss': '0.2107', 'grad_norm': '0.5051', 'learning_rate': '0.0001447', 'entropy': '0.2052', 'num_tokens': '4.552e+06', 'mean_token_accuracy': '0.9275', 'epoch': '0.5532'}
{'loss': '0.2046', 'grad_norm': '0.4182', 'learning_rate': '0.0001446', 'entropy': '0.221', 'num_tokens': '4.588e+06', 'mean_token_accuracy': '0.928', 'epoch': '0.5543'}
{'loss': '0.199', 'grad_norm': '0.2331', 'learning_rate': '0.0001445', 'entropy': '0.203', 'num_tokens': '4.619e+06', 'mean_token_accuracy': '0.9303', 'epoch': '0.5553'}
{'loss': '0.2622', 'grad_norm': '0.2932', 'learning_rate': '0.0001444', 'entropy': '0.2374', 'num_tokens': '4.653e+06', 'mean_token_accuracy': '0.9225', 'epoch': '0.5564'}
{'loss': '0.2066', 'grad_norm': '0.204', 'learning_rate': '0.0001443', 'entropy': '0.2382', 'num_tokens': '4.687e+06', 'mean_token_accuracy': '0.921', 'epoch': '0.5574'}
{'loss': '0.2586', 'grad_norm': '0.2906', 'learning_rate': '0.0001442', 'entropy': '0.2324', 'num_tokens': '4.714e+06', 'mean_token_accuracy': '0.9233', 'epoch': '0.5585'}
{'loss': '0.2341', 'grad_norm': '0.3117', 'learning_rate': '0.0001441', 'entropy': '0.2248', 'num_tokens': '4.744e+06', 'mean_token_accuracy': '0.9287', 'epoch': '0.5596'}
{'loss': '0.1969', 'grad_norm': '0.2503', 'learning_rate': '0.0001439', 'entropy': '0.1974', 'num_tokens': '4.778e+06', 'mean_token_accuracy': '0.9355', 'epoch': '0.5606'}
{'loss': '0.1798', 'grad_norm': '0.2847', 'learning_rate': '0.0001438', 'entropy': '0.1771', 'num_tokens': '4.812e+06', 'mean_token_accuracy': '0.938', 'epoch': '0.5617'}
{'loss': '0.1812', 'grad_norm': '0.2448', 'learning_rate': '0.0001437', 'entropy': '0.1821', 'num_tokens': '4.847e+06', 'mean_token_accuracy': '0.939', 'epoch': '0.5628'}
{'loss': '0.2084', 'grad_norm': '0.1868', 'learning_rate': '0.0001436', 'entropy': '0.2032', 'num_tokens': '4.878e+06', 'mean_token_accuracy': '0.9305', 'epoch': '0.5638'}
{'loss': '0.2439', 'grad_norm': '0.3059', 'learning_rate': '0.0001435', 'entropy': '0.2339', 'num_tokens': '4.91e+06', 'mean_token_accuracy': '0.9245', 'epoch': '0.5649'}
{'loss': '0.255', 'grad_norm': '0.1652', 'learning_rate': '0.0001434', 'entropy': '0.2429', 'num_tokens': '4.945e+06', 'mean_token_accuracy': '0.916', 'epoch': '0.5659'}
{'loss': '0.1901', 'grad_norm': '0.2417', 'learning_rate': '0.0001433', 'entropy': '0.1993', 'num_tokens': '4.983e+06', 'mean_token_accuracy': '0.9307', 'epoch': '0.567'}
{'loss': '0.1784', 'grad_norm': '0.2011', 'learning_rate': '0.0001432', 'entropy': '0.1875', 'num_tokens': '5.021e+06', 'mean_token_accuracy': '0.9382', 'epoch': '0.5681'}
{'loss': '0.2044', 'grad_norm': '0.2128', 'learning_rate': '0.0001431', 'entropy': '0.1944', 'num_tokens': '5.053e+06', 'mean_token_accuracy': '0.9339', 'epoch': '0.5691'}
{'loss': '0.192', 'grad_norm': '0.1677', 'learning_rate': '0.000143', 'entropy': '0.2307', 'num_tokens': '5.093e+06', 'mean_token_accuracy': '0.9294', 'epoch': '0.5702'}
{'loss': '0.2626', 'grad_norm': '0.3345', 'learning_rate': '0.0001429', 'entropy': '0.2347', 'num_tokens': '5.122e+06', 'mean_token_accuracy': '0.9237', 'epoch': '0.5712'}
{'loss': '0.1776', 'grad_norm': '0.1725', 'learning_rate': '0.0001428', 'entropy': '0.1834', 'num_tokens': '5.16e+06', 'mean_token_accuracy': '0.939', 'epoch': '0.5723'}
{'loss': '0.1843', 'grad_norm': '0.2226', 'learning_rate': '0.0001427', 'entropy': '0.1793', 'num_tokens': '5.197e+06', 'mean_token_accuracy': '0.938', 'epoch': '0.5734'}
{'loss': '0.2716', 'grad_norm': '0.3077', 'learning_rate': '0.0001426', 'entropy': '0.2674', 'num_tokens': '5.234e+06', 'mean_token_accuracy': '0.9157', 'epoch': '0.5744'}
{'loss': '0.2109', 'grad_norm': '0.3962', 'learning_rate': '0.0001425', 'entropy': '0.2292', 'num_tokens': '5.261e+06', 'mean_token_accuracy': '0.9269', 'epoch': '0.5755'}
{'loss': '0.2142', 'grad_norm': '0.1127', 'learning_rate': '0.0001424', 'entropy': '0.2052', 'num_tokens': '5.301e+06', 'mean_token_accuracy': '0.9323', 'epoch': '0.5766'}
{'loss': '0.2013', 'grad_norm': '0.208', 'learning_rate': '0.0001422', 'entropy': '0.1926', 'num_tokens': '5.328e+06', 'mean_token_accuracy': '0.9356', 'epoch': '0.5776'}
{'loss': '0.2141', 'grad_norm': '0.1985', 'learning_rate': '0.0001421', 'entropy': '0.212', 'num_tokens': '5.358e+06', 'mean_token_accuracy': '0.9298', 'epoch': '0.5787'}
{'loss': '0.2079', 'grad_norm': '0.3403', 'learning_rate': '0.000142', 'entropy': '0.202', 'num_tokens': '5.393e+06', 'mean_token_accuracy': '0.9337', 'epoch': '0.5797'}
{'loss': '0.1989', 'grad_norm': '0.152', 'learning_rate': '0.0001419', 'entropy': '0.2177', 'num_tokens': '5.431e+06', 'mean_token_accuracy': '0.9291', 'epoch': '0.5808'}
{'loss': '0.195', 'grad_norm': '0.2094', 'learning_rate': '0.0001418', 'entropy': '0.1828', 'num_tokens': '5.465e+06', 'mean_token_accuracy': '0.9399', 'epoch': '0.5819'}
{'loss': '0.1997', 'grad_norm': '0.2483', 'learning_rate': '0.0001417', 'entropy': '0.1999', 'num_tokens': '5.506e+06', 'mean_token_accuracy': '0.9335', 'epoch': '0.5829'}
{'loss': '0.2321', 'grad_norm': '0.3403', 'learning_rate': '0.0001416', 'entropy': '0.2259', 'num_tokens': '5.543e+06', 'mean_token_accuracy': '0.9272', 'epoch': '0.584'}
{'loss': '0.2401', 'grad_norm': '0.2339', 'learning_rate': '0.0001415', 'entropy': '0.2229', 'num_tokens': '5.573e+06', 'mean_token_accuracy': '0.9274', 'epoch': '0.585'}
{'loss': '0.1801', 'grad_norm': '0.2241', 'learning_rate': '0.0001414', 'entropy': '0.1889', 'num_tokens': '5.609e+06', 'mean_token_accuracy': '0.9357', 'epoch': '0.5861'}
{'loss': '0.1867', 'grad_norm': '0.2021', 'learning_rate': '0.0001413', 'entropy': '0.1921', 'num_tokens': '5.649e+06', 'mean_token_accuracy': '0.9337', 'epoch': '0.5872'}
{'loss': '0.2166', 'grad_norm': '0.166', 'learning_rate': '0.0001412', 'entropy': '0.2082', 'num_tokens': '5.685e+06', 'mean_token_accuracy': '0.929', 'epoch': '0.5882'}
{'loss': '0.1883', 'grad_norm': '0.12', 'learning_rate': '0.0001411', 'entropy': '0.2033', 'num_tokens': '5.722e+06', 'mean_token_accuracy': '0.9361', 'epoch': '0.5893'}
{'loss': '0.204', 'grad_norm': '0.7588', 'learning_rate': '0.000141', 'entropy': '0.1976', 'num_tokens': '5.755e+06', 'mean_token_accuracy': '0.9339', 'epoch': '0.5904'}
{'loss': '0.2162', 'grad_norm': '0.2299', 'learning_rate': '0.0001409', 'entropy': '0.2199', 'num_tokens': '5.79e+06', 'mean_token_accuracy': '0.9286', 'epoch': '0.5914'}
{'loss': '0.207', 'grad_norm': '0.2585', 'learning_rate': '0.0001408', 'entropy': '0.2128', 'num_tokens': '5.825e+06', 'mean_token_accuracy': '0.9294', 'epoch': '0.5925'}
{'loss': '0.1988', 'grad_norm': '0.201', 'learning_rate': '0.0001407', 'entropy': '0.2081', 'num_tokens': '5.859e+06', 'mean_token_accuracy': '0.9326', 'epoch': '0.5935'}
{'loss': '0.2026', 'grad_norm': '0.3627', 'learning_rate': '0.0001406', 'entropy': '0.201', 'num_tokens': '5.887e+06', 'mean_token_accuracy': '0.9334', 'epoch': '0.5946'}
{'loss': '0.1892', 'grad_norm': '0.2995', 'learning_rate': '0.0001404', 'entropy': '0.181', 'num_tokens': '5.921e+06', 'mean_token_accuracy': '0.9375', 'epoch': '0.5957'}
{'loss': '0.2029', 'grad_norm': '0.2287', 'learning_rate': '0.0001403', 'entropy': '0.2001', 'num_tokens': '5.954e+06', 'mean_token_accuracy': '0.9316', 'epoch': '0.5967'}
{'loss': '0.184', 'grad_norm': '0.2803', 'learning_rate': '0.0001402', 'entropy': '0.1755', 'num_tokens': '5.988e+06', 'mean_token_accuracy': '0.9419', 'epoch': '0.5978'}
{'loss': '0.2026', 'grad_norm': '0.5818', 'learning_rate': '0.0001401', 'entropy': '0.2088', 'num_tokens': '6.025e+06', 'mean_token_accuracy': '0.9312', 'epoch': '0.5989'}
{'loss': '0.2508', 'grad_norm': '0.2416', 'learning_rate': '0.00014', 'entropy': '0.2355', 'num_tokens': '6.056e+06', 'mean_token_accuracy': '0.9199', 'epoch': '0.5999'}
{'loss': '0.1959', 'grad_norm': '0.1901', 'learning_rate': '0.0001399', 'entropy': '0.2057', 'num_tokens': '6.086e+06', 'mean_token_accuracy': '0.9346', 'epoch': '0.601'}
{'loss': '0.1894', 'grad_norm': '0.2211', 'learning_rate': '0.0001398', 'entropy': '0.1659', 'num_tokens': '6.114e+06', 'mean_token_accuracy': '0.9442', 'epoch': '0.602'}
{'loss': '0.2509', 'grad_norm': '0.3902', 'learning_rate': '0.0001397', 'entropy': '0.2483', 'num_tokens': '6.148e+06', 'mean_token_accuracy': '0.9185', 'epoch': '0.6031'}
{'loss': '0.1622', 'grad_norm': '0.4657', 'learning_rate': '0.0001396', 'entropy': '0.1541', 'num_tokens': '6.183e+06', 'mean_token_accuracy': '0.9487', 'epoch': '0.6042'}
{'loss': '0.1896', 'grad_norm': '0.2055', 'learning_rate': '0.0001395', 'entropy': '0.2137', 'num_tokens': '6.224e+06', 'mean_token_accuracy': '0.928', 'epoch': '0.6052'}
{'loss': '0.1695', 'grad_norm': '0.2108', 'learning_rate': '0.0001394', 'entropy': '0.1707', 'num_tokens': '6.255e+06', 'mean_token_accuracy': '0.9454', 'epoch': '0.6063'}
{'loss': '0.1703', 'grad_norm': '0.2417', 'learning_rate': '0.0001393', 'entropy': '0.179', 'num_tokens': '6.292e+06', 'mean_token_accuracy': '0.9409', 'epoch': '0.6073'}
{'loss': '0.2557', 'grad_norm': '0.2127', 'learning_rate': '0.0001392', 'entropy': '0.2307', 'num_tokens': '6.329e+06', 'mean_token_accuracy': '0.9246', 'epoch': '0.6084'}
{'loss': '0.2102', 'grad_norm': '0.1797', 'learning_rate': '0.0001391', 'entropy': '0.206', 'num_tokens': '6.361e+06', 'mean_token_accuracy': '0.9311', 'epoch': '0.6095'}
{'loss': '0.2212', 'grad_norm': '0.3413', 'learning_rate': '0.000139', 'entropy': '0.2076', 'num_tokens': '6.397e+06', 'mean_token_accuracy': '0.9285', 'epoch': '0.6105'}
{'loss': '0.2166', 'grad_norm': '0.4058', 'learning_rate': '0.0001389', 'entropy': '0.2112', 'num_tokens': '6.429e+06', 'mean_token_accuracy': '0.9326', 'epoch': '0.6116'}
{'loss': '0.2273', 'grad_norm': '0.3282', 'learning_rate': '0.0001387', 'entropy': '0.203', 'num_tokens': '6.465e+06', 'mean_token_accuracy': '0.9317', 'epoch': '0.6127'}
{'loss': '0.2314', 'grad_norm': '0.2849', 'learning_rate': '0.0001386', 'entropy': '0.2246', 'num_tokens': '6.498e+06', 'mean_token_accuracy': '0.9279', 'epoch': '0.6137'}
{'loss': '0.2008', 'grad_norm': '0.5445', 'learning_rate': '0.0001385', 'entropy': '0.1979', 'num_tokens': '6.536e+06', 'mean_token_accuracy': '0.9335', 'epoch': '0.6148'}
{'loss': '0.2015', 'grad_norm': '0.2874', 'learning_rate': '0.0001384', 'entropy': '0.1922', 'num_tokens': '6.564e+06', 'mean_token_accuracy': '0.9366', 'epoch': '0.6158'}
{'loss': '0.234', 'grad_norm': '0.6205', 'learning_rate': '0.0001383', 'entropy': '0.2313', 'num_tokens': '6.6e+06', 'mean_token_accuracy': '0.9228', 'epoch': '0.6169'}
{'loss': '0.2656', 'grad_norm': '0.1963', 'learning_rate': '0.0001382', 'entropy': '0.2724', 'num_tokens': '6.635e+06', 'mean_token_accuracy': '0.9157', 'epoch': '0.618'}
{'loss': '0.204', 'grad_norm': '0.3224', 'learning_rate': '0.0001381', 'entropy': '0.1985', 'num_tokens': '6.664e+06', 'mean_token_accuracy': '0.9312', 'epoch': '0.619'}
{'loss': '0.2222', 'grad_norm': '0.2975', 'learning_rate': '0.000138', 'entropy': '0.2176', 'num_tokens': '6.694e+06', 'mean_token_accuracy': '0.9275', 'epoch': '0.6201'}
{'loss': '0.2161', 'grad_norm': '0.2505', 'learning_rate': '0.0001379', 'entropy': '0.2039', 'num_tokens': '6.73e+06', 'mean_token_accuracy': '0.9332', 'epoch': '0.6212'}
{'loss': '0.1983', 'grad_norm': '0.2295', 'learning_rate': '0.0001378', 'entropy': '0.2018', 'num_tokens': '6.765e+06', 'mean_token_accuracy': '0.9356', 'epoch': '0.6222'}
{'loss': '0.1787', 'grad_norm': '0.1835', 'learning_rate': '0.0001377', 'entropy': '0.1764', 'num_tokens': '6.793e+06', 'mean_token_accuracy': '0.9395', 'epoch': '0.6233'}
{'loss': '0.2345', 'grad_norm': '0.215', 'learning_rate': '0.0001376', 'entropy': '0.2229', 'num_tokens': '6.824e+06', 'mean_token_accuracy': '0.9229', 'epoch': '0.6243'}
{'loss': '0.2625', 'grad_norm': '0.3737', 'learning_rate': '0.0001375', 'entropy': '0.2418', 'num_tokens': '6.855e+06', 'mean_token_accuracy': '0.9181', 'epoch': '0.6254'}
{'loss': '0.2282', 'grad_norm': '0.227', 'learning_rate': '0.0001374', 'entropy': '0.2337', 'num_tokens': '6.89e+06', 'mean_token_accuracy': '0.9223', 'epoch': '0.6265'}
{'loss': '0.2495', 'grad_norm': '0.4233', 'learning_rate': '0.0001373', 'entropy': '0.2301', 'num_tokens': '6.919e+06', 'mean_token_accuracy': '0.9229', 'epoch': '0.6275'}
{'loss': '0.2204', 'grad_norm': '0.2031', 'learning_rate': '0.0001372', 'entropy': '0.241', 'num_tokens': '6.953e+06', 'mean_token_accuracy': '0.9214', 'epoch': '0.6286'}
{'loss': '0.2116', 'grad_norm': '0.2717', 'learning_rate': '0.000137', 'entropy': '0.1911', 'num_tokens': '6.99e+06', 'mean_token_accuracy': '0.9321', 'epoch': '0.6296'}
{'loss': '0.1656', 'grad_norm': '0.1853', 'learning_rate': '0.0001369', 'entropy': '0.1625', 'num_tokens': '7.026e+06', 'mean_token_accuracy': '0.946', 'epoch': '0.6307'}
{'loss': '0.2189', 'grad_norm': '0.2495', 'learning_rate': '0.0001368', 'entropy': '0.2261', 'num_tokens': '7.064e+06', 'mean_token_accuracy': '0.9252', 'epoch': '0.6318'}
{'loss': '0.1796', 'grad_norm': '0.1228', 'learning_rate': '0.0001367', 'entropy': '0.1806', 'num_tokens': '7.093e+06', 'mean_token_accuracy': '0.9415', 'epoch': '0.6328'}
{'loss': '0.2198', 'grad_norm': '0.2698', 'learning_rate': '0.0001366', 'entropy': '0.2031', 'num_tokens': '7.125e+06', 'mean_token_accuracy': '0.9284', 'epoch': '0.6339'}
{'loss': '0.2401', 'grad_norm': '0.1789', 'learning_rate': '0.0001365', 'entropy': '0.2313', 'num_tokens': '7.168e+06', 'mean_token_accuracy': '0.9233', 'epoch': '0.635'}
{'loss': '0.2336', 'grad_norm': '0.2624', 'learning_rate': '0.0001364', 'entropy': '0.2491', 'num_tokens': '7.203e+06', 'mean_token_accuracy': '0.9193', 'epoch': '0.636'}
{'loss': '0.2194', 'grad_norm': '0.3048', 'learning_rate': '0.0001363', 'entropy': '0.2015', 'num_tokens': '7.239e+06', 'mean_token_accuracy': '0.9351', 'epoch': '0.6371'}
{'loss': '0.2058', 'grad_norm': '0.2104', 'learning_rate': '0.0001362', 'entropy': '0.1994', 'num_tokens': '7.277e+06', 'mean_token_accuracy': '0.933', 'epoch': '0.6381'}
{'loss': '0.216', 'grad_norm': '0.2333', 'learning_rate': '0.0001361', 'entropy': '0.22', 'num_tokens': '7.318e+06', 'mean_token_accuracy': '0.9287', 'epoch': '0.6392'}
{'loss': '0.1807', 'grad_norm': '0.3302', 'learning_rate': '0.000136', 'entropy': '0.1846', 'num_tokens': '7.349e+06', 'mean_token_accuracy': '0.935', 'epoch': '0.6403'}
{'loss': '0.2317', 'grad_norm': '0.2512', 'learning_rate': '0.0001359', 'entropy': '0.2247', 'num_tokens': '7.386e+06', 'mean_token_accuracy': '0.9277', 'epoch': '0.6413'}
{'loss': '0.1476', 'grad_norm': '0.8607', 'learning_rate': '0.0001358', 'entropy': '0.1619', 'num_tokens': '7.415e+06', 'mean_token_accuracy': '0.9476', 'epoch': '0.6424'}
{'loss': '0.2173', 'grad_norm': '0.3364', 'learning_rate': '0.0001357', 'entropy': '0.2196', 'num_tokens': '7.448e+06', 'mean_token_accuracy': '0.9253', 'epoch': '0.6434'}
{'loss': '0.182', 'grad_norm': '0.2328', 'learning_rate': '0.0001356', 'entropy': '0.1993', 'num_tokens': '7.483e+06', 'mean_token_accuracy': '0.9381', 'epoch': '0.6445'}
{'loss': '0.1921', 'grad_norm': '0.5326', 'learning_rate': '0.0001355', 'entropy': '0.1911', 'num_tokens': '7.521e+06', 'mean_token_accuracy': '0.9349', 'epoch': '0.6456'}
{'loss': '0.2268', 'grad_norm': '0.3481', 'learning_rate': '0.0001353', 'entropy': '0.2275', 'num_tokens': '7.553e+06', 'mean_token_accuracy': '0.9232', 'epoch': '0.6466'}
{'loss': '0.1801', 'grad_norm': '0.2318', 'learning_rate': '0.0001352', 'entropy': '0.1767', 'num_tokens': '7.587e+06', 'mean_token_accuracy': '0.9411', 'epoch': '0.6477'}
{'loss': '0.2148', 'grad_norm': '0.5043', 'learning_rate': '0.0001351', 'entropy': '0.2189', 'num_tokens': '7.615e+06', 'mean_token_accuracy': '0.9275', 'epoch': '0.6488'}
{'loss': '0.1897', 'grad_norm': '0.1963', 'learning_rate': '0.000135', 'entropy': '0.1918', 'num_tokens': '7.644e+06', 'mean_token_accuracy': '0.9356', 'epoch': '0.6498'}
{'loss': '0.179', 'grad_norm': '0.1999', 'learning_rate': '0.0001349', 'entropy': '0.1762', 'num_tokens': '7.676e+06', 'mean_token_accuracy': '0.94', 'epoch': '0.6509'}
{'loss': '0.2069', 'grad_norm': '0.4478', 'learning_rate': '0.0001348', 'entropy': '0.2064', 'num_tokens': '7.713e+06', 'mean_token_accuracy': '0.9332', 'epoch': '0.6519'}
{'loss': '0.2071', 'grad_norm': '0.1679', 'learning_rate': '0.0001347', 'entropy': '0.2053', 'num_tokens': '7.748e+06', 'mean_token_accuracy': '0.9334', 'epoch': '0.653'}
{'loss': '0.2158', 'grad_norm': '0.2568', 'learning_rate': '0.0001346', 'entropy': '0.2246', 'num_tokens': '7.777e+06', 'mean_token_accuracy': '0.9276', 'epoch': '0.6541'}
{'loss': '0.1489', 'grad_norm': '0.2466', 'learning_rate': '0.0001345', 'entropy': '0.1682', 'num_tokens': '7.817e+06', 'mean_token_accuracy': '0.9412', 'epoch': '0.6551'}
{'loss': '0.199', 'grad_norm': '0.1897', 'learning_rate': '0.0001344', 'entropy': '0.1979', 'num_tokens': '7.848e+06', 'mean_token_accuracy': '0.9333', 'epoch': '0.6562'}
{'loss': '0.1779', 'grad_norm': '0.2692', 'learning_rate': '0.0001343', 'entropy': '0.1893', 'num_tokens': '7.888e+06', 'mean_token_accuracy': '0.9361', 'epoch': '0.6573'}
{'loss': '0.193', 'grad_norm': '0.3713', 'learning_rate': '0.0001342', 'entropy': '0.2058', 'num_tokens': '7.92e+06', 'mean_token_accuracy': '0.9339', 'epoch': '0.6583'}
{'loss': '0.2192', 'grad_norm': '0.3317', 'learning_rate': '0.0001341', 'entropy': '0.2115', 'num_tokens': '7.958e+06', 'mean_token_accuracy': '0.9281', 'epoch': '0.6594'}
{'loss': '0.1749', 'grad_norm': '0.2214', 'learning_rate': '0.000134', 'entropy': '0.1811', 'num_tokens': '7.988e+06', 'mean_token_accuracy': '0.9408', 'epoch': '0.6604'}
{'loss': '0.2266', 'grad_norm': '0.2427', 'learning_rate': '0.0001339', 'entropy': '0.2177', 'num_tokens': '8.021e+06', 'mean_token_accuracy': '0.9269', 'epoch': '0.6615'}
{'loss': '0.1829', 'grad_norm': '0.284', 'learning_rate': '0.0001338', 'entropy': '0.1694', 'num_tokens': '8.054e+06', 'mean_token_accuracy': '0.9427', 'epoch': '0.6626'}
{'loss': '0.2059', 'grad_norm': '0.1561', 'learning_rate': '0.0001336', 'entropy': '0.2036', 'num_tokens': '8.091e+06', 'mean_token_accuracy': '0.9296', 'epoch': '0.6636'}
{'loss': '0.2075', 'grad_norm': '0.2764', 'learning_rate': '0.0001335', 'entropy': '0.2083', 'num_tokens': '8.131e+06', 'mean_token_accuracy': '0.9313', 'epoch': '0.6647'}
{'loss': '0.1739', 'grad_norm': '0.3806', 'learning_rate': '0.0001334', 'entropy': '0.1758', 'num_tokens': '8.163e+06', 'mean_token_accuracy': '0.943', 'epoch': '0.6657'}
{'loss': '0.2425', 'grad_norm': '0.5532', 'learning_rate': '0.0001333', 'entropy': '0.2503', 'num_tokens': '8.196e+06', 'mean_token_accuracy': '0.9159', 'epoch': '0.6668'}
{'loss': '0.1574', 'grad_norm': '0.1843', 'learning_rate': '0.0001332', 'entropy': '0.1782', 'num_tokens': '8.23e+06', 'mean_token_accuracy': '0.9392', 'epoch': '0.6679'}
{'loss': '0.2226', 'grad_norm': '0.1656', 'learning_rate': '0.0001331', 'entropy': '0.2209', 'num_tokens': '8.263e+06', 'mean_token_accuracy': '0.9259', 'epoch': '0.6689'}
{'loss': '0.2148', 'grad_norm': '0.1683', 'learning_rate': '0.000133', 'entropy': '0.211', 'num_tokens': '8.306e+06', 'mean_token_accuracy': '0.9258', 'epoch': '0.67'}
{'loss': '0.2013', 'grad_norm': '0.178', 'learning_rate': '0.0001329', 'entropy': '0.1899', 'num_tokens': '8.338e+06', 'mean_token_accuracy': '0.9352', 'epoch': '0.6711'}
{'loss': '0.1809', 'grad_norm': '0.2812', 'learning_rate': '0.0001328', 'entropy': '0.1896', 'num_tokens': '8.364e+06', 'mean_token_accuracy': '0.9372', 'epoch': '0.6721'}
{'loss': '0.2039', 'grad_norm': '0.4675', 'learning_rate': '0.0001327', 'entropy': '0.217', 'num_tokens': '8.394e+06', 'mean_token_accuracy': '0.9222', 'epoch': '0.6732'}
{'loss': '0.2074', 'grad_norm': '0.2052', 'learning_rate': '0.0001326', 'entropy': '0.2194', 'num_tokens': '8.433e+06', 'mean_token_accuracy': '0.9301', 'epoch': '0.6742'}
{'loss': '0.2832', 'grad_norm': '0.4155', 'learning_rate': '0.0001325', 'entropy': '0.2629', 'num_tokens': '8.466e+06', 'mean_token_accuracy': '0.9123', 'epoch': '0.6753'}
{'loss': '0.1617', 'grad_norm': '0.2902', 'learning_rate': '0.0001324', 'entropy': '0.1672', 'num_tokens': '8.502e+06', 'mean_token_accuracy': '0.9464', 'epoch': '0.6764'}
{'loss': '0.201', 'grad_norm': '0.2045', 'learning_rate': '0.0001323', 'entropy': '0.2026', 'num_tokens': '8.537e+06', 'mean_token_accuracy': '0.9301', 'epoch': '0.6774'}
{'loss': '0.2312', 'grad_norm': '0.2639', 'learning_rate': '0.0001322', 'entropy': '0.2365', 'num_tokens': '8.579e+06', 'mean_token_accuracy': '0.9223', 'epoch': '0.6785'}
{'loss': '0.1873', 'grad_norm': '0.2221', 'learning_rate': '0.0001321', 'entropy': '0.1823', 'num_tokens': '8.62e+06', 'mean_token_accuracy': '0.9381', 'epoch': '0.6795'}
{'loss': '0.2036', 'grad_norm': '0.2596', 'learning_rate': '0.0001319', 'entropy': '0.2215', 'num_tokens': '8.652e+06', 'mean_token_accuracy': '0.9332', 'epoch': '0.6806'}
{'loss': '0.1984', 'grad_norm': '0.1455', 'learning_rate': '0.0001318', 'entropy': '0.1974', 'num_tokens': '8.694e+06', 'mean_token_accuracy': '0.9359', 'epoch': '0.6817'}
{'loss': '0.1796', 'grad_norm': '0.6315', 'learning_rate': '0.0001317', 'entropy': '0.1915', 'num_tokens': '8.727e+06', 'mean_token_accuracy': '0.9338', 'epoch': '0.6827'}
{'loss': '0.1993', 'grad_norm': '0.1904', 'learning_rate': '0.0001316', 'entropy': '0.1922', 'num_tokens': '8.767e+06', 'mean_token_accuracy': '0.9358', 'epoch': '0.6838'}
{'loss': '0.216', 'grad_norm': '0.1598', 'learning_rate': '0.0001315', 'entropy': '0.2101', 'num_tokens': '8.805e+06', 'mean_token_accuracy': '0.9334', 'epoch': '0.6849'}
{'loss': '0.2088', 'grad_norm': '0.1745', 'learning_rate': '0.0001314', 'entropy': '0.1824', 'num_tokens': '8.843e+06', 'mean_token_accuracy': '0.9341', 'epoch': '0.6859'}
{'loss': '0.2082', 'grad_norm': '0.2336', 'learning_rate': '0.0001313', 'entropy': '0.2117', 'num_tokens': '8.876e+06', 'mean_token_accuracy': '0.9333', 'epoch': '0.687'}
{'loss': '0.1801', 'grad_norm': '0.2095', 'learning_rate': '0.0001312', 'entropy': '0.179', 'num_tokens': '8.906e+06', 'mean_token_accuracy': '0.9395', 'epoch': '0.688'}
{'loss': '0.1585', 'grad_norm': '0.1864', 'learning_rate': '0.0001311', 'entropy': '0.156', 'num_tokens': '8.943e+06', 'mean_token_accuracy': '0.9491', 'epoch': '0.6891'}
{'loss': '0.2164', 'grad_norm': '0.2647', 'learning_rate': '0.000131', 'entropy': '0.2144', 'num_tokens': '8.973e+06', 'mean_token_accuracy': '0.9302', 'epoch': '0.6902'}
{'loss': '0.1562', 'grad_norm': '0.1853', 'learning_rate': '0.0001309', 'entropy': '0.168', 'num_tokens': '9.005e+06', 'mean_token_accuracy': '0.9413', 'epoch': '0.6912'}
{'loss': '0.1912', 'grad_norm': '0.2347', 'learning_rate': '0.0001308', 'entropy': '0.1862', 'num_tokens': '9.032e+06', 'mean_token_accuracy': '0.9379', 'epoch': '0.6923'}
{'loss': '0.197', 'grad_norm': '0.202', 'learning_rate': '0.0001307', 'entropy': '0.1788', 'num_tokens': '9.07e+06', 'mean_token_accuracy': '0.9375', 'epoch': '0.6934'}
{'loss': '0.1953', 'grad_norm': '0.2491', 'learning_rate': '0.0001306', 'entropy': '0.2105', 'num_tokens': '9.104e+06', 'mean_token_accuracy': '0.9356', 'epoch': '0.6944'}
{'loss': '0.2047', 'grad_norm': '0.1861', 'learning_rate': '0.0001305', 'entropy': '0.2137', 'num_tokens': '9.139e+06', 'mean_token_accuracy': '0.9305', 'epoch': '0.6955'}
{'loss': '0.1785', 'grad_norm': '0.3043', 'learning_rate': '0.0001304', 'entropy': '0.188', 'num_tokens': '9.17e+06', 'mean_token_accuracy': '0.9375', 'epoch': '0.6965'}
{'loss': '0.1716', 'grad_norm': '0.3044', 'learning_rate': '0.0001303', 'entropy': '0.1807', 'num_tokens': '9.2e+06', 'mean_token_accuracy': '0.9389', 'epoch': '0.6976'}
{'loss': '0.1999', 'grad_norm': '0.203', 'learning_rate': '0.0001301', 'entropy': '0.191', 'num_tokens': '9.237e+06', 'mean_token_accuracy': '0.9373', 'epoch': '0.6987'}
{'loss': '0.2299', 'grad_norm': '0.1754', 'learning_rate': '0.00013', 'entropy': '0.2126', 'num_tokens': '9.273e+06', 'mean_token_accuracy': '0.9277', 'epoch': '0.6997'}
{'loss': '0.192', 'grad_norm': '0.3336', 'learning_rate': '0.0001299', 'entropy': '0.1708', 'num_tokens': '9.3e+06', 'mean_token_accuracy': '0.9435', 'epoch': '0.7008'}
{'loss': '0.2915', 'grad_norm': '0.2078', 'learning_rate': '0.0001298', 'entropy': '0.2589', 'num_tokens': '9.339e+06', 'mean_token_accuracy': '0.9146', 'epoch': '0.7018'}
{'loss': '0.1626', 'grad_norm': '0.2281', 'learning_rate': '0.0001297', 'entropy': '0.1743', 'num_tokens': '9.375e+06', 'mean_token_accuracy': '0.9459', 'epoch': '0.7029'}
{'loss': '0.2633', 'grad_norm': '0.1862', 'learning_rate': '0.0001296', 'entropy': '0.2478', 'num_tokens': '9.407e+06', 'mean_token_accuracy': '0.918', 'epoch': '0.704'}
{'loss': '0.1871', 'grad_norm': '0.3692', 'learning_rate': '0.0001295', 'entropy': '0.1849', 'num_tokens': '9.44e+06', 'mean_token_accuracy': '0.9383', 'epoch': '0.705'}
{'loss': '0.206', 'grad_norm': '0.2179', 'learning_rate': '0.0001294', 'entropy': '0.1888', 'num_tokens': '9.474e+06', 'mean_token_accuracy': '0.9386', 'epoch': '0.7061'}
{'loss': '0.1988', 'grad_norm': '0.3523', 'learning_rate': '0.0001293', 'entropy': '0.2033', 'num_tokens': '9.512e+06', 'mean_token_accuracy': '0.933', 'epoch': '0.7072'}
{'loss': '0.2271', 'grad_norm': '0.2494', 'learning_rate': '0.0001292', 'entropy': '0.2236', 'num_tokens': '9.55e+06', 'mean_token_accuracy': '0.9252', 'epoch': '0.7082'}
{'loss': '0.1847', 'grad_norm': '0.4006', 'learning_rate': '0.0001291', 'entropy': '0.1908', 'num_tokens': '9.583e+06', 'mean_token_accuracy': '0.9394', 'epoch': '0.7093'}
{'loss': '0.1907', 'grad_norm': '0.1608', 'learning_rate': '0.000129', 'entropy': '0.1818', 'num_tokens': '9.622e+06', 'mean_token_accuracy': '0.9391', 'epoch': '0.7103'}
{'loss': '0.2045', 'grad_norm': '0.2467', 'learning_rate': '0.0001289', 'entropy': '0.2036', 'num_tokens': '9.654e+06', 'mean_token_accuracy': '0.931', 'epoch': '0.7114'}
{'loss': '0.1854', 'grad_norm': '0.2175', 'learning_rate': '0.0001288', 'entropy': '0.1717', 'num_tokens': '9.691e+06', 'mean_token_accuracy': '0.943', 'epoch': '0.7125'}
{'loss': '0.2239', 'grad_norm': '0.2641', 'learning_rate': '0.0001287', 'entropy': '0.2147', 'num_tokens': '9.721e+06', 'mean_token_accuracy': '0.9343', 'epoch': '0.7135'}
{'loss': '0.1785', 'grad_norm': '0.1831', 'learning_rate': '0.0001286', 'entropy': '0.1861', 'num_tokens': '9.759e+06', 'mean_token_accuracy': '0.9402', 'epoch': '0.7146'}
{'loss': '0.235', 'grad_norm': '0.6327', 'learning_rate': '0.0001284', 'entropy': '0.2365', 'num_tokens': '9.791e+06', 'mean_token_accuracy': '0.9173', 'epoch': '0.7157'}
{'loss': '0.2008', 'grad_norm': '0.2251', 'learning_rate': '0.0001283', 'entropy': '0.194', 'num_tokens': '9.821e+06', 'mean_token_accuracy': '0.9345', 'epoch': '0.7167'}
{'loss': '0.2008', 'grad_norm': '0.2466', 'learning_rate': '0.0001282', 'entropy': '0.1959', 'num_tokens': '9.857e+06', 'mean_token_accuracy': '0.9366', 'epoch': '0.7178'}
{'loss': '0.1585', 'grad_norm': '0.2579', 'learning_rate': '0.0001281', 'entropy': '0.1563', 'num_tokens': '9.895e+06', 'mean_token_accuracy': '0.9462', 'epoch': '0.7188'}
{'loss': '0.232', 'grad_norm': '0.248', 'learning_rate': '0.000128', 'entropy': '0.2068', 'num_tokens': '9.943e+06', 'mean_token_accuracy': '0.9292', 'epoch': '0.7199'}
{'loss': '0.2409', 'grad_norm': '0.306', 'learning_rate': '0.0001279', 'entropy': '0.2299', 'num_tokens': '9.973e+06', 'mean_token_accuracy': '0.9234', 'epoch': '0.721'}
{'loss': '0.2344', 'grad_norm': '0.3628', 'learning_rate': '0.0001278', 'entropy': '0.235', 'num_tokens': '1.001e+07', 'mean_token_accuracy': '0.9217', 'epoch': '0.722'}
{'loss': '0.2751', 'grad_norm': '0.3439', 'learning_rate': '0.0001277', 'entropy': '0.2416', 'num_tokens': '1.004e+07', 'mean_token_accuracy': '0.9218', 'epoch': '0.7231'}
{'loss': '0.142', 'grad_norm': '0.189', 'learning_rate': '0.0001276', 'entropy': '0.1575', 'num_tokens': '1.007e+07', 'mean_token_accuracy': '0.9462', 'epoch': '0.7241'}
{'loss': '0.1808', 'grad_norm': '0.3357', 'learning_rate': '0.0001275', 'entropy': '0.184', 'num_tokens': '1.011e+07', 'mean_token_accuracy': '0.9385', 'epoch': '0.7252'}
{'loss': '0.1662', 'grad_norm': '0.2513', 'learning_rate': '0.0001274', 'entropy': '0.1854', 'num_tokens': '1.014e+07', 'mean_token_accuracy': '0.938', 'epoch': '0.7263'}
{'loss': '0.1803', 'grad_norm': '0.2674', 'learning_rate': '0.0001273', 'entropy': '0.1673', 'num_tokens': '1.017e+07', 'mean_token_accuracy': '0.941', 'epoch': '0.7273'}
{'loss': '0.2024', 'grad_norm': '0.1594', 'learning_rate': '0.0001272', 'entropy': '0.1943', 'num_tokens': '1.021e+07', 'mean_token_accuracy': '0.9347', 'epoch': '0.7284'}
{'loss': '0.1876', 'grad_norm': '0.1287', 'learning_rate': '0.0001271', 'entropy': '0.1952', 'num_tokens': '1.025e+07', 'mean_token_accuracy': '0.935', 'epoch': '0.7295'}
{'loss': '0.1744', 'grad_norm': '0.2792', 'learning_rate': '0.000127', 'entropy': '0.1964', 'num_tokens': '1.027e+07', 'mean_token_accuracy': '0.9314', 'epoch': '0.7305'}
{'loss': '0.1452', 'grad_norm': '0.1891', 'learning_rate': '0.0001269', 'entropy': '0.1517', 'num_tokens': '1.031e+07', 'mean_token_accuracy': '0.9497', 'epoch': '0.7316'}
{'loss': '0.172', 'grad_norm': '0.4008', 'learning_rate': '0.0001267', 'entropy': '0.1734', 'num_tokens': '1.034e+07', 'mean_token_accuracy': '0.94', 'epoch': '0.7326'}
{'loss': '0.1831', 'grad_norm': '0.394', 'learning_rate': '0.0001266', 'entropy': '0.176', 'num_tokens': '1.037e+07', 'mean_token_accuracy': '0.9399', 'epoch': '0.7337'}
{'loss': '0.1811', 'grad_norm': '0.2541', 'learning_rate': '0.0001265', 'entropy': '0.1982', 'num_tokens': '1.04e+07', 'mean_token_accuracy': '0.9312', 'epoch': '0.7348'}
{'loss': '0.2272', 'grad_norm': '0.1101', 'learning_rate': '0.0001264', 'entropy': '0.2136', 'num_tokens': '1.044e+07', 'mean_token_accuracy': '0.9314', 'epoch': '0.7358'}
{'loss': '0.1725', 'grad_norm': '0.1958', 'learning_rate': '0.0001263', 'entropy': '0.1997', 'num_tokens': '1.048e+07', 'mean_token_accuracy': '0.9371', 'epoch': '0.7369'}
{'loss': '0.1771', 'grad_norm': '0.1196', 'learning_rate': '0.0001262', 'entropy': '0.1929', 'num_tokens': '1.051e+07', 'mean_token_accuracy': '0.9361', 'epoch': '0.7379'}
{'loss': '0.2575', 'grad_norm': '0.2679', 'learning_rate': '0.0001261', 'entropy': '0.257', 'num_tokens': '1.055e+07', 'mean_token_accuracy': '0.9142', 'epoch': '0.739'}
{'loss': '0.186', 'grad_norm': '0.1911', 'learning_rate': '0.000126', 'entropy': '0.2075', 'num_tokens': '1.057e+07', 'mean_token_accuracy': '0.9252', 'epoch': '0.7401'}
{'loss': '0.2367', 'grad_norm': '0.3448', 'learning_rate': '0.0001259', 'entropy': '0.2184', 'num_tokens': '1.061e+07', 'mean_token_accuracy': '0.9252', 'epoch': '0.7411'}
{'loss': '0.1817', 'grad_norm': '0.114', 'learning_rate': '0.0001258', 'entropy': '0.2016', 'num_tokens': '1.065e+07', 'mean_token_accuracy': '0.9366', 'epoch': '0.7422'}
{'loss': '0.2233', 'grad_norm': '0.2138', 'learning_rate': '0.0001257', 'entropy': '0.2381', 'num_tokens': '1.069e+07', 'mean_token_accuracy': '0.9248', 'epoch': '0.7433'}
{'loss': '0.1808', 'grad_norm': '0.3476', 'learning_rate': '0.0001256', 'entropy': '0.1878', 'num_tokens': '1.072e+07', 'mean_token_accuracy': '0.9352', 'epoch': '0.7443'}
{'loss': '0.1953', 'grad_norm': '0.2679', 'learning_rate': '0.0001255', 'entropy': '0.1941', 'num_tokens': '1.076e+07', 'mean_token_accuracy': '0.9342', 'epoch': '0.7454'}
{'loss': '0.2096', 'grad_norm': '0.2442', 'learning_rate': '0.0001254', 'entropy': '0.1815', 'num_tokens': '1.08e+07', 'mean_token_accuracy': '0.9352', 'epoch': '0.7464'}
{'loss': '0.1975', 'grad_norm': '0.1808', 'learning_rate': '0.0001253', 'entropy': '0.2081', 'num_tokens': '1.084e+07', 'mean_token_accuracy': '0.932', 'epoch': '0.7475'}
{'loss': '0.1941', 'grad_norm': '0.2694', 'learning_rate': '0.0001252', 'entropy': '0.1977', 'num_tokens': '1.087e+07', 'mean_token_accuracy': '0.9347', 'epoch': '0.7486'}
{'loss': '0.2245', 'grad_norm': '0.2556', 'learning_rate': '0.000125', 'entropy': '0.209', 'num_tokens': '1.09e+07', 'mean_token_accuracy': '0.9331', 'epoch': '0.7496'}
{'loss': '0.1844', 'grad_norm': '0.2499', 'learning_rate': '0.0001249', 'entropy': '0.1926', 'num_tokens': '1.095e+07', 'mean_token_accuracy': '0.9372', 'epoch': '0.7507'}
{'loss': '0.202', 'grad_norm': '0.2816', 'learning_rate': '0.0001248', 'entropy': '0.202', 'num_tokens': '1.098e+07', 'mean_token_accuracy': '0.9328', 'epoch': '0.7518'}
{'loss': '0.1962', 'grad_norm': '0.2542', 'learning_rate': '0.0001247', 'entropy': '0.1949', 'num_tokens': '1.101e+07', 'mean_token_accuracy': '0.9375', 'epoch': '0.7528'}
{'loss': '0.1973', 'grad_norm': '0.2145', 'learning_rate': '0.0001246', 'entropy': '0.195', 'num_tokens': '1.105e+07', 'mean_token_accuracy': '0.9318', 'epoch': '0.7539'}
{'loss': '0.2054', 'grad_norm': '0.1633', 'learning_rate': '0.0001245', 'entropy': '0.2134', 'num_tokens': '1.108e+07', 'mean_token_accuracy': '0.933', 'epoch': '0.7549'}
{'loss': '0.2117', 'grad_norm': '0.2318', 'learning_rate': '0.0001244', 'entropy': '0.2244', 'num_tokens': '1.113e+07', 'mean_token_accuracy': '0.9259', 'epoch': '0.756'}
{'loss': '0.2144', 'grad_norm': '0.2497', 'learning_rate': '0.0001243', 'entropy': '0.2024', 'num_tokens': '1.116e+07', 'mean_token_accuracy': '0.9305', 'epoch': '0.7571'}
{'loss': '0.1859', 'grad_norm': '0.3176', 'learning_rate': '0.0001242', 'entropy': '0.199', 'num_tokens': '1.12e+07', 'mean_token_accuracy': '0.9337', 'epoch': '0.7581'}
{'loss': '0.1883', 'grad_norm': '0.2265', 'learning_rate': '0.0001241', 'entropy': '0.1837', 'num_tokens': '1.123e+07', 'mean_token_accuracy': '0.9352', 'epoch': '0.7592'}
{'loss': '0.2164', 'grad_norm': '0.6199', 'learning_rate': '0.000124', 'entropy': '0.1978', 'num_tokens': '1.127e+07', 'mean_token_accuracy': '0.932', 'epoch': '0.7602'}
{'loss': '0.1754', 'grad_norm': '0.1434', 'learning_rate': '0.0001239', 'entropy': '0.1939', 'num_tokens': '1.131e+07', 'mean_token_accuracy': '0.9357', 'epoch': '0.7613'}
{'loss': '0.2112', 'grad_norm': '0.2328', 'learning_rate': '0.0001238', 'entropy': '0.235', 'num_tokens': '1.134e+07', 'mean_token_accuracy': '0.9227', 'epoch': '0.7624'}
{'loss': '0.2198', 'grad_norm': '0.2654', 'learning_rate': '0.0001237', 'entropy': '0.2095', 'num_tokens': '1.138e+07', 'mean_token_accuracy': '0.9312', 'epoch': '0.7634'}
{'loss': '0.1504', 'grad_norm': '0.3754', 'learning_rate': '0.0001236', 'entropy': '0.1487', 'num_tokens': '1.141e+07', 'mean_token_accuracy': '0.9514', 'epoch': '0.7645'}
{'loss': '0.1934', 'grad_norm': '0.3174', 'learning_rate': '0.0001235', 'entropy': '0.1934', 'num_tokens': '1.144e+07', 'mean_token_accuracy': '0.9373', 'epoch': '0.7656'}
{'loss': '0.2234', 'grad_norm': '0.2638', 'learning_rate': '0.0001233', 'entropy': '0.219', 'num_tokens': '1.148e+07', 'mean_token_accuracy': '0.9285', 'epoch': '0.7666'}
{'loss': '0.1934', 'grad_norm': '0.1521', 'learning_rate': '0.0001232', 'entropy': '0.185', 'num_tokens': '1.151e+07', 'mean_token_accuracy': '0.9376', 'epoch': '0.7677'}
{'loss': '0.1825', 'grad_norm': '0.1802', 'learning_rate': '0.0001231', 'entropy': '0.1903', 'num_tokens': '1.155e+07', 'mean_token_accuracy': '0.9371', 'epoch': '0.7687'}
{'loss': '0.1825', 'grad_norm': '0.4254', 'learning_rate': '0.000123', 'entropy': '0.1726', 'num_tokens': '1.158e+07', 'mean_token_accuracy': '0.9383', 'epoch': '0.7698'}
{'loss': '0.172', 'grad_norm': '0.1952', 'learning_rate': '0.0001229', 'entropy': '0.1706', 'num_tokens': '1.161e+07', 'mean_token_accuracy': '0.9437', 'epoch': '0.7709'}
{'loss': '0.2207', 'grad_norm': '0.1903', 'learning_rate': '0.0001228', 'entropy': '0.2237', 'num_tokens': '1.166e+07', 'mean_token_accuracy': '0.9278', 'epoch': '0.7719'}
{'loss': '0.1587', 'grad_norm': '0.3103', 'learning_rate': '0.0001227', 'entropy': '0.1722', 'num_tokens': '1.17e+07', 'mean_token_accuracy': '0.9436', 'epoch': '0.773'}
{'loss': '0.1912', 'grad_norm': '0.679', 'learning_rate': '0.0001226', 'entropy': '0.196', 'num_tokens': '1.173e+07', 'mean_token_accuracy': '0.9363', 'epoch': '0.774'}
{'loss': '0.2158', 'grad_norm': '0.236', 'learning_rate': '0.0001225', 'entropy': '0.1977', 'num_tokens': '1.176e+07', 'mean_token_accuracy': '0.9352', 'epoch': '0.7751'}
{'loss': '0.1962', 'grad_norm': '0.2585', 'learning_rate': '0.0001224', 'entropy': '0.1899', 'num_tokens': '1.18e+07', 'mean_token_accuracy': '0.9361', 'epoch': '0.7762'}
{'loss': '0.1828', 'grad_norm': '0.1822', 'learning_rate': '0.0001223', 'entropy': '0.1785', 'num_tokens': '1.184e+07', 'mean_token_accuracy': '0.9431', 'epoch': '0.7772'}
{'loss': '0.1832', 'grad_norm': '0.1788', 'learning_rate': '0.0001222', 'entropy': '0.1938', 'num_tokens': '1.187e+07', 'mean_token_accuracy': '0.9392', 'epoch': '0.7783'}
{'loss': '0.215', 'grad_norm': '0.1938', 'learning_rate': '0.0001221', 'entropy': '0.2029', 'num_tokens': '1.19e+07', 'mean_token_accuracy': '0.9326', 'epoch': '0.7794'}
{'loss': '0.1927', 'grad_norm': '0.2308', 'learning_rate': '0.000122', 'entropy': '0.1882', 'num_tokens': '1.194e+07', 'mean_token_accuracy': '0.9336', 'epoch': '0.7804'}
{'loss': '0.2007', 'grad_norm': '0.208', 'learning_rate': '0.0001219', 'entropy': '0.1843', 'num_tokens': '1.197e+07', 'mean_token_accuracy': '0.9388', 'epoch': '0.7815'}
{'loss': '0.1924', 'grad_norm': '0.2122', 'learning_rate': '0.0001218', 'entropy': '0.1732', 'num_tokens': '1.2e+07', 'mean_token_accuracy': '0.9413', 'epoch': '0.7825'}
{'loss': '0.1738', 'grad_norm': '0.2665', 'learning_rate': '0.0001217', 'entropy': '0.1747', 'num_tokens': '1.204e+07', 'mean_token_accuracy': '0.9399', 'epoch': '0.7836'}
{'loss': '0.2141', 'grad_norm': '0.2484', 'learning_rate': '0.0001215', 'entropy': '0.1987', 'num_tokens': '1.208e+07', 'mean_token_accuracy': '0.9292', 'epoch': '0.7847'}
{'loss': '0.1951', 'grad_norm': '0.1799', 'learning_rate': '0.0001214', 'entropy': '0.1993', 'num_tokens': '1.211e+07', 'mean_token_accuracy': '0.9345', 'epoch': '0.7857'}
{'loss': '0.2242', 'grad_norm': '0.1525', 'learning_rate': '0.0001213', 'entropy': '0.2098', 'num_tokens': '1.214e+07', 'mean_token_accuracy': '0.9296', 'epoch': '0.7868'}
{'loss': '0.2174', 'grad_norm': '0.331', 'learning_rate': '0.0001212', 'entropy': '0.2171', 'num_tokens': '1.217e+07', 'mean_token_accuracy': '0.9284', 'epoch': '0.7879'}
{'loss': '0.1654', 'grad_norm': '0.2216', 'learning_rate': '0.0001211', 'entropy': '0.1754', 'num_tokens': '1.221e+07', 'mean_token_accuracy': '0.9415', 'epoch': '0.7889'}
{'loss': '0.1514', 'grad_norm': '0.2639', 'learning_rate': '0.000121', 'entropy': '0.1624', 'num_tokens': '1.223e+07', 'mean_token_accuracy': '0.9416', 'epoch': '0.79'}
{'loss': '0.2024', 'grad_norm': '0.1766', 'learning_rate': '0.0001209', 'entropy': '0.2045', 'num_tokens': '1.227e+07', 'mean_token_accuracy': '0.9341', 'epoch': '0.791'}
{'loss': '0.2071', 'grad_norm': '0.2076', 'learning_rate': '0.0001208', 'entropy': '0.2001', 'num_tokens': '1.23e+07', 'mean_token_accuracy': '0.9342', 'epoch': '0.7921'}
{'loss': '0.1791', 'grad_norm': '0.2623', 'learning_rate': '0.0001207', 'entropy': '0.1845', 'num_tokens': '1.233e+07', 'mean_token_accuracy': '0.939', 'epoch': '0.7932'}
{'loss': '0.1549', 'grad_norm': '0.1538', 'learning_rate': '0.0001206', 'entropy': '0.1481', 'num_tokens': '1.237e+07', 'mean_token_accuracy': '0.9503', 'epoch': '0.7942'}
{'loss': '0.1595', 'grad_norm': '0.2007', 'learning_rate': '0.0001205', 'entropy': '0.1606', 'num_tokens': '1.241e+07', 'mean_token_accuracy': '0.94', 'epoch': '0.7953'}
{'loss': '0.1646', 'grad_norm': '0.1913', 'learning_rate': '0.0001204', 'entropy': '0.1621', 'num_tokens': '1.244e+07', 'mean_token_accuracy': '0.9439', 'epoch': '0.7963'}
{'loss': '0.1868', 'grad_norm': '0.1954', 'learning_rate': '0.0001203', 'entropy': '0.1777', 'num_tokens': '1.247e+07', 'mean_token_accuracy': '0.9397', 'epoch': '0.7974'}
{'loss': '0.1941', 'grad_norm': '0.2951', 'learning_rate': '0.0001202', 'entropy': '0.2121', 'num_tokens': '1.251e+07', 'mean_token_accuracy': '0.9308', 'epoch': '0.7985'}
{'loss': '0.2018', 'grad_norm': '0.2493', 'learning_rate': '0.0001201', 'entropy': '0.1888', 'num_tokens': '1.254e+07', 'mean_token_accuracy': '0.9357', 'epoch': '0.7995'}
{'loss': '0.1723', 'grad_norm': '0.1817', 'learning_rate': '0.00012', 'entropy': '0.1928', 'num_tokens': '1.258e+07', 'mean_token_accuracy': '0.9352', 'epoch': '0.8006'}
{'loss': '0.2648', 'grad_norm': '0.1958', 'learning_rate': '0.0001198', 'entropy': '0.2608', 'num_tokens': '1.261e+07', 'mean_token_accuracy': '0.9141', 'epoch': '0.8017'}
{'loss': '0.1657', 'grad_norm': '0.3911', 'learning_rate': '0.0001197', 'entropy': '0.1707', 'num_tokens': '1.265e+07', 'mean_token_accuracy': '0.9445', 'epoch': '0.8027'}
{'loss': '0.1937', 'grad_norm': '0.2077', 'learning_rate': '0.0001196', 'entropy': '0.1874', 'num_tokens': '1.268e+07', 'mean_token_accuracy': '0.9397', 'epoch': '0.8038'}
{'loss': '0.2062', 'grad_norm': '0.2478', 'learning_rate': '0.0001195', 'entropy': '0.1892', 'num_tokens': '1.271e+07', 'mean_token_accuracy': '0.9319', 'epoch': '0.8048'}
{'loss': '0.2233', 'grad_norm': '0.2356', 'learning_rate': '0.0001194', 'entropy': '0.2173', 'num_tokens': '1.275e+07', 'mean_token_accuracy': '0.9262', 'epoch': '0.8059'}
{'loss': '0.212', 'grad_norm': '0.4171', 'learning_rate': '0.0001193', 'entropy': '0.1972', 'num_tokens': '1.278e+07', 'mean_token_accuracy': '0.9357', 'epoch': '0.807'}
{'loss': '0.1784', 'grad_norm': '0.2211', 'learning_rate': '0.0001192', 'entropy': '0.1796', 'num_tokens': '1.281e+07', 'mean_token_accuracy': '0.9385', 'epoch': '0.808'}
{'loss': '0.2239', 'grad_norm': '0.2632', 'learning_rate': '0.0001191', 'entropy': '0.2192', 'num_tokens': '1.284e+07', 'mean_token_accuracy': '0.928', 'epoch': '0.8091'}
{'loss': '0.2052', 'grad_norm': '0.2731', 'learning_rate': '0.000119', 'entropy': '0.1771', 'num_tokens': '1.287e+07', 'mean_token_accuracy': '0.9432', 'epoch': '0.8102'}
{'loss': '0.1842', 'grad_norm': '0.3095', 'learning_rate': '0.0001189', 'entropy': '0.1726', 'num_tokens': '1.291e+07', 'mean_token_accuracy': '0.9436', 'epoch': '0.8112'}
{'loss': '0.2416', 'grad_norm': '0.1237', 'learning_rate': '0.0001188', 'entropy': '0.2452', 'num_tokens': '1.294e+07', 'mean_token_accuracy': '0.913', 'epoch': '0.8123'}
{'loss': '0.1897', 'grad_norm': '0.2816', 'learning_rate': '0.0001187', 'entropy': '0.1796', 'num_tokens': '1.297e+07', 'mean_token_accuracy': '0.9362', 'epoch': '0.8133'}
{'loss': '0.1822', 'grad_norm': '0.1443', 'learning_rate': '0.0001186', 'entropy': '0.1935', 'num_tokens': '1.301e+07', 'mean_token_accuracy': '0.9369', 'epoch': '0.8144'}
{'loss': '0.1814', 'grad_norm': '0.1566', 'learning_rate': '0.0001185', 'entropy': '0.1808', 'num_tokens': '1.304e+07', 'mean_token_accuracy': '0.9395', 'epoch': '0.8155'}
{'loss': '0.2809', 'grad_norm': '0.2489', 'learning_rate': '0.0001184', 'entropy': '0.2622', 'num_tokens': '1.307e+07', 'mean_token_accuracy': '0.9105', 'epoch': '0.8165'}
{'loss': '0.1681', 'grad_norm': '0.2764', 'learning_rate': '0.0001183', 'entropy': '0.1805', 'num_tokens': '1.31e+07', 'mean_token_accuracy': '0.9443', 'epoch': '0.8176'}
{'loss': '0.1829', 'grad_norm': '0.2169', 'learning_rate': '0.0001181', 'entropy': '0.1757', 'num_tokens': '1.314e+07', 'mean_token_accuracy': '0.9401', 'epoch': '0.8186'}
{'loss': '0.2074', 'grad_norm': '0.2487', 'learning_rate': '0.000118', 'entropy': '0.2025', 'num_tokens': '1.318e+07', 'mean_token_accuracy': '0.9304', 'epoch': '0.8197'}
{'loss': '0.232', 'grad_norm': '0.2438', 'learning_rate': '0.0001179', 'entropy': '0.204', 'num_tokens': '1.322e+07', 'mean_token_accuracy': '0.9322', 'epoch': '0.8208'}
{'loss': '0.1859', 'grad_norm': '0.23', 'learning_rate': '0.0001178', 'entropy': '0.2009', 'num_tokens': '1.325e+07', 'mean_token_accuracy': '0.9311', 'epoch': '0.8218'}
{'loss': '0.1462', 'grad_norm': '0.3389', 'learning_rate': '0.0001177', 'entropy': '0.1519', 'num_tokens': '1.328e+07', 'mean_token_accuracy': '0.9534', 'epoch': '0.8229'}
{'loss': '0.2508', 'grad_norm': '0.3381', 'learning_rate': '0.0001176', 'entropy': '0.2313', 'num_tokens': '1.331e+07', 'mean_token_accuracy': '0.9245', 'epoch': '0.824'}
{'loss': '0.1847', 'grad_norm': '0.2145', 'learning_rate': '0.0001175', 'entropy': '0.1767', 'num_tokens': '1.334e+07', 'mean_token_accuracy': '0.9377', 'epoch': '0.825'}
{'loss': '0.18', 'grad_norm': '0.2565', 'learning_rate': '0.0001174', 'entropy': '0.176', 'num_tokens': '1.337e+07', 'mean_token_accuracy': '0.9389', 'epoch': '0.8261'}
{'loss': '0.1944', 'grad_norm': '0.2007', 'learning_rate': '0.0001173', 'entropy': '0.1997', 'num_tokens': '1.341e+07', 'mean_token_accuracy': '0.9336', 'epoch': '0.8271'}
{'loss': '0.2349', 'grad_norm': '0.4027', 'learning_rate': '0.0001172', 'entropy': '0.2258', 'num_tokens': '1.344e+07', 'mean_token_accuracy': '0.9259', 'epoch': '0.8282'}
{'loss': '0.1898', 'grad_norm': '0.315', 'learning_rate': '0.0001171', 'entropy': '0.2396', 'num_tokens': '1.347e+07', 'mean_token_accuracy': '0.9247', 'epoch': '0.8293'}
{'loss': '0.1322', 'grad_norm': '0.2496', 'learning_rate': '0.000117', 'entropy': '0.1438', 'num_tokens': '1.351e+07', 'mean_token_accuracy': '0.9528', 'epoch': '0.8303'}
{'loss': '0.1598', 'grad_norm': '0.1651', 'learning_rate': '0.0001169', 'entropy': '0.1646', 'num_tokens': '1.355e+07', 'mean_token_accuracy': '0.942', 'epoch': '0.8314'}
{'loss': '0.1761', 'grad_norm': '0.1431', 'learning_rate': '0.0001168', 'entropy': '0.1654', 'num_tokens': '1.358e+07', 'mean_token_accuracy': '0.9443', 'epoch': '0.8324'}
{'loss': '0.1716', 'grad_norm': '0.1895', 'learning_rate': '0.0001167', 'entropy': '0.1729', 'num_tokens': '1.362e+07', 'mean_token_accuracy': '0.9401', 'epoch': '0.8335'}
{'loss': '0.2036', 'grad_norm': '0.3242', 'learning_rate': '0.0001166', 'entropy': '0.1961', 'num_tokens': '1.365e+07', 'mean_token_accuracy': '0.9355', 'epoch': '0.8346'}
{'loss': '0.243', 'grad_norm': '0.2306', 'learning_rate': '0.0001164', 'entropy': '0.2248', 'num_tokens': '1.369e+07', 'mean_token_accuracy': '0.9265', 'epoch': '0.8356'}
{'loss': '0.2218', 'grad_norm': '0.3261', 'learning_rate': '0.0001163', 'entropy': '0.2255', 'num_tokens': '1.372e+07', 'mean_token_accuracy': '0.9264', 'epoch': '0.8367'}
{'loss': '0.2097', 'grad_norm': '0.3448', 'learning_rate': '0.0001162', 'entropy': '0.2152', 'num_tokens': '1.376e+07', 'mean_token_accuracy': '0.9283', 'epoch': '0.8378'}
{'loss': '0.1801', 'grad_norm': '0.3158', 'learning_rate': '0.0001161', 'entropy': '0.178', 'num_tokens': '1.379e+07', 'mean_token_accuracy': '0.9404', 'epoch': '0.8388'}
{'loss': '0.1837', 'grad_norm': '0.2095', 'learning_rate': '0.000116', 'entropy': '0.1704', 'num_tokens': '1.383e+07', 'mean_token_accuracy': '0.9389', 'epoch': '0.8399'}
{'loss': '0.2406', 'grad_norm': '0.2198', 'learning_rate': '0.0001159', 'entropy': '0.2362', 'num_tokens': '1.386e+07', 'mean_token_accuracy': '0.9245', 'epoch': '0.8409'}
{'loss': '0.2352', 'grad_norm': '0.3288', 'learning_rate': '0.0001158', 'entropy': '0.2232', 'num_tokens': '1.39e+07', 'mean_token_accuracy': '0.9254', 'epoch': '0.842'}
{'loss': '0.2048', 'grad_norm': '0.1746', 'learning_rate': '0.0001157', 'entropy': '0.1921', 'num_tokens': '1.394e+07', 'mean_token_accuracy': '0.9364', 'epoch': '0.8431'}
{'loss': '0.1578', 'grad_norm': '0.233', 'learning_rate': '0.0001156', 'entropy': '0.1648', 'num_tokens': '1.397e+07', 'mean_token_accuracy': '0.9413', 'epoch': '0.8441'}
{'loss': '0.2382', 'grad_norm': '0.2895', 'learning_rate': '0.0001155', 'entropy': '0.2388', 'num_tokens': '1.401e+07', 'mean_token_accuracy': '0.9249', 'epoch': '0.8452'}
{'loss': '0.2205', 'grad_norm': '0.2315', 'learning_rate': '0.0001154', 'entropy': '0.2308', 'num_tokens': '1.404e+07', 'mean_token_accuracy': '0.9262', 'epoch': '0.8463'}
{'loss': '0.1851', 'grad_norm': '0.1539', 'learning_rate': '0.0001153', 'entropy': '0.1869', 'num_tokens': '1.408e+07', 'mean_token_accuracy': '0.9329', 'epoch': '0.8473'}
{'loss': '0.1777', 'grad_norm': '0.3767', 'learning_rate': '0.0001152', 'entropy': '0.2065', 'num_tokens': '1.413e+07', 'mean_token_accuracy': '0.9312', 'epoch': '0.8484'}
{'loss': '0.1746', 'grad_norm': '0.4798', 'learning_rate': '0.0001151', 'entropy': '0.1804', 'num_tokens': '1.416e+07', 'mean_token_accuracy': '0.9365', 'epoch': '0.8494'}
{'loss': '0.1717', 'grad_norm': '0.4018', 'learning_rate': '0.000115', 'entropy': '0.1749', 'num_tokens': '1.419e+07', 'mean_token_accuracy': '0.945', 'epoch': '0.8505'}
{'loss': '0.2214', 'grad_norm': '0.2257', 'learning_rate': '0.0001149', 'entropy': '0.2031', 'num_tokens': '1.423e+07', 'mean_token_accuracy': '0.9286', 'epoch': '0.8516'}
{'loss': '0.2253', 'grad_norm': '0.1778', 'learning_rate': '0.0001147', 'entropy': '0.2123', 'num_tokens': '1.427e+07', 'mean_token_accuracy': '0.9264', 'epoch': '0.8526'}
{'loss': '0.1619', 'grad_norm': '0.2908', 'learning_rate': '0.0001146', 'entropy': '0.1667', 'num_tokens': '1.43e+07', 'mean_token_accuracy': '0.9458', 'epoch': '0.8537'}
{'loss': '0.1421', 'grad_norm': '0.1221', 'learning_rate': '0.0001145', 'entropy': '0.1521', 'num_tokens': '1.435e+07', 'mean_token_accuracy': '0.9479', 'epoch': '0.8547'}
{'loss': '0.2375', 'grad_norm': '0.2719', 'learning_rate': '0.0001144', 'entropy': '0.2148', 'num_tokens': '1.438e+07', 'mean_token_accuracy': '0.9301', 'epoch': '0.8558'}
{'loss': '0.1389', 'grad_norm': '0.1615', 'learning_rate': '0.0001143', 'entropy': '0.1512', 'num_tokens': '1.442e+07', 'mean_token_accuracy': '0.9517', 'epoch': '0.8569'}
{'loss': '0.2057', 'grad_norm': '0.1946', 'learning_rate': '0.0001142', 'entropy': '0.1805', 'num_tokens': '1.445e+07', 'mean_token_accuracy': '0.9398', 'epoch': '0.8579'}
{'loss': '0.1848', 'grad_norm': '0.2707', 'learning_rate': '0.0001141', 'entropy': '0.1799', 'num_tokens': '1.448e+07', 'mean_token_accuracy': '0.9387', 'epoch': '0.859'}
{'loss': '0.2354', 'grad_norm': '0.1108', 'learning_rate': '0.000114', 'entropy': '0.25', 'num_tokens': '1.452e+07', 'mean_token_accuracy': '0.9193', 'epoch': '0.8601'}
{'loss': '0.1992', 'grad_norm': '0.7286', 'learning_rate': '0.0001139', 'entropy': '0.1888', 'num_tokens': '1.455e+07', 'mean_token_accuracy': '0.9375', 'epoch': '0.8611'}
{'loss': '0.1795', 'grad_norm': '0.2164', 'learning_rate': '0.0001138', 'entropy': '0.1735', 'num_tokens': '1.458e+07', 'mean_token_accuracy': '0.9443', 'epoch': '0.8622'}
{'loss': '0.1734', 'grad_norm': '0.2146', 'learning_rate': '0.0001137', 'entropy': '0.1997', 'num_tokens': '1.462e+07', 'mean_token_accuracy': '0.933', 'epoch': '0.8632'}
{'loss': '0.163', 'grad_norm': '0.22', 'learning_rate': '0.0001136', 'entropy': '0.1612', 'num_tokens': '1.465e+07', 'mean_token_accuracy': '0.9424', 'epoch': '0.8643'}
{'loss': '0.2642', 'grad_norm': '0.4228', 'learning_rate': '0.0001135', 'entropy': '0.2573', 'num_tokens': '1.468e+07', 'mean_token_accuracy': '0.919', 'epoch': '0.8654'}
{'loss': '0.1848', 'grad_norm': '0.3093', 'learning_rate': '0.0001134', 'entropy': '0.1779', 'num_tokens': '1.471e+07', 'mean_token_accuracy': '0.9425', 'epoch': '0.8664'}
{'loss': '0.175', 'grad_norm': '0.2238', 'learning_rate': '0.0001133', 'entropy': '0.1575', 'num_tokens': '1.474e+07', 'mean_token_accuracy': '0.9448', 'epoch': '0.8675'}
{'loss': '0.2061', 'grad_norm': '0.2929', 'learning_rate': '0.0001132', 'entropy': '0.1766', 'num_tokens': '1.477e+07', 'mean_token_accuracy': '0.939', 'epoch': '0.8685'}
{'loss': '0.1758', 'grad_norm': '0.389', 'learning_rate': '0.000113', 'entropy': '0.1711', 'num_tokens': '1.481e+07', 'mean_token_accuracy': '0.9413', 'epoch': '0.8696'}
{'loss': '0.1853', 'grad_norm': '0.4574', 'learning_rate': '0.0001129', 'entropy': '0.1804', 'num_tokens': '1.484e+07', 'mean_token_accuracy': '0.9423', 'epoch': '0.8707'}
{'loss': '0.218', 'grad_norm': '0.2751', 'learning_rate': '0.0001128', 'entropy': '0.2095', 'num_tokens': '1.487e+07', 'mean_token_accuracy': '0.9312', 'epoch': '0.8717'}
{'loss': '0.2026', 'grad_norm': '0.3249', 'learning_rate': '0.0001127', 'entropy': '0.2012', 'num_tokens': '1.49e+07', 'mean_token_accuracy': '0.9286', 'epoch': '0.8728'}
{'loss': '0.2213', 'grad_norm': '0.1993', 'learning_rate': '0.0001126', 'entropy': '0.205', 'num_tokens': '1.494e+07', 'mean_token_accuracy': '0.9322', 'epoch': '0.8739'}
{'loss': '0.1566', 'grad_norm': '0.115', 'learning_rate': '0.0001125', 'entropy': '0.1604', 'num_tokens': '1.497e+07', 'mean_token_accuracy': '0.9496', 'epoch': '0.8749'}
{'loss': '0.1991', 'grad_norm': '0.351', 'learning_rate': '0.0001124', 'entropy': '0.1874', 'num_tokens': '1.5e+07', 'mean_token_accuracy': '0.9387', 'epoch': '0.876'}
{'loss': '0.1889', 'grad_norm': '0.3349', 'learning_rate': '0.0001123', 'entropy': '0.1901', 'num_tokens': '1.503e+07', 'mean_token_accuracy': '0.934', 'epoch': '0.877'}
{'loss': '0.1937', 'grad_norm': '0.2188', 'learning_rate': '0.0001122', 'entropy': '0.1839', 'num_tokens': '1.507e+07', 'mean_token_accuracy': '0.9366', 'epoch': '0.8781'}
{'loss': '0.1946', 'grad_norm': '0.3065', 'learning_rate': '0.0001121', 'entropy': '0.1817', 'num_tokens': '1.511e+07', 'mean_token_accuracy': '0.9365', 'epoch': '0.8792'}
{'loss': '0.2141', 'grad_norm': '0.4067', 'learning_rate': '0.000112', 'entropy': '0.206', 'num_tokens': '1.514e+07', 'mean_token_accuracy': '0.9316', 'epoch': '0.8802'}
{'loss': '0.1709', 'grad_norm': '0.2271', 'learning_rate': '0.0001119', 'entropy': '0.1887', 'num_tokens': '1.518e+07', 'mean_token_accuracy': '0.9372', 'epoch': '0.8813'}
{'loss': '0.2024', 'grad_norm': '0.2186', 'learning_rate': '0.0001118', 'entropy': '0.2253', 'num_tokens': '1.522e+07', 'mean_token_accuracy': '0.9288', 'epoch': '0.8824'}
{'loss': '0.2001', 'grad_norm': '0.2133', 'learning_rate': '0.0001117', 'entropy': '0.2104', 'num_tokens': '1.526e+07', 'mean_token_accuracy': '0.9251', 'epoch': '0.8834'}
{'loss': '0.1987', 'grad_norm': '0.2963', 'learning_rate': '0.0001116', 'entropy': '0.1961', 'num_tokens': '1.529e+07', 'mean_token_accuracy': '0.9355', 'epoch': '0.8845'}
{'loss': '0.1638', 'grad_norm': '0.1645', 'learning_rate': '0.0001115', 'entropy': '0.1798', 'num_tokens': '1.532e+07', 'mean_token_accuracy': '0.9384', 'epoch': '0.8855'}
{'loss': '0.2119', 'grad_norm': '0.2355', 'learning_rate': '0.0001114', 'entropy': '0.1941', 'num_tokens': '1.536e+07', 'mean_token_accuracy': '0.9345', 'epoch': '0.8866'}
{'loss': '0.1836', 'grad_norm': '0.1858', 'learning_rate': '0.0001112', 'entropy': '0.1934', 'num_tokens': '1.539e+07', 'mean_token_accuracy': '0.9374', 'epoch': '0.8877'}
{'loss': '0.2397', 'grad_norm': '0.1803', 'learning_rate': '0.0001111', 'entropy': '0.2115', 'num_tokens': '1.543e+07', 'mean_token_accuracy': '0.9309', 'epoch': '0.8887'}
{'loss': '0.1517', 'grad_norm': '0.2653', 'learning_rate': '0.000111', 'entropy': '0.1741', 'num_tokens': '1.547e+07', 'mean_token_accuracy': '0.9417', 'epoch': '0.8898'}
{'loss': '0.2189', 'grad_norm': '0.221', 'learning_rate': '0.0001109', 'entropy': '0.2097', 'num_tokens': '1.551e+07', 'mean_token_accuracy': '0.9352', 'epoch': '0.8908'}
{'loss': '0.192', 'grad_norm': '0.1562', 'learning_rate': '0.0001108', 'entropy': '0.2014', 'num_tokens': '1.554e+07', 'mean_token_accuracy': '0.9346', 'epoch': '0.8919'}
{'loss': '0.2041', 'grad_norm': '0.3582', 'learning_rate': '0.0001107', 'entropy': '0.2327', 'num_tokens': '1.557e+07', 'mean_token_accuracy': '0.9262', 'epoch': '0.893'}
{'loss': '0.2295', 'grad_norm': '0.163', 'learning_rate': '0.0001106', 'entropy': '0.2094', 'num_tokens': '1.561e+07', 'mean_token_accuracy': '0.9313', 'epoch': '0.894'}
{'loss': '0.2237', 'grad_norm': '0.3191', 'learning_rate': '0.0001105', 'entropy': '0.1984', 'num_tokens': '1.565e+07', 'mean_token_accuracy': '0.9353', 'epoch': '0.8951'}
{'loss': '0.1776', 'grad_norm': '0.1518', 'learning_rate': '0.0001104', 'entropy': '0.1787', 'num_tokens': '1.569e+07', 'mean_token_accuracy': '0.9408', 'epoch': '0.8962'}
{'loss': '0.1623', 'grad_norm': '0.1651', 'learning_rate': '0.0001103', 'entropy': '0.1715', 'num_tokens': '1.572e+07', 'mean_token_accuracy': '0.9394', 'epoch': '0.8972'}
{'loss': '0.2029', 'grad_norm': '0.4421', 'learning_rate': '0.0001102', 'entropy': '0.2225', 'num_tokens': '1.575e+07', 'mean_token_accuracy': '0.9259', 'epoch': '0.8983'}
{'loss': '0.2128', 'grad_norm': '0.2349', 'learning_rate': '0.0001101', 'entropy': '0.2238', 'num_tokens': '1.578e+07', 'mean_token_accuracy': '0.9258', 'epoch': '0.8993'}
{'loss': '0.1942', 'grad_norm': '0.2076', 'learning_rate': '0.00011', 'entropy': '0.1766', 'num_tokens': '1.583e+07', 'mean_token_accuracy': '0.9403', 'epoch': '0.9004'}
{'loss': '0.2009', 'grad_norm': '0.1766', 'learning_rate': '0.0001099', 'entropy': '0.1927', 'num_tokens': '1.587e+07', 'mean_token_accuracy': '0.9367', 'epoch': '0.9015'}
{'loss': '0.1872', 'grad_norm': '0.1461', 'learning_rate': '0.0001098', 'entropy': '0.1904', 'num_tokens': '1.591e+07', 'mean_token_accuracy': '0.9371', 'epoch': '0.9025'}
{'loss': '0.2137', 'grad_norm': '0.2263', 'learning_rate': '0.0001097', 'entropy': '0.206', 'num_tokens': '1.594e+07', 'mean_token_accuracy': '0.9308', 'epoch': '0.9036'}
{'loss': '0.2156', 'grad_norm': '0.1383', 'learning_rate': '0.0001095', 'entropy': '0.204', 'num_tokens': '1.598e+07', 'mean_token_accuracy': '0.9333', 'epoch': '0.9047'}
{'loss': '0.2192', 'grad_norm': '0.3133', 'learning_rate': '0.0001094', 'entropy': '0.2139', 'num_tokens': '1.601e+07', 'mean_token_accuracy': '0.9286', 'epoch': '0.9057'}
{'loss': '0.1961', 'grad_norm': '0.2607', 'learning_rate': '0.0001093', 'entropy': '0.1893', 'num_tokens': '1.605e+07', 'mean_token_accuracy': '0.939', 'epoch': '0.9068'}
{'loss': '0.1855', 'grad_norm': '0.188', 'learning_rate': '0.0001092', 'entropy': '0.1914', 'num_tokens': '1.608e+07', 'mean_token_accuracy': '0.9338', 'epoch': '0.9078'}
{'loss': '0.1931', 'grad_norm': '0.1527', 'learning_rate': '0.0001091', 'entropy': '0.1894', 'num_tokens': '1.612e+07', 'mean_token_accuracy': '0.9371', 'epoch': '0.9089'}
{'loss': '0.2125', 'grad_norm': '0.3501', 'learning_rate': '0.000109', 'entropy': '0.2064', 'num_tokens': '1.615e+07', 'mean_token_accuracy': '0.9317', 'epoch': '0.91'}
{'loss': '0.2351', 'grad_norm': '0.422', 'learning_rate': '0.0001089', 'entropy': '0.2336', 'num_tokens': '1.617e+07', 'mean_token_accuracy': '0.9263', 'epoch': '0.911'}
{'loss': '0.2214', 'grad_norm': '0.4586', 'learning_rate': '0.0001088', 'entropy': '0.2362', 'num_tokens': '1.621e+07', 'mean_token_accuracy': '0.924', 'epoch': '0.9121'}
{'loss': '0.1777', 'grad_norm': '0.2511', 'learning_rate': '0.0001087', 'entropy': '0.187', 'num_tokens': '1.624e+07', 'mean_token_accuracy': '0.9394', 'epoch': '0.9131'}
{'loss': '0.2344', 'grad_norm': '0.1776', 'learning_rate': '0.0001086', 'entropy': '0.2412', 'num_tokens': '1.628e+07', 'mean_token_accuracy': '0.9214', 'epoch': '0.9142'}
{'loss': '0.2373', 'grad_norm': '0.2473', 'learning_rate': '0.0001085', 'entropy': '0.2065', 'num_tokens': '1.631e+07', 'mean_token_accuracy': '0.9307', 'epoch': '0.9153'}
{'loss': '0.2217', 'grad_norm': '0.312', 'learning_rate': '0.0001084', 'entropy': '0.2203', 'num_tokens': '1.634e+07', 'mean_token_accuracy': '0.9266', 'epoch': '0.9163'}
{'loss': '0.1906', 'grad_norm': '0.4612', 'learning_rate': '0.0001083', 'entropy': '0.1987', 'num_tokens': '1.638e+07', 'mean_token_accuracy': '0.9372', 'epoch': '0.9174'}
{'loss': '0.1632', 'grad_norm': '0.1885', 'learning_rate': '0.0001082', 'entropy': '0.1587', 'num_tokens': '1.641e+07', 'mean_token_accuracy': '0.9474', 'epoch': '0.9185'}
{'loss': '0.2627', 'grad_norm': '0.2838', 'learning_rate': '0.0001081', 'entropy': '0.2266', 'num_tokens': '1.645e+07', 'mean_token_accuracy': '0.9216', 'epoch': '0.9195'}
{'loss': '0.1658', 'grad_norm': '0.3456', 'learning_rate': '0.000108', 'entropy': '0.1717', 'num_tokens': '1.648e+07', 'mean_token_accuracy': '0.9393', 'epoch': '0.9206'}
{'loss': '0.2226', 'grad_norm': '0.345', 'learning_rate': '0.0001078', 'entropy': '0.2211', 'num_tokens': '1.652e+07', 'mean_token_accuracy': '0.9291', 'epoch': '0.9216'}
{'loss': '0.2001', 'grad_norm': '0.1912', 'learning_rate': '0.0001077', 'entropy': '0.2024', 'num_tokens': '1.655e+07', 'mean_token_accuracy': '0.9334', 'epoch': '0.9227'}
{'loss': '0.1723', 'grad_norm': '0.3097', 'learning_rate': '0.0001076', 'entropy': '0.1517', 'num_tokens': '1.658e+07', 'mean_token_accuracy': '0.9484', 'epoch': '0.9238'}
{'loss': '0.1701', 'grad_norm': '0.4124', 'learning_rate': '0.0001075', 'entropy': '0.1923', 'num_tokens': '1.661e+07', 'mean_token_accuracy': '0.9395', 'epoch': '0.9248'}
{'loss': '0.1829', 'grad_norm': '0.2243', 'learning_rate': '0.0001074', 'entropy': '0.1658', 'num_tokens': '1.664e+07', 'mean_token_accuracy': '0.941', 'epoch': '0.9259'}
{'loss': '0.222', 'grad_norm': '0.2683', 'learning_rate': '0.0001073', 'entropy': '0.2242', 'num_tokens': '1.667e+07', 'mean_token_accuracy': '0.9289', 'epoch': '0.9269'}
{'loss': '0.182', 'grad_norm': '0.1878', 'learning_rate': '0.0001072', 'entropy': '0.1707', 'num_tokens': '1.671e+07', 'mean_token_accuracy': '0.9435', 'epoch': '0.928'}
{'loss': '0.2308', 'grad_norm': '0.293', 'learning_rate': '0.0001071', 'entropy': '0.1969', 'num_tokens': '1.675e+07', 'mean_token_accuracy': '0.9352', 'epoch': '0.9291'}
{'loss': '0.1861', 'grad_norm': '0.3997', 'learning_rate': '0.000107', 'entropy': '0.1925', 'num_tokens': '1.678e+07', 'mean_token_accuracy': '0.9366', 'epoch': '0.9301'}
{'loss': '0.2212', 'grad_norm': '0.2173', 'learning_rate': '0.0001069', 'entropy': '0.2145', 'num_tokens': '1.682e+07', 'mean_token_accuracy': '0.927', 'epoch': '0.9312'}
{'loss': '0.2058', 'grad_norm': '0.2841', 'learning_rate': '0.0001068', 'entropy': '0.1878', 'num_tokens': '1.685e+07', 'mean_token_accuracy': '0.9404', 'epoch': '0.9323'}
{'loss': '0.1749', 'grad_norm': '0.2137', 'learning_rate': '0.0001067', 'entropy': '0.1957', 'num_tokens': '1.689e+07', 'mean_token_accuracy': '0.9377', 'epoch': '0.9333'}
{'loss': '0.1853', 'grad_norm': '0.5296', 'learning_rate': '0.0001066', 'entropy': '0.197', 'num_tokens': '1.692e+07', 'mean_token_accuracy': '0.9367', 'epoch': '0.9344'}
{'loss': '0.194', 'grad_norm': '0.2309', 'learning_rate': '0.0001065', 'entropy': '0.1948', 'num_tokens': '1.696e+07', 'mean_token_accuracy': '0.9356', 'epoch': '0.9354'}
{'loss': '0.1608', 'grad_norm': '0.1973', 'learning_rate': '0.0001064', 'entropy': '0.1791', 'num_tokens': '1.699e+07', 'mean_token_accuracy': '0.9396', 'epoch': '0.9365'}
{'loss': '0.1912', 'grad_norm': '0.2515', 'learning_rate': '0.0001063', 'entropy': '0.1971', 'num_tokens': '1.702e+07', 'mean_token_accuracy': '0.932', 'epoch': '0.9376'}
{'loss': '0.1885', 'grad_norm': '0.1917', 'learning_rate': '0.0001061', 'entropy': '0.1831', 'num_tokens': '1.705e+07', 'mean_token_accuracy': '0.9408', 'epoch': '0.9386'}
{'loss': '0.1962', 'grad_norm': '0.2999', 'learning_rate': '0.000106', 'entropy': '0.1965', 'num_tokens': '1.708e+07', 'mean_token_accuracy': '0.933', 'epoch': '0.9397'}
{'loss': '0.2104', 'grad_norm': '0.4157', 'learning_rate': '0.0001059', 'entropy': '0.195', 'num_tokens': '1.712e+07', 'mean_token_accuracy': '0.9312', 'epoch': '0.9408'}
{'loss': '0.187', 'grad_norm': '0.7451', 'learning_rate': '0.0001058', 'entropy': '0.1902', 'num_tokens': '1.715e+07', 'mean_token_accuracy': '0.9354', 'epoch': '0.9418'}
{'loss': '0.2096', 'grad_norm': '0.2952', 'learning_rate': '0.0001057', 'entropy': '0.2254', 'num_tokens': '1.718e+07', 'mean_token_accuracy': '0.9211', 'epoch': '0.9429'}
{'loss': '0.2075', 'grad_norm': '0.2366', 'learning_rate': '0.0001056', 'entropy': '0.2061', 'num_tokens': '1.722e+07', 'mean_token_accuracy': '0.9321', 'epoch': '0.9439'}
{'loss': '0.1838', 'grad_norm': '0.2327', 'learning_rate': '0.0001055', 'entropy': '0.1781', 'num_tokens': '1.725e+07', 'mean_token_accuracy': '0.9378', 'epoch': '0.945'}
{'loss': '0.2236', 'grad_norm': '0.5391', 'learning_rate': '0.0001054', 'entropy': '0.1988', 'num_tokens': '1.728e+07', 'mean_token_accuracy': '0.9304', 'epoch': '0.9461'}
{'loss': '0.2056', 'grad_norm': '0.2486', 'learning_rate': '0.0001053', 'entropy': '0.1968', 'num_tokens': '1.732e+07', 'mean_token_accuracy': '0.9331', 'epoch': '0.9471'}
{'loss': '0.1953', 'grad_norm': '0.1872', 'learning_rate': '0.0001052', 'entropy': '0.2107', 'num_tokens': '1.735e+07', 'mean_token_accuracy': '0.9329', 'epoch': '0.9482'}
{'loss': '0.1853', 'grad_norm': '0.411', 'learning_rate': '0.0001051', 'entropy': '0.1882', 'num_tokens': '1.739e+07', 'mean_token_accuracy': '0.9347', 'epoch': '0.9492'}
{'loss': '0.1896', 'grad_norm': '0.253', 'learning_rate': '0.000105', 'entropy': '0.1847', 'num_tokens': '1.743e+07', 'mean_token_accuracy': '0.9336', 'epoch': '0.9503'}
{'loss': '0.207', 'grad_norm': '0.2633', 'learning_rate': '0.0001049', 'entropy': '0.2083', 'num_tokens': '1.746e+07', 'mean_token_accuracy': '0.9301', 'epoch': '0.9514'}
{'loss': '0.1763', 'grad_norm': '0.2604', 'learning_rate': '0.0001048', 'entropy': '0.2055', 'num_tokens': '1.749e+07', 'mean_token_accuracy': '0.934', 'epoch': '0.9524'}
{'loss': '0.1821', 'grad_norm': '0.2698', 'learning_rate': '0.0001047', 'entropy': '0.1899', 'num_tokens': '1.752e+07', 'mean_token_accuracy': '0.9375', 'epoch': '0.9535'}
{'loss': '0.195', 'grad_norm': '0.3352', 'learning_rate': '0.0001046', 'entropy': '0.1765', 'num_tokens': '1.755e+07', 'mean_token_accuracy': '0.934', 'epoch': '0.9546'}
{'loss': '0.2254', 'grad_norm': '0.3233', 'learning_rate': '0.0001044', 'entropy': '0.1929', 'num_tokens': '1.759e+07', 'mean_token_accuracy': '0.9331', 'epoch': '0.9556'}
{'loss': '0.1637', 'grad_norm': '0.3133', 'learning_rate': '0.0001043', 'entropy': '0.1733', 'num_tokens': '1.762e+07', 'mean_token_accuracy': '0.9407', 'epoch': '0.9567'}
{'loss': '0.235', 'grad_norm': '0.1959', 'learning_rate': '0.0001042', 'entropy': '0.2104', 'num_tokens': '1.765e+07', 'mean_token_accuracy': '0.9281', 'epoch': '0.9577'}
{'loss': '0.1915', 'grad_norm': '0.2032', 'learning_rate': '0.0001041', 'entropy': '0.1974', 'num_tokens': '1.768e+07', 'mean_token_accuracy': '0.9377', 'epoch': '0.9588'}
{'loss': '0.1739', 'grad_norm': '0.3417', 'learning_rate': '0.000104', 'entropy': '0.1886', 'num_tokens': '1.772e+07', 'mean_token_accuracy': '0.9394', 'epoch': '0.9599'}
{'loss': '0.1785', 'grad_norm': '0.198', 'learning_rate': '0.0001039', 'entropy': '0.1887', 'num_tokens': '1.775e+07', 'mean_token_accuracy': '0.9354', 'epoch': '0.9609'}
{'loss': '0.1821', 'grad_norm': '0.4594', 'learning_rate': '0.0001038', 'entropy': '0.1963', 'num_tokens': '1.778e+07', 'mean_token_accuracy': '0.9367', 'epoch': '0.962'}
{'loss': '0.2056', 'grad_norm': '0.1808', 'learning_rate': '0.0001037', 'entropy': '0.1766', 'num_tokens': '1.782e+07', 'mean_token_accuracy': '0.9372', 'epoch': '0.963'}
{'loss': '0.1636', 'grad_norm': '0.3599', 'learning_rate': '0.0001036', 'entropy': '0.1651', 'num_tokens': '1.785e+07', 'mean_token_accuracy': '0.9449', 'epoch': '0.9641'}
{'loss': '0.1782', 'grad_norm': '0.2089', 'learning_rate': '0.0001035', 'entropy': '0.182', 'num_tokens': '1.788e+07', 'mean_token_accuracy': '0.9414', 'epoch': '0.9652'}
{'loss': '0.1753', 'grad_norm': '0.2433', 'learning_rate': '0.0001034', 'entropy': '0.1689', 'num_tokens': '1.792e+07', 'mean_token_accuracy': '0.9397', 'epoch': '0.9662'}
{'loss': '0.1736', 'grad_norm': '0.3533', 'learning_rate': '0.0001033', 'entropy': '0.2008', 'num_tokens': '1.795e+07', 'mean_token_accuracy': '0.9366', 'epoch': '0.9673'}
{'loss': '0.1976', 'grad_norm': '0.2076', 'learning_rate': '0.0001032', 'entropy': '0.1953', 'num_tokens': '1.799e+07', 'mean_token_accuracy': '0.932', 'epoch': '0.9684'}
{'loss': '0.1484', 'grad_norm': '0.1771', 'learning_rate': '0.0001031', 'entropy': '0.1659', 'num_tokens': '1.803e+07', 'mean_token_accuracy': '0.9431', 'epoch': '0.9694'}
{'loss': '0.1616', 'grad_norm': '0.2122', 'learning_rate': '0.000103', 'entropy': '0.1855', 'num_tokens': '1.806e+07', 'mean_token_accuracy': '0.9428', 'epoch': '0.9705'}
{'loss': '0.1787', 'grad_norm': '0.3617', 'learning_rate': '0.0001029', 'entropy': '0.1684', 'num_tokens': '1.81e+07', 'mean_token_accuracy': '0.9371', 'epoch': '0.9715'}
{'loss': '0.1665', 'grad_norm': '0.2397', 'learning_rate': '0.0001028', 'entropy': '0.1697', 'num_tokens': '1.814e+07', 'mean_token_accuracy': '0.9426', 'epoch': '0.9726'}
{'loss': '0.1966', 'grad_norm': '0.2122', 'learning_rate': '0.0001026', 'entropy': '0.2105', 'num_tokens': '1.816e+07', 'mean_token_accuracy': '0.9299', 'epoch': '0.9737'}
{'loss': '0.2128', 'grad_norm': '0.2352', 'learning_rate': '0.0001025', 'entropy': '0.1994', 'num_tokens': '1.819e+07', 'mean_token_accuracy': '0.9317', 'epoch': '0.9747'}
{'loss': '0.1938', 'grad_norm': '0.1694', 'learning_rate': '0.0001024', 'entropy': '0.1721', 'num_tokens': '1.823e+07', 'mean_token_accuracy': '0.9407', 'epoch': '0.9758'}
{'loss': '0.1965', 'grad_norm': '0.3041', 'learning_rate': '0.0001023', 'entropy': '0.2', 'num_tokens': '1.827e+07', 'mean_token_accuracy': '0.9357', 'epoch': '0.9769'}
{'loss': '0.256', 'grad_norm': '0.2135', 'learning_rate': '0.0001022', 'entropy': '0.2239', 'num_tokens': '1.83e+07', 'mean_token_accuracy': '0.9265', 'epoch': '0.9779'}
{'loss': '0.1942', 'grad_norm': '0.5764', 'learning_rate': '0.0001021', 'entropy': '0.2075', 'num_tokens': '1.833e+07', 'mean_token_accuracy': '0.9329', 'epoch': '0.979'}
{'loss': '0.2382', 'grad_norm': '0.1611', 'learning_rate': '0.000102', 'entropy': '0.2227', 'num_tokens': '1.836e+07', 'mean_token_accuracy': '0.926', 'epoch': '0.98'}
{'loss': '0.1493', 'grad_norm': '0.2253', 'learning_rate': '0.0001019', 'entropy': '0.149', 'num_tokens': '1.839e+07', 'mean_token_accuracy': '0.9469', 'epoch': '0.9811'}
{'loss': '0.1642', 'grad_norm': '0.2113', 'learning_rate': '0.0001018', 'entropy': '0.1681', 'num_tokens': '1.842e+07', 'mean_token_accuracy': '0.9432', 'epoch': '0.9822'}
{'loss': '0.173', 'grad_norm': '0.1906', 'learning_rate': '0.0001017', 'entropy': '0.1694', 'num_tokens': '1.846e+07', 'mean_token_accuracy': '0.9465', 'epoch': '0.9832'}
{'loss': '0.2025', 'grad_norm': '0.1914', 'learning_rate': '0.0001016', 'entropy': '0.1942', 'num_tokens': '1.849e+07', 'mean_token_accuracy': '0.936', 'epoch': '0.9843'}
{'loss': '0.2624', 'grad_norm': '0.1662', 'learning_rate': '0.0001015', 'entropy': '0.2381', 'num_tokens': '1.852e+07', 'mean_token_accuracy': '0.9193', 'epoch': '0.9853'}
{'loss': '0.1788', 'grad_norm': '0.2603', 'learning_rate': '0.0001014', 'entropy': '0.1971', 'num_tokens': '1.855e+07', 'mean_token_accuracy': '0.9371', 'epoch': '0.9864'}
{'loss': '0.1768', 'grad_norm': '0.2862', 'learning_rate': '0.0001013', 'entropy': '0.177', 'num_tokens': '1.859e+07', 'mean_token_accuracy': '0.9456', 'epoch': '0.9875'}
{'loss': '0.1972', 'grad_norm': '0.2538', 'learning_rate': '0.0001012', 'entropy': '0.1968', 'num_tokens': '1.862e+07', 'mean_token_accuracy': '0.9388', 'epoch': '0.9885'}
{'loss': '0.2342', 'grad_norm': '0.4589', 'learning_rate': '0.0001011', 'entropy': '0.2289', 'num_tokens': '1.866e+07', 'mean_token_accuracy': '0.9249', 'epoch': '0.9896'}
{'loss': '0.2073', 'grad_norm': '0.3379', 'learning_rate': '0.0001009', 'entropy': '0.197', 'num_tokens': '1.869e+07', 'mean_token_accuracy': '0.9326', 'epoch': '0.9907'}
{'loss': '0.2059', 'grad_norm': '0.3987', 'learning_rate': '0.0001008', 'entropy': '0.2056', 'num_tokens': '1.872e+07', 'mean_token_accuracy': '0.9328', 'epoch': '0.9917'}
{'loss': '0.2074', 'grad_norm': '0.443', 'learning_rate': '0.0001007', 'entropy': '0.1897', 'num_tokens': '1.875e+07', 'mean_token_accuracy': '0.9366', 'epoch': '0.9928'}
{'loss': '0.2232', 'grad_norm': '0.228', 'learning_rate': '0.0001006', 'entropy': '0.2212', 'num_tokens': '1.879e+07', 'mean_token_accuracy': '0.9273', 'epoch': '0.9938'}
{'loss': '0.1765', 'grad_norm': '0.2837', 'learning_rate': '0.0001005', 'entropy': '0.1845', 'num_tokens': '1.882e+07', 'mean_token_accuracy': '0.9376', 'epoch': '0.9949'}
{'loss': '0.1911', 'grad_norm': '0.2018', 'learning_rate': '0.0001004', 'entropy': '0.1716', 'num_tokens': '1.886e+07', 'mean_token_accuracy': '0.9441', 'epoch': '0.996'}
{'loss': '0.2017', 'grad_norm': '0.2061', 'learning_rate': '0.0001003', 'entropy': '0.2002', 'num_tokens': '1.889e+07', 'mean_token_accuracy': '0.9363', 'epoch': '0.997'}
{'loss': '0.1772', 'grad_norm': '0.2148', 'learning_rate': '0.0001002', 'entropy': '0.1825', 'num_tokens': '1.892e+07', 'mean_token_accuracy': '0.9377', 'epoch': '0.9981'}
{'loss': '0.1994', 'grad_norm': '0.4401', 'learning_rate': '0.0001001', 'entropy': '0.2046', 'num_tokens': '1.895e+07', 'mean_token_accuracy': '0.9339', 'epoch': '0.9992'}
{'loss': '0.208', 'grad_norm': '0.1307', 'learning_rate': '9.999e-05', 'entropy': '0.2048', 'num_tokens': '1.899e+07', 'mean_token_accuracy': '0.9313', 'epoch': '1'}
{'loss': '0.1632', 'grad_norm': '0.2551', 'learning_rate': '9.988e-05', 'entropy': '0.1767', 'num_tokens': '1.902e+07', 'mean_token_accuracy': '0.9466', 'epoch': '1.001'}
{'loss': '0.1596', 'grad_norm': '0.1784', 'learning_rate': '9.978e-05', 'entropy': '0.1472', 'num_tokens': '1.906e+07', 'mean_token_accuracy': '0.9484', 'epoch': '1.002'}
{'loss': '0.1746', 'grad_norm': '0.2595', 'learning_rate': '9.967e-05', 'entropy': '0.1751', 'num_tokens': '1.91e+07', 'mean_token_accuracy': '0.9398', 'epoch': '1.003'}
{'loss': '0.2151', 'grad_norm': '0.4581', 'learning_rate': '9.956e-05', 'entropy': '0.1913', 'num_tokens': '1.913e+07', 'mean_token_accuracy': '0.9377', 'epoch': '1.004'}
{'loss': '0.1494', 'grad_norm': '0.383', 'learning_rate': '9.946e-05', 'entropy': '0.1711', 'num_tokens': '1.916e+07', 'mean_token_accuracy': '0.9415', 'epoch': '1.006'}
{'loss': '0.1559', 'grad_norm': '0.1853', 'learning_rate': '9.935e-05', 'entropy': '0.1706', 'num_tokens': '1.919e+07', 'mean_token_accuracy': '0.9429', 'epoch': '1.007'}
{'loss': '0.1818', 'grad_norm': '0.341', 'learning_rate': '9.925e-05', 'entropy': '0.1984', 'num_tokens': '1.922e+07', 'mean_token_accuracy': '0.9329', 'epoch': '1.008'}
{'loss': '0.1536', 'grad_norm': '0.4966', 'learning_rate': '9.914e-05', 'entropy': '0.1552', 'num_tokens': '1.926e+07', 'mean_token_accuracy': '0.9484', 'epoch': '1.009'}
{'loss': '0.1653', 'grad_norm': '0.1729', 'learning_rate': '9.903e-05', 'entropy': '0.1573', 'num_tokens': '1.929e+07', 'mean_token_accuracy': '0.9461', 'epoch': '1.01'}
{'loss': '0.1322', 'grad_norm': '0.1763', 'learning_rate': '9.893e-05', 'entropy': '0.1443', 'num_tokens': '1.933e+07', 'mean_token_accuracy': '0.9571', 'epoch': '1.011'}
{'loss': '0.1389', 'grad_norm': '0.2629', 'learning_rate': '9.882e-05', 'entropy': '0.137', 'num_tokens': '1.936e+07', 'mean_token_accuracy': '0.9521', 'epoch': '1.012'}
{'loss': '0.1685', 'grad_norm': '0.3206', 'learning_rate': '9.872e-05', 'entropy': '0.1746', 'num_tokens': '1.94e+07', 'mean_token_accuracy': '0.9428', 'epoch': '1.013'}
{'loss': '0.1283', 'grad_norm': '0.1498', 'learning_rate': '9.861e-05', 'entropy': '0.1219', 'num_tokens': '1.944e+07', 'mean_token_accuracy': '0.9573', 'epoch': '1.014'}
{'loss': '0.1626', 'grad_norm': '0.369', 'learning_rate': '9.85e-05', 'entropy': '0.1854', 'num_tokens': '1.948e+07', 'mean_token_accuracy': '0.9455', 'epoch': '1.015'}
{'loss': '0.1258', 'grad_norm': '0.2455', 'learning_rate': '9.84e-05', 'entropy': '0.1263', 'num_tokens': '1.951e+07', 'mean_token_accuracy': '0.9563', 'epoch': '1.016'}
{'loss': '0.1575', 'grad_norm': '0.3284', 'learning_rate': '9.829e-05', 'entropy': '0.1466', 'num_tokens': '1.954e+07', 'mean_token_accuracy': '0.9464', 'epoch': '1.017'}
{'loss': '0.1432', 'grad_norm': '0.2119', 'learning_rate': '9.818e-05', 'entropy': '0.1419', 'num_tokens': '1.958e+07', 'mean_token_accuracy': '0.9494', 'epoch': '1.018'}
{'loss': '0.1174', 'grad_norm': '0.2613', 'learning_rate': '9.808e-05', 'entropy': '0.1165', 'num_tokens': '1.962e+07', 'mean_token_accuracy': '0.9592', 'epoch': '1.019'}
{'loss': '0.1578', 'grad_norm': '0.463', 'learning_rate': '9.797e-05', 'entropy': '0.1496', 'num_tokens': '1.965e+07', 'mean_token_accuracy': '0.9528', 'epoch': '1.02'}
{'loss': '0.1288', 'grad_norm': '0.3045', 'learning_rate': '9.787e-05', 'entropy': '0.1386', 'num_tokens': '1.968e+07', 'mean_token_accuracy': '0.9498', 'epoch': '1.021'}
{'loss': '0.1847', 'grad_norm': '0.2671', 'learning_rate': '9.776e-05', 'entropy': '0.177', 'num_tokens': '1.972e+07', 'mean_token_accuracy': '0.9377', 'epoch': '1.023'}
{'loss': '0.1666', 'grad_norm': '0.2056', 'learning_rate': '9.765e-05', 'entropy': '0.1716', 'num_tokens': '1.976e+07', 'mean_token_accuracy': '0.943', 'epoch': '1.024'}
{'loss': '0.2111', 'grad_norm': '0.2067', 'learning_rate': '9.755e-05', 'entropy': '0.209', 'num_tokens': '1.979e+07', 'mean_token_accuracy': '0.9263', 'epoch': '1.025'}
{'loss': '0.1632', 'grad_norm': '0.3166', 'learning_rate': '9.744e-05', 'entropy': '0.1787', 'num_tokens': '1.982e+07', 'mean_token_accuracy': '0.9435', 'epoch': '1.026'}
{'loss': '0.1899', 'grad_norm': '0.1694', 'learning_rate': '9.733e-05', 'entropy': '0.1889', 'num_tokens': '1.985e+07', 'mean_token_accuracy': '0.9372', 'epoch': '1.027'}
{'loss': '0.1445', 'grad_norm': '0.1588', 'learning_rate': '9.723e-05', 'entropy': '0.1481', 'num_tokens': '1.989e+07', 'mean_token_accuracy': '0.9492', 'epoch': '1.028'}
{'loss': '0.1959', 'grad_norm': '0.2217', 'learning_rate': '9.712e-05', 'entropy': '0.1857', 'num_tokens': '1.993e+07', 'mean_token_accuracy': '0.937', 'epoch': '1.029'}
{'loss': '0.1624', 'grad_norm': '0.3273', 'learning_rate': '9.702e-05', 'entropy': '0.1551', 'num_tokens': '1.996e+07', 'mean_token_accuracy': '0.9458', 'epoch': '1.03'}
{'loss': '0.1731', 'grad_norm': '0.2895', 'learning_rate': '9.691e-05', 'entropy': '0.1866', 'num_tokens': '2e+07', 'mean_token_accuracy': '0.941', 'epoch': '1.031'}
{'loss': '0.1445', 'grad_norm': '0.2608', 'learning_rate': '9.68e-05', 'entropy': '0.1299', 'num_tokens': '2.003e+07', 'mean_token_accuracy': '0.9537', 'epoch': '1.032'}
{'loss': '0.1413', 'grad_norm': '0.3436', 'learning_rate': '9.67e-05', 'entropy': '0.151', 'num_tokens': '2.006e+07', 'mean_token_accuracy': '0.949', 'epoch': '1.033'}
{'loss': '0.1759', 'grad_norm': '0.3179', 'learning_rate': '9.659e-05', 'entropy': '0.175', 'num_tokens': '2.009e+07', 'mean_token_accuracy': '0.9377', 'epoch': '1.034'}
{'loss': '0.1485', 'grad_norm': '0.2055', 'learning_rate': '9.649e-05', 'entropy': '0.1633', 'num_tokens': '2.014e+07', 'mean_token_accuracy': '0.9454', 'epoch': '1.035'}
{'loss': '0.1575', 'grad_norm': '0.1813', 'learning_rate': '9.638e-05', 'entropy': '0.1468', 'num_tokens': '2.018e+07', 'mean_token_accuracy': '0.9528', 'epoch': '1.036'}
{'loss': '0.1784', 'grad_norm': '0.2369', 'learning_rate': '9.627e-05', 'entropy': '0.1757', 'num_tokens': '2.021e+07', 'mean_token_accuracy': '0.9392', 'epoch': '1.037'}
{'loss': '0.1575', 'grad_norm': '0.2703', 'learning_rate': '9.617e-05', 'entropy': '0.1725', 'num_tokens': '2.025e+07', 'mean_token_accuracy': '0.9419', 'epoch': '1.038'}
{'loss': '0.1368', 'grad_norm': '0.2753', 'learning_rate': '9.606e-05', 'entropy': '0.1331', 'num_tokens': '2.029e+07', 'mean_token_accuracy': '0.9535', 'epoch': '1.039'}
{'loss': '0.1786', 'grad_norm': '0.1977', 'learning_rate': '9.595e-05', 'entropy': '0.1759', 'num_tokens': '2.032e+07', 'mean_token_accuracy': '0.9399', 'epoch': '1.041'}
{'loss': '0.1605', 'grad_norm': '0.5118', 'learning_rate': '9.585e-05', 'entropy': '0.1634', 'num_tokens': '2.036e+07', 'mean_token_accuracy': '0.9449', 'epoch': '1.042'}
{'loss': '0.1667', 'grad_norm': '0.4441', 'learning_rate': '9.574e-05', 'entropy': '0.1574', 'num_tokens': '2.04e+07', 'mean_token_accuracy': '0.9474', 'epoch': '1.043'}
{'loss': '0.1669', 'grad_norm': '0.2507', 'learning_rate': '9.564e-05', 'entropy': '0.1635', 'num_tokens': '2.043e+07', 'mean_token_accuracy': '0.9464', 'epoch': '1.044'}
{'loss': '0.1496', 'grad_norm': '0.28', 'learning_rate': '9.553e-05', 'entropy': '0.1425', 'num_tokens': '2.047e+07', 'mean_token_accuracy': '0.9523', 'epoch': '1.045'}
{'loss': '0.1543', 'grad_norm': '0.1831', 'learning_rate': '9.542e-05', 'entropy': '0.1557', 'num_tokens': '2.05e+07', 'mean_token_accuracy': '0.9494', 'epoch': '1.046'}
{'loss': '0.1542', 'grad_norm': '0.247', 'learning_rate': '9.532e-05', 'entropy': '0.1411', 'num_tokens': '2.055e+07', 'mean_token_accuracy': '0.953', 'epoch': '1.047'}
{'loss': '0.162', 'grad_norm': '0.2633', 'learning_rate': '9.521e-05', 'entropy': '0.1582', 'num_tokens': '2.058e+07', 'mean_token_accuracy': '0.9462', 'epoch': '1.048'}
{'loss': '0.1575', 'grad_norm': '0.3874', 'learning_rate': '9.511e-05', 'entropy': '0.1598', 'num_tokens': '2.061e+07', 'mean_token_accuracy': '0.9468', 'epoch': '1.049'}
{'loss': '0.1666', 'grad_norm': '0.3798', 'learning_rate': '9.5e-05', 'entropy': '0.1529', 'num_tokens': '2.065e+07', 'mean_token_accuracy': '0.9477', 'epoch': '1.05'}
{'loss': '0.1653', 'grad_norm': '0.2574', 'learning_rate': '9.489e-05', 'entropy': '0.1603', 'num_tokens': '2.068e+07', 'mean_token_accuracy': '0.9452', 'epoch': '1.051'}
{'loss': '0.1416', 'grad_norm': '0.4321', 'learning_rate': '9.479e-05', 'entropy': '0.1499', 'num_tokens': '2.072e+07', 'mean_token_accuracy': '0.9495', 'epoch': '1.052'}
{'loss': '0.1679', 'grad_norm': '0.2084', 'learning_rate': '9.468e-05', 'entropy': '0.1571', 'num_tokens': '2.076e+07', 'mean_token_accuracy': '0.9464', 'epoch': '1.053'}
{'loss': '0.1532', 'grad_norm': '0.3127', 'learning_rate': '9.457e-05', 'entropy': '0.1318', 'num_tokens': '2.079e+07', 'mean_token_accuracy': '0.9552', 'epoch': '1.054'}
{'loss': '0.1381', 'grad_norm': '0.2329', 'learning_rate': '9.447e-05', 'entropy': '0.1432', 'num_tokens': '2.083e+07', 'mean_token_accuracy': '0.9542', 'epoch': '1.055'}
{'loss': '0.1345', 'grad_norm': '0.2088', 'learning_rate': '9.436e-05', 'entropy': '0.1329', 'num_tokens': '2.087e+07', 'mean_token_accuracy': '0.955', 'epoch': '1.056'}
{'loss': '0.187', 'grad_norm': '0.3184', 'learning_rate': '9.426e-05', 'entropy': '0.1878', 'num_tokens': '2.09e+07', 'mean_token_accuracy': '0.9374', 'epoch': '1.058'}
{'loss': '0.1353', 'grad_norm': '0.1645', 'learning_rate': '9.415e-05', 'entropy': '0.148', 'num_tokens': '2.093e+07', 'mean_token_accuracy': '0.9516', 'epoch': '1.059'}
{'loss': '0.2021', 'grad_norm': '0.4615', 'learning_rate': '9.404e-05', 'entropy': '0.1827', 'num_tokens': '2.097e+07', 'mean_token_accuracy': '0.94', 'epoch': '1.06'}
{'loss': '0.1709', 'grad_norm': '0.3213', 'learning_rate': '9.394e-05', 'entropy': '0.1669', 'num_tokens': '2.101e+07', 'mean_token_accuracy': '0.9428', 'epoch': '1.061'}
{'loss': '0.1449', 'grad_norm': '0.19', 'learning_rate': '9.383e-05', 'entropy': '0.1377', 'num_tokens': '2.104e+07', 'mean_token_accuracy': '0.9524', 'epoch': '1.062'}
{'loss': '0.1678', 'grad_norm': '0.316', 'learning_rate': '9.372e-05', 'entropy': '0.1662', 'num_tokens': '2.108e+07', 'mean_token_accuracy': '0.9441', 'epoch': '1.063'}
{'loss': '0.1618', 'grad_norm': '0.2163', 'learning_rate': '9.362e-05', 'entropy': '0.155', 'num_tokens': '2.111e+07', 'mean_token_accuracy': '0.9463', 'epoch': '1.064'}
{'loss': '0.1335', 'grad_norm': '0.257', 'learning_rate': '9.351e-05', 'entropy': '0.144', 'num_tokens': '2.115e+07', 'mean_token_accuracy': '0.9539', 'epoch': '1.065'}
{'loss': '0.1258', 'grad_norm': '0.1909', 'learning_rate': '9.341e-05', 'entropy': '0.1357', 'num_tokens': '2.118e+07', 'mean_token_accuracy': '0.9539', 'epoch': '1.066'}
{'loss': '0.2316', 'grad_norm': '0.2504', 'learning_rate': '9.33e-05', 'entropy': '0.1973', 'num_tokens': '2.122e+07', 'mean_token_accuracy': '0.9346', 'epoch': '1.067'}
{'loss': '0.1828', 'grad_norm': '0.1967', 'learning_rate': '9.319e-05', 'entropy': '0.1769', 'num_tokens': '2.126e+07', 'mean_token_accuracy': '0.9402', 'epoch': '1.068'}
{'loss': '0.1807', 'grad_norm': '0.21', 'learning_rate': '9.309e-05', 'entropy': '0.2008', 'num_tokens': '2.129e+07', 'mean_token_accuracy': '0.9375', 'epoch': '1.069'}
{'loss': '0.1861', 'grad_norm': '0.2815', 'learning_rate': '9.298e-05', 'entropy': '0.1924', 'num_tokens': '2.133e+07', 'mean_token_accuracy': '0.9382', 'epoch': '1.07'}
{'loss': '0.137', 'grad_norm': '0.2801', 'learning_rate': '9.288e-05', 'entropy': '0.1492', 'num_tokens': '2.137e+07', 'mean_token_accuracy': '0.95', 'epoch': '1.071'}
{'loss': '0.1551', 'grad_norm': '0.2924', 'learning_rate': '9.277e-05', 'entropy': '0.1539', 'num_tokens': '2.14e+07', 'mean_token_accuracy': '0.9483', 'epoch': '1.072'}
{'loss': '0.1915', 'grad_norm': '0.2953', 'learning_rate': '9.266e-05', 'entropy': '0.166', 'num_tokens': '2.143e+07', 'mean_token_accuracy': '0.9429', 'epoch': '1.073'}
{'loss': '0.1558', 'grad_norm': '0.2587', 'learning_rate': '9.256e-05', 'entropy': '0.1593', 'num_tokens': '2.146e+07', 'mean_token_accuracy': '0.9495', 'epoch': '1.075'}
{'loss': '0.1547', 'grad_norm': '0.3561', 'learning_rate': '9.245e-05', 'entropy': '0.1504', 'num_tokens': '2.149e+07', 'mean_token_accuracy': '0.9479', 'epoch': '1.076'}
{'loss': '0.1522', 'grad_norm': '0.3876', 'learning_rate': '9.234e-05', 'entropy': '0.1648', 'num_tokens': '2.152e+07', 'mean_token_accuracy': '0.9444', 'epoch': '1.077'}
{'loss': '0.1732', 'grad_norm': '0.1755', 'learning_rate': '9.224e-05', 'entropy': '0.1682', 'num_tokens': '2.157e+07', 'mean_token_accuracy': '0.9443', 'epoch': '1.078'}
{'loss': '0.1594', 'grad_norm': '0.13', 'learning_rate': '9.213e-05', 'entropy': '0.1582', 'num_tokens': '2.16e+07', 'mean_token_accuracy': '0.9451', 'epoch': '1.079'}
{'loss': '0.1628', 'grad_norm': '0.3363', 'learning_rate': '9.203e-05', 'entropy': '0.1487', 'num_tokens': '2.164e+07', 'mean_token_accuracy': '0.9467', 'epoch': '1.08'}
{'loss': '0.1728', 'grad_norm': '0.3675', 'learning_rate': '9.192e-05', 'entropy': '0.1533', 'num_tokens': '2.167e+07', 'mean_token_accuracy': '0.9469', 'epoch': '1.081'}
{'loss': '0.1531', 'grad_norm': '0.243', 'learning_rate': '9.181e-05', 'entropy': '0.1666', 'num_tokens': '2.171e+07', 'mean_token_accuracy': '0.9444', 'epoch': '1.082'}
{'loss': '0.1431', 'grad_norm': '0.2368', 'learning_rate': '9.171e-05', 'entropy': '0.1519', 'num_tokens': '2.174e+07', 'mean_token_accuracy': '0.9478', 'epoch': '1.083'}
{'loss': '0.1979', 'grad_norm': '0.1868', 'learning_rate': '9.16e-05', 'entropy': '0.1853', 'num_tokens': '2.178e+07', 'mean_token_accuracy': '0.935', 'epoch': '1.084'}
{'loss': '0.1573', 'grad_norm': '0.3747', 'learning_rate': '9.15e-05', 'entropy': '0.1403', 'num_tokens': '2.182e+07', 'mean_token_accuracy': '0.9499', 'epoch': '1.085'}
{'loss': '0.148', 'grad_norm': '0.3127', 'learning_rate': '9.139e-05', 'entropy': '0.1433', 'num_tokens': '2.186e+07', 'mean_token_accuracy': '0.9531', 'epoch': '1.086'}
{'loss': '0.1961', 'grad_norm': '0.2889', 'learning_rate': '9.128e-05', 'entropy': '0.2116', 'num_tokens': '2.19e+07', 'mean_token_accuracy': '0.9297', 'epoch': '1.087'}
{'loss': '0.1898', 'grad_norm': '0.222', 'learning_rate': '9.118e-05', 'entropy': '0.1769', 'num_tokens': '2.193e+07', 'mean_token_accuracy': '0.9397', 'epoch': '1.088'}
{'loss': '0.1764', 'grad_norm': '0.3377', 'learning_rate': '9.107e-05', 'entropy': '0.1686', 'num_tokens': '2.196e+07', 'mean_token_accuracy': '0.9433', 'epoch': '1.089'}
{'loss': '0.1718', 'grad_norm': '0.3134', 'learning_rate': '9.096e-05', 'entropy': '0.156', 'num_tokens': '2.2e+07', 'mean_token_accuracy': '0.9518', 'epoch': '1.09'}
{'loss': '0.1858', 'grad_norm': '0.2496', 'learning_rate': '9.086e-05', 'entropy': '0.1651', 'num_tokens': '2.204e+07', 'mean_token_accuracy': '0.9431', 'epoch': '1.092'}
{'loss': '0.185', 'grad_norm': '0.3266', 'learning_rate': '9.075e-05', 'entropy': '0.1885', 'num_tokens': '2.207e+07', 'mean_token_accuracy': '0.9375', 'epoch': '1.093'}
{'loss': '0.1949', 'grad_norm': '0.3188', 'learning_rate': '9.065e-05', 'entropy': '0.1929', 'num_tokens': '2.21e+07', 'mean_token_accuracy': '0.9337', 'epoch': '1.094'}
{'loss': '0.1551', 'grad_norm': '0.4522', 'learning_rate': '9.054e-05', 'entropy': '0.1449', 'num_tokens': '2.214e+07', 'mean_token_accuracy': '0.9522', 'epoch': '1.095'}
{'loss': '0.1701', 'grad_norm': '0.3367', 'learning_rate': '9.043e-05', 'entropy': '0.1637', 'num_tokens': '2.217e+07', 'mean_token_accuracy': '0.9458', 'epoch': '1.096'}
{'loss': '0.134', 'grad_norm': '0.152', 'learning_rate': '9.033e-05', 'entropy': '0.1367', 'num_tokens': '2.221e+07', 'mean_token_accuracy': '0.9514', 'epoch': '1.097'}
{'loss': '0.186', 'grad_norm': '0.2926', 'learning_rate': '9.022e-05', 'entropy': '0.1865', 'num_tokens': '2.224e+07', 'mean_token_accuracy': '0.936', 'epoch': '1.098'}
{'loss': '0.1942', 'grad_norm': '0.2368', 'learning_rate': '9.011e-05', 'entropy': '0.2009', 'num_tokens': '2.228e+07', 'mean_token_accuracy': '0.927', 'epoch': '1.099'}
{'loss': '0.1351', 'grad_norm': '0.2715', 'learning_rate': '9.001e-05', 'entropy': '0.1452', 'num_tokens': '2.231e+07', 'mean_token_accuracy': '0.9524', 'epoch': '1.1'}
{'loss': '0.184', 'grad_norm': '0.2191', 'learning_rate': '8.99e-05', 'entropy': '0.1702', 'num_tokens': '2.234e+07', 'mean_token_accuracy': '0.9392', 'epoch': '1.101'}
{'loss': '0.1483', 'grad_norm': '0.2535', 'learning_rate': '8.98e-05', 'entropy': '0.1426', 'num_tokens': '2.238e+07', 'mean_token_accuracy': '0.9536', 'epoch': '1.102'}
{'loss': '0.1894', 'grad_norm': '0.3155', 'learning_rate': '8.969e-05', 'entropy': '0.1917', 'num_tokens': '2.241e+07', 'mean_token_accuracy': '0.9375', 'epoch': '1.103'}
{'loss': '0.1265', 'grad_norm': '0.2207', 'learning_rate': '8.958e-05', 'entropy': '0.1205', 'num_tokens': '2.245e+07', 'mean_token_accuracy': '0.9588', 'epoch': '1.104'}
{'loss': '0.1848', 'grad_norm': '0.8347', 'learning_rate': '8.948e-05', 'entropy': '0.176', 'num_tokens': '2.248e+07', 'mean_token_accuracy': '0.9389', 'epoch': '1.105'}
{'loss': '0.1556', 'grad_norm': '0.2555', 'learning_rate': '8.937e-05', 'entropy': '0.1507', 'num_tokens': '2.251e+07', 'mean_token_accuracy': '0.9493', 'epoch': '1.106'}
{'loss': '0.1593', 'grad_norm': '0.4175', 'learning_rate': '8.927e-05', 'entropy': '0.1533', 'num_tokens': '2.254e+07', 'mean_token_accuracy': '0.9487', 'epoch': '1.107'}
{'loss': '0.1511', 'grad_norm': '0.2946', 'learning_rate': '8.916e-05', 'entropy': '0.1429', 'num_tokens': '2.257e+07', 'mean_token_accuracy': '0.9534', 'epoch': '1.109'}
{'loss': '0.1548', 'grad_norm': '0.2429', 'learning_rate': '8.905e-05', 'entropy': '0.1562', 'num_tokens': '2.261e+07', 'mean_token_accuracy': '0.9457', 'epoch': '1.11'}
{'loss': '0.1748', 'grad_norm': '0.5766', 'learning_rate': '8.895e-05', 'entropy': '0.1658', 'num_tokens': '2.264e+07', 'mean_token_accuracy': '0.9449', 'epoch': '1.111'}
{'loss': '0.1664', 'grad_norm': '0.4882', 'learning_rate': '8.884e-05', 'entropy': '0.153', 'num_tokens': '2.267e+07', 'mean_token_accuracy': '0.9474', 'epoch': '1.112'}
{'loss': '0.1633', 'grad_norm': '0.3702', 'learning_rate': '8.873e-05', 'entropy': '0.145', 'num_tokens': '2.271e+07', 'mean_token_accuracy': '0.9515', 'epoch': '1.113'}
{'loss': '0.1406', 'grad_norm': '0.2774', 'learning_rate': '8.863e-05', 'entropy': '0.1364', 'num_tokens': '2.274e+07', 'mean_token_accuracy': '0.9531', 'epoch': '1.114'}
{'loss': '0.1473', 'grad_norm': '0.269', 'learning_rate': '8.852e-05', 'entropy': '0.1558', 'num_tokens': '2.278e+07', 'mean_token_accuracy': '0.9508', 'epoch': '1.115'}
{'loss': '0.1359', 'grad_norm': '0.2354', 'learning_rate': '8.842e-05', 'entropy': '0.1423', 'num_tokens': '2.281e+07', 'mean_token_accuracy': '0.954', 'epoch': '1.116'}
{'loss': '0.1623', 'grad_norm': '0.2883', 'learning_rate': '8.831e-05', 'entropy': '0.1663', 'num_tokens': '2.284e+07', 'mean_token_accuracy': '0.9442', 'epoch': '1.117'}
{'loss': '0.1173', 'grad_norm': '0.2845', 'learning_rate': '8.82e-05', 'entropy': '0.113', 'num_tokens': '2.288e+07', 'mean_token_accuracy': '0.9622', 'epoch': '1.118'}
{'loss': '0.1759', 'grad_norm': '0.1557', 'learning_rate': '8.81e-05', 'entropy': '0.1572', 'num_tokens': '2.291e+07', 'mean_token_accuracy': '0.9448', 'epoch': '1.119'}
{'loss': '0.1443', 'grad_norm': '0.5813', 'learning_rate': '8.799e-05', 'entropy': '0.1542', 'num_tokens': '2.295e+07', 'mean_token_accuracy': '0.9493', 'epoch': '1.12'}
{'loss': '0.1473', 'grad_norm': '0.3513', 'learning_rate': '8.788e-05', 'entropy': '0.1596', 'num_tokens': '2.299e+07', 'mean_token_accuracy': '0.9455', 'epoch': '1.121'}
{'loss': '0.1282', 'grad_norm': '0.1321', 'learning_rate': '8.778e-05', 'entropy': '0.1212', 'num_tokens': '2.303e+07', 'mean_token_accuracy': '0.955', 'epoch': '1.122'}
{'loss': '0.1454', 'grad_norm': '0.5313', 'learning_rate': '8.767e-05', 'entropy': '0.1521', 'num_tokens': '2.306e+07', 'mean_token_accuracy': '0.9486', 'epoch': '1.123'}
{'loss': '0.1281', 'grad_norm': '0.2941', 'learning_rate': '8.757e-05', 'entropy': '0.1319', 'num_tokens': '2.309e+07', 'mean_token_accuracy': '0.9557', 'epoch': '1.124'}
{'loss': '0.1514', 'grad_norm': '0.2992', 'learning_rate': '8.746e-05', 'entropy': '0.1477', 'num_tokens': '2.313e+07', 'mean_token_accuracy': '0.9501', 'epoch': '1.126'}
{'loss': '0.1504', 'grad_norm': '0.5786', 'learning_rate': '8.735e-05', 'entropy': '0.1379', 'num_tokens': '2.316e+07', 'mean_token_accuracy': '0.9555', 'epoch': '1.127'}
{'loss': '0.1729', 'grad_norm': '0.2904', 'learning_rate': '8.725e-05', 'entropy': '0.1583', 'num_tokens': '2.32e+07', 'mean_token_accuracy': '0.9464', 'epoch': '1.128'}
{'loss': '0.1666', 'grad_norm': '0.6087', 'learning_rate': '8.714e-05', 'entropy': '0.164', 'num_tokens': '2.324e+07', 'mean_token_accuracy': '0.9454', 'epoch': '1.129'}
{'loss': '0.1818', 'grad_norm': '0.2214', 'learning_rate': '8.704e-05', 'entropy': '0.1916', 'num_tokens': '2.327e+07', 'mean_token_accuracy': '0.9377', 'epoch': '1.13'}
{'loss': '0.1384', 'grad_norm': '0.2152', 'learning_rate': '8.693e-05', 'entropy': '0.1468', 'num_tokens': '2.331e+07', 'mean_token_accuracy': '0.9481', 'epoch': '1.131'}
{'loss': '0.1701', 'grad_norm': '0.5138', 'learning_rate': '8.682e-05', 'entropy': '0.19', 'num_tokens': '2.334e+07', 'mean_token_accuracy': '0.9339', 'epoch': '1.132'}
{'loss': '0.1995', 'grad_norm': '0.2386', 'learning_rate': '8.672e-05', 'entropy': '0.1968', 'num_tokens': '2.339e+07', 'mean_token_accuracy': '0.9357', 'epoch': '1.133'}
{'loss': '0.1553', 'grad_norm': '0.149', 'learning_rate': '8.661e-05', 'entropy': '0.1389', 'num_tokens': '2.342e+07', 'mean_token_accuracy': '0.9489', 'epoch': '1.134'}
{'loss': '0.2099', 'grad_norm': '0.272', 'learning_rate': '8.65e-05', 'entropy': '0.1993', 'num_tokens': '2.347e+07', 'mean_token_accuracy': '0.9297', 'epoch': '1.135'}
{'loss': '0.1716', 'grad_norm': '0.3992', 'learning_rate': '8.64e-05', 'entropy': '0.1749', 'num_tokens': '2.35e+07', 'mean_token_accuracy': '0.9422', 'epoch': '1.136'}
{'loss': '0.1673', 'grad_norm': '0.1753', 'learning_rate': '8.629e-05', 'entropy': '0.1583', 'num_tokens': '2.354e+07', 'mean_token_accuracy': '0.946', 'epoch': '1.137'}
{'loss': '0.1779', 'grad_norm': '0.193', 'learning_rate': '8.619e-05', 'entropy': '0.1664', 'num_tokens': '2.358e+07', 'mean_token_accuracy': '0.9382', 'epoch': '1.138'}
{'loss': '0.173', 'grad_norm': '0.2288', 'learning_rate': '8.608e-05', 'entropy': '0.1604', 'num_tokens': '2.361e+07', 'mean_token_accuracy': '0.9504', 'epoch': '1.139'}
{'loss': '0.1358', 'grad_norm': '0.2396', 'learning_rate': '8.597e-05', 'entropy': '0.1339', 'num_tokens': '2.365e+07', 'mean_token_accuracy': '0.9571', 'epoch': '1.14'}
{'loss': '0.1576', 'grad_norm': '0.3165', 'learning_rate': '8.587e-05', 'entropy': '0.1598', 'num_tokens': '2.369e+07', 'mean_token_accuracy': '0.9458', 'epoch': '1.141'}
{'loss': '0.1612', 'grad_norm': '0.2198', 'learning_rate': '8.576e-05', 'entropy': '0.1745', 'num_tokens': '2.373e+07', 'mean_token_accuracy': '0.937', 'epoch': '1.142'}
{'loss': '0.1718', 'grad_norm': '0.7299', 'learning_rate': '8.566e-05', 'entropy': '0.1541', 'num_tokens': '2.376e+07', 'mean_token_accuracy': '0.9419', 'epoch': '1.144'}
{'loss': '0.1457', 'grad_norm': '0.2718', 'learning_rate': '8.555e-05', 'entropy': '0.1292', 'num_tokens': '2.38e+07', 'mean_token_accuracy': '0.9535', 'epoch': '1.145'}
{'loss': '0.1312', 'grad_norm': '0.209', 'learning_rate': '8.544e-05', 'entropy': '0.1319', 'num_tokens': '2.383e+07', 'mean_token_accuracy': '0.9547', 'epoch': '1.146'}
{'loss': '0.1858', 'grad_norm': '0.2696', 'learning_rate': '8.534e-05', 'entropy': '0.1749', 'num_tokens': '2.386e+07', 'mean_token_accuracy': '0.9351', 'epoch': '1.147'}
{'loss': '0.1261', 'grad_norm': '0.2549', 'learning_rate': '8.523e-05', 'entropy': '0.1468', 'num_tokens': '2.389e+07', 'mean_token_accuracy': '0.9513', 'epoch': '1.148'}
{'loss': '0.1438', 'grad_norm': '0.3139', 'learning_rate': '8.512e-05', 'entropy': '0.1512', 'num_tokens': '2.393e+07', 'mean_token_accuracy': '0.95', 'epoch': '1.149'}
{'loss': '0.1264', 'grad_norm': '0.2186', 'learning_rate': '8.502e-05', 'entropy': '0.1233', 'num_tokens': '2.396e+07', 'mean_token_accuracy': '0.9609', 'epoch': '1.15'}
{'loss': '0.1407', 'grad_norm': '0.3105', 'learning_rate': '8.491e-05', 'entropy': '0.1503', 'num_tokens': '2.399e+07', 'mean_token_accuracy': '0.946', 'epoch': '1.151'}
{'loss': '0.1674', 'grad_norm': '0.3262', 'learning_rate': '8.481e-05', 'entropy': '0.1507', 'num_tokens': '2.402e+07', 'mean_token_accuracy': '0.9492', 'epoch': '1.152'}
{'loss': '0.1399', 'grad_norm': '0.2767', 'learning_rate': '8.47e-05', 'entropy': '0.1316', 'num_tokens': '2.406e+07', 'mean_token_accuracy': '0.9547', 'epoch': '1.153'}
{'loss': '0.1596', 'grad_norm': '0.247', 'learning_rate': '8.459e-05', 'entropy': '0.1493', 'num_tokens': '2.41e+07', 'mean_token_accuracy': '0.9468', 'epoch': '1.154'}
{'loss': '0.1165', 'grad_norm': '0.2514', 'learning_rate': '8.449e-05', 'entropy': '0.1334', 'num_tokens': '2.414e+07', 'mean_token_accuracy': '0.9562', 'epoch': '1.155'}
{'loss': '0.1531', 'grad_norm': '0.2507', 'learning_rate': '8.438e-05', 'entropy': '0.1444', 'num_tokens': '2.417e+07', 'mean_token_accuracy': '0.9532', 'epoch': '1.156'}
{'loss': '0.131', 'grad_norm': '0.2349', 'learning_rate': '8.427e-05', 'entropy': '0.1497', 'num_tokens': '2.421e+07', 'mean_token_accuracy': '0.9533', 'epoch': '1.157'}
{'loss': '0.1715', 'grad_norm': '0.3226', 'learning_rate': '8.417e-05', 'entropy': '0.1576', 'num_tokens': '2.424e+07', 'mean_token_accuracy': '0.9453', 'epoch': '1.158'}
{'loss': '0.1504', 'grad_norm': '0.5995', 'learning_rate': '8.406e-05', 'entropy': '0.1546', 'num_tokens': '2.427e+07', 'mean_token_accuracy': '0.9466', 'epoch': '1.159'}
{'loss': '0.1265', 'grad_norm': '0.1826', 'learning_rate': '8.396e-05', 'entropy': '0.1146', 'num_tokens': '2.431e+07', 'mean_token_accuracy': '0.9605', 'epoch': '1.161'}
{'loss': '0.1601', 'grad_norm': '0.3417', 'learning_rate': '8.385e-05', 'entropy': '0.1469', 'num_tokens': '2.434e+07', 'mean_token_accuracy': '0.95', 'epoch': '1.162'}
{'loss': '0.1749', 'grad_norm': '0.2992', 'learning_rate': '8.374e-05', 'entropy': '0.1637', 'num_tokens': '2.437e+07', 'mean_token_accuracy': '0.9438', 'epoch': '1.163'}
{'loss': '0.1748', 'grad_norm': '0.1859', 'learning_rate': '8.364e-05', 'entropy': '0.163', 'num_tokens': '2.441e+07', 'mean_token_accuracy': '0.9451', 'epoch': '1.164'}
{'loss': '0.188', 'grad_norm': '0.3538', 'learning_rate': '8.353e-05', 'entropy': '0.1738', 'num_tokens': '2.444e+07', 'mean_token_accuracy': '0.941', 'epoch': '1.165'}
{'loss': '0.1528', 'grad_norm': '0.2676', 'learning_rate': '8.343e-05', 'entropy': '0.1655', 'num_tokens': '2.447e+07', 'mean_token_accuracy': '0.9468', 'epoch': '1.166'}
{'loss': '0.1719', 'grad_norm': '0.4298', 'learning_rate': '8.332e-05', 'entropy': '0.1635', 'num_tokens': '2.451e+07', 'mean_token_accuracy': '0.9462', 'epoch': '1.167'}
{'loss': '0.1472', 'grad_norm': '0.2801', 'learning_rate': '8.321e-05', 'entropy': '0.1595', 'num_tokens': '2.454e+07', 'mean_token_accuracy': '0.9442', 'epoch': '1.168'}
{'loss': '0.1652', 'grad_norm': '0.1891', 'learning_rate': '8.311e-05', 'entropy': '0.1606', 'num_tokens': '2.457e+07', 'mean_token_accuracy': '0.9436', 'epoch': '1.169'}
{'loss': '0.1604', 'grad_norm': '0.2984', 'learning_rate': '8.3e-05', 'entropy': '0.1436', 'num_tokens': '2.46e+07', 'mean_token_accuracy': '0.9501', 'epoch': '1.17'}
{'loss': '0.1475', 'grad_norm': '0.1831', 'learning_rate': '8.289e-05', 'entropy': '0.1525', 'num_tokens': '2.463e+07', 'mean_token_accuracy': '0.9456', 'epoch': '1.171'}
{'loss': '0.1439', 'grad_norm': '0.4006', 'learning_rate': '8.279e-05', 'entropy': '0.1491', 'num_tokens': '2.466e+07', 'mean_token_accuracy': '0.9473', 'epoch': '1.172'}
{'loss': '0.1385', 'grad_norm': '0.3487', 'learning_rate': '8.268e-05', 'entropy': '0.1401', 'num_tokens': '2.47e+07', 'mean_token_accuracy': '0.9515', 'epoch': '1.173'}
{'loss': '0.1425', 'grad_norm': '0.2272', 'learning_rate': '8.258e-05', 'entropy': '0.138', 'num_tokens': '2.473e+07', 'mean_token_accuracy': '0.9523', 'epoch': '1.174'}
{'loss': '0.1726', 'grad_norm': '0.2517', 'learning_rate': '8.247e-05', 'entropy': '0.1621', 'num_tokens': '2.476e+07', 'mean_token_accuracy': '0.9443', 'epoch': '1.175'}
{'loss': '0.1257', 'grad_norm': '0.4266', 'learning_rate': '8.236e-05', 'entropy': '0.1271', 'num_tokens': '2.479e+07', 'mean_token_accuracy': '0.9544', 'epoch': '1.176'}
{'loss': '0.1499', 'grad_norm': '0.2934', 'learning_rate': '8.226e-05', 'entropy': '0.1577', 'num_tokens': '2.482e+07', 'mean_token_accuracy': '0.9471', 'epoch': '1.178'}
{'loss': '0.1902', 'grad_norm': '0.2613', 'learning_rate': '8.215e-05', 'entropy': '0.1659', 'num_tokens': '2.486e+07', 'mean_token_accuracy': '0.941', 'epoch': '1.179'}
{'loss': '0.1292', 'grad_norm': '0.3775', 'learning_rate': '8.205e-05', 'entropy': '0.145', 'num_tokens': '2.489e+07', 'mean_token_accuracy': '0.9527', 'epoch': '1.18'}
{'loss': '0.153', 'grad_norm': '0.1711', 'learning_rate': '8.194e-05', 'entropy': '0.1687', 'num_tokens': '2.492e+07', 'mean_token_accuracy': '0.9416', 'epoch': '1.181'}
{'loss': '0.1799', 'grad_norm': '0.4419', 'learning_rate': '8.183e-05', 'entropy': '0.1727', 'num_tokens': '2.495e+07', 'mean_token_accuracy': '0.9422', 'epoch': '1.182'}
{'loss': '0.2032', 'grad_norm': '0.2666', 'learning_rate': '8.173e-05', 'entropy': '0.1709', 'num_tokens': '2.498e+07', 'mean_token_accuracy': '0.9423', 'epoch': '1.183'}
{'loss': '0.1701', 'grad_norm': '0.3565', 'learning_rate': '8.162e-05', 'entropy': '0.1837', 'num_tokens': '2.502e+07', 'mean_token_accuracy': '0.9418', 'epoch': '1.184'}
{'loss': '0.1643', 'grad_norm': '0.3132', 'learning_rate': '8.151e-05', 'entropy': '0.1536', 'num_tokens': '2.506e+07', 'mean_token_accuracy': '0.947', 'epoch': '1.185'}
{'loss': '0.1552', 'grad_norm': '0.2517', 'learning_rate': '8.141e-05', 'entropy': '0.1555', 'num_tokens': '2.509e+07', 'mean_token_accuracy': '0.9447', 'epoch': '1.186'}
{'loss': '0.1951', 'grad_norm': '0.2567', 'learning_rate': '8.13e-05', 'entropy': '0.171', 'num_tokens': '2.512e+07', 'mean_token_accuracy': '0.9428', 'epoch': '1.187'}
{'loss': '0.1524', 'grad_norm': '0.4119', 'learning_rate': '8.12e-05', 'entropy': '0.1485', 'num_tokens': '2.516e+07', 'mean_token_accuracy': '0.9482', 'epoch': '1.188'}
{'loss': '0.1467', 'grad_norm': '0.1906', 'learning_rate': '8.109e-05', 'entropy': '0.1509', 'num_tokens': '2.519e+07', 'mean_token_accuracy': '0.9491', 'epoch': '1.189'}
{'loss': '0.1533', 'grad_norm': '0.2037', 'learning_rate': '8.098e-05', 'entropy': '0.1524', 'num_tokens': '2.522e+07', 'mean_token_accuracy': '0.9505', 'epoch': '1.19'}
{'loss': '0.1581', 'grad_norm': '0.3168', 'learning_rate': '8.088e-05', 'entropy': '0.1615', 'num_tokens': '2.525e+07', 'mean_token_accuracy': '0.9487', 'epoch': '1.191'}
{'loss': '0.2022', 'grad_norm': '0.4377', 'learning_rate': '8.077e-05', 'entropy': '0.1799', 'num_tokens': '2.528e+07', 'mean_token_accuracy': '0.9397', 'epoch': '1.192'}
{'loss': '0.1938', 'grad_norm': '0.4852', 'learning_rate': '8.066e-05', 'entropy': '0.1958', 'num_tokens': '2.532e+07', 'mean_token_accuracy': '0.9333', 'epoch': '1.193'}
{'loss': '0.1257', 'grad_norm': '0.4576', 'learning_rate': '8.056e-05', 'entropy': '0.1345', 'num_tokens': '2.535e+07', 'mean_token_accuracy': '0.9549', 'epoch': '1.195'}
{'loss': '0.1573', 'grad_norm': '0.8534', 'learning_rate': '8.045e-05', 'entropy': '0.1728', 'num_tokens': '2.538e+07', 'mean_token_accuracy': '0.9444', 'epoch': '1.196'}
{'loss': '0.1232', 'grad_norm': '0.3654', 'learning_rate': '8.035e-05', 'entropy': '0.1265', 'num_tokens': '2.542e+07', 'mean_token_accuracy': '0.9545', 'epoch': '1.197'}
{'loss': '0.1279', 'grad_norm': '0.1819', 'learning_rate': '8.024e-05', 'entropy': '0.141', 'num_tokens': '2.545e+07', 'mean_token_accuracy': '0.9509', 'epoch': '1.198'}
{'loss': '0.1601', 'grad_norm': '0.9223', 'learning_rate': '8.013e-05', 'entropy': '0.1495', 'num_tokens': '2.549e+07', 'mean_token_accuracy': '0.9454', 'epoch': '1.199'}
{'loss': '0.227', 'grad_norm': '0.4996', 'learning_rate': '8.003e-05', 'entropy': '0.2091', 'num_tokens': '2.551e+07', 'mean_token_accuracy': '0.931', 'epoch': '1.2'}
{'loss': '0.1639', 'grad_norm': '0.2437', 'learning_rate': '7.992e-05', 'entropy': '0.166', 'num_tokens': '2.555e+07', 'mean_token_accuracy': '0.9433', 'epoch': '1.201'}
{'loss': '0.1241', 'grad_norm': '0.2391', 'learning_rate': '7.982e-05', 'entropy': '0.1283', 'num_tokens': '2.559e+07', 'mean_token_accuracy': '0.9558', 'epoch': '1.202'}
{'loss': '0.1394', 'grad_norm': '0.2785', 'learning_rate': '7.971e-05', 'entropy': '0.1425', 'num_tokens': '2.562e+07', 'mean_token_accuracy': '0.9475', 'epoch': '1.203'}
{'loss': '0.1742', 'grad_norm': '0.2848', 'learning_rate': '7.96e-05', 'entropy': '0.1667', 'num_tokens': '2.566e+07', 'mean_token_accuracy': '0.9419', 'epoch': '1.204'}
{'loss': '0.1275', 'grad_norm': '0.1626', 'learning_rate': '7.95e-05', 'entropy': '0.1305', 'num_tokens': '2.569e+07', 'mean_token_accuracy': '0.9582', 'epoch': '1.205'}
{'loss': '0.1321', 'grad_norm': '0.3487', 'learning_rate': '7.939e-05', 'entropy': '0.139', 'num_tokens': '2.573e+07', 'mean_token_accuracy': '0.9526', 'epoch': '1.206'}
{'loss': '0.1718', 'grad_norm': '0.3318', 'learning_rate': '7.928e-05', 'entropy': '0.1549', 'num_tokens': '2.576e+07', 'mean_token_accuracy': '0.9473', 'epoch': '1.207'}
{'loss': '0.161', 'grad_norm': '0.2303', 'learning_rate': '7.918e-05', 'entropy': '0.1567', 'num_tokens': '2.58e+07', 'mean_token_accuracy': '0.9457', 'epoch': '1.208'}
{'loss': '0.1542', 'grad_norm': '0.306', 'learning_rate': '7.907e-05', 'entropy': '0.1548', 'num_tokens': '2.584e+07', 'mean_token_accuracy': '0.946', 'epoch': '1.209'}
{'loss': '0.1445', 'grad_norm': '0.2674', 'learning_rate': '7.897e-05', 'entropy': '0.1534', 'num_tokens': '2.587e+07', 'mean_token_accuracy': '0.9526', 'epoch': '1.21'}
{'loss': '0.1269', 'grad_norm': '0.196', 'learning_rate': '7.886e-05', 'entropy': '0.1186', 'num_tokens': '2.59e+07', 'mean_token_accuracy': '0.9633', 'epoch': '1.212'}
{'loss': '0.1723', 'grad_norm': '0.2406', 'learning_rate': '7.875e-05', 'entropy': '0.1513', 'num_tokens': '2.594e+07', 'mean_token_accuracy': '0.9467', 'epoch': '1.213'}
{'loss': '0.1446', 'grad_norm': '0.474', 'learning_rate': '7.865e-05', 'entropy': '0.1414', 'num_tokens': '2.596e+07', 'mean_token_accuracy': '0.9474', 'epoch': '1.214'}
{'loss': '0.1439', 'grad_norm': '0.2776', 'learning_rate': '7.854e-05', 'entropy': '0.1358', 'num_tokens': '2.6e+07', 'mean_token_accuracy': '0.9534', 'epoch': '1.215'}
{'loss': '0.1689', 'grad_norm': '0.8248', 'learning_rate': '7.843e-05', 'entropy': '0.1651', 'num_tokens': '2.604e+07', 'mean_token_accuracy': '0.945', 'epoch': '1.216'}
{'loss': '0.168', 'grad_norm': '0.227', 'learning_rate': '7.833e-05', 'entropy': '0.1545', 'num_tokens': '2.607e+07', 'mean_token_accuracy': '0.9446', 'epoch': '1.217'}
{'loss': '0.2117', 'grad_norm': '0.1986', 'learning_rate': '7.822e-05', 'entropy': '0.1745', 'num_tokens': '2.611e+07', 'mean_token_accuracy': '0.9367', 'epoch': '1.218'}
{'loss': '0.1364', 'grad_norm': '0.2694', 'learning_rate': '7.812e-05', 'entropy': '0.1471', 'num_tokens': '2.614e+07', 'mean_token_accuracy': '0.9517', 'epoch': '1.219'}
{'loss': '0.1377', 'grad_norm': '0.2622', 'learning_rate': '7.801e-05', 'entropy': '0.1475', 'num_tokens': '2.618e+07', 'mean_token_accuracy': '0.946', 'epoch': '1.22'}
{'loss': '0.1427', 'grad_norm': '0.2686', 'learning_rate': '7.79e-05', 'entropy': '0.1532', 'num_tokens': '2.621e+07', 'mean_token_accuracy': '0.948', 'epoch': '1.221'}
{'loss': '0.217', 'grad_norm': '0.2643', 'learning_rate': '7.78e-05', 'entropy': '0.1784', 'num_tokens': '2.625e+07', 'mean_token_accuracy': '0.9387', 'epoch': '1.222'}
{'loss': '0.1644', 'grad_norm': '0.3105', 'learning_rate': '7.769e-05', 'entropy': '0.1705', 'num_tokens': '2.627e+07', 'mean_token_accuracy': '0.9441', 'epoch': '1.223'}
{'loss': '0.1746', 'grad_norm': '0.287', 'learning_rate': '7.759e-05', 'entropy': '0.1739', 'num_tokens': '2.631e+07', 'mean_token_accuracy': '0.94', 'epoch': '1.224'}
{'loss': '0.1586', 'grad_norm': '0.3043', 'learning_rate': '7.748e-05', 'entropy': '0.1623', 'num_tokens': '2.634e+07', 'mean_token_accuracy': '0.9453', 'epoch': '1.225'}
{'loss': '0.156', 'grad_norm': '0.3571', 'learning_rate': '7.737e-05', 'entropy': '0.1483', 'num_tokens': '2.638e+07', 'mean_token_accuracy': '0.9537', 'epoch': '1.226'}
{'loss': '0.1636', 'grad_norm': '0.5217', 'learning_rate': '7.727e-05', 'entropy': '0.165', 'num_tokens': '2.642e+07', 'mean_token_accuracy': '0.9375', 'epoch': '1.227'}
{'loss': '0.1719', 'grad_norm': '0.4315', 'learning_rate': '7.716e-05', 'entropy': '0.1695', 'num_tokens': '2.645e+07', 'mean_token_accuracy': '0.9459', 'epoch': '1.228'}
{'loss': '0.122', 'grad_norm': '0.2931', 'learning_rate': '7.705e-05', 'entropy': '0.1263', 'num_tokens': '2.648e+07', 'mean_token_accuracy': '0.9578', 'epoch': '1.23'}
{'loss': '0.1497', 'grad_norm': '0.202', 'learning_rate': '7.695e-05', 'entropy': '0.1379', 'num_tokens': '2.652e+07', 'mean_token_accuracy': '0.9522', 'epoch': '1.231'}
{'loss': '0.1403', 'grad_norm': '0.171', 'learning_rate': '7.684e-05', 'entropy': '0.145', 'num_tokens': '2.656e+07', 'mean_token_accuracy': '0.9516', 'epoch': '1.232'}
{'loss': '0.144', 'grad_norm': '0.3791', 'learning_rate': '7.674e-05', 'entropy': '0.1481', 'num_tokens': '2.659e+07', 'mean_token_accuracy': '0.9502', 'epoch': '1.233'}
{'loss': '0.1378', 'grad_norm': '0.2112', 'learning_rate': '7.663e-05', 'entropy': '0.1255', 'num_tokens': '2.663e+07', 'mean_token_accuracy': '0.9568', 'epoch': '1.234'}
{'loss': '0.1355', 'grad_norm': '0.1562', 'learning_rate': '7.652e-05', 'entropy': '0.139', 'num_tokens': '2.666e+07', 'mean_token_accuracy': '0.9514', 'epoch': '1.235'}
{'loss': '0.1846', 'grad_norm': '0.1743', 'learning_rate': '7.642e-05', 'entropy': '0.1834', 'num_tokens': '2.671e+07', 'mean_token_accuracy': '0.931', 'epoch': '1.236'}
{'loss': '0.1605', 'grad_norm': '0.4636', 'learning_rate': '7.631e-05', 'entropy': '0.165', 'num_tokens': '2.673e+07', 'mean_token_accuracy': '0.9426', 'epoch': '1.237'}
{'loss': '0.1542', 'grad_norm': '0.2786', 'learning_rate': '7.621e-05', 'entropy': '0.1599', 'num_tokens': '2.677e+07', 'mean_token_accuracy': '0.9436', 'epoch': '1.238'}
{'loss': '0.1873', 'grad_norm': '0.1491', 'learning_rate': '7.61e-05', 'entropy': '0.1593', 'num_tokens': '2.68e+07', 'mean_token_accuracy': '0.9485', 'epoch': '1.239'}
{'loss': '0.1345', 'grad_norm': '0.1654', 'learning_rate': '7.599e-05', 'entropy': '0.1406', 'num_tokens': '2.684e+07', 'mean_token_accuracy': '0.9569', 'epoch': '1.24'}
{'loss': '0.1332', 'grad_norm': '0.1789', 'learning_rate': '7.589e-05', 'entropy': '0.1198', 'num_tokens': '2.687e+07', 'mean_token_accuracy': '0.9573', 'epoch': '1.241'}
{'loss': '0.1712', 'grad_norm': '0.1767', 'learning_rate': '7.578e-05', 'entropy': '0.1642', 'num_tokens': '2.691e+07', 'mean_token_accuracy': '0.9425', 'epoch': '1.242'}
{'loss': '0.1863', 'grad_norm': '0.2565', 'learning_rate': '7.567e-05', 'entropy': '0.1886', 'num_tokens': '2.694e+07', 'mean_token_accuracy': '0.9364', 'epoch': '1.243'}
{'loss': '0.1282', 'grad_norm': '0.2626', 'learning_rate': '7.557e-05', 'entropy': '0.1484', 'num_tokens': '2.698e+07', 'mean_token_accuracy': '0.9549', 'epoch': '1.244'}
{'loss': '0.1669', 'grad_norm': '0.2506', 'learning_rate': '7.546e-05', 'entropy': '0.1445', 'num_tokens': '2.701e+07', 'mean_token_accuracy': '0.9493', 'epoch': '1.245'}
{'loss': '0.1298', 'grad_norm': '0.2447', 'learning_rate': '7.536e-05', 'entropy': '0.1344', 'num_tokens': '2.704e+07', 'mean_token_accuracy': '0.952', 'epoch': '1.247'}
{'loss': '0.144', 'grad_norm': '0.2285', 'learning_rate': '7.525e-05', 'entropy': '0.1367', 'num_tokens': '2.708e+07', 'mean_token_accuracy': '0.9515', 'epoch': '1.248'}
{'loss': '0.1857', 'grad_norm': '0.5756', 'learning_rate': '7.514e-05', 'entropy': '0.1684', 'num_tokens': '2.711e+07', 'mean_token_accuracy': '0.9413', 'epoch': '1.249'}
{'loss': '0.1863', 'grad_norm': '0.2431', 'learning_rate': '7.504e-05', 'entropy': '0.1861', 'num_tokens': '2.715e+07', 'mean_token_accuracy': '0.9398', 'epoch': '1.25'}
{'loss': '0.1539', 'grad_norm': '0.2205', 'learning_rate': '7.493e-05', 'entropy': '0.1595', 'num_tokens': '2.719e+07', 'mean_token_accuracy': '0.9477', 'epoch': '1.251'}
{'loss': '0.1506', 'grad_norm': '0.2646', 'learning_rate': '7.482e-05', 'entropy': '0.1494', 'num_tokens': '2.722e+07', 'mean_token_accuracy': '0.9474', 'epoch': '1.252'}
{'loss': '0.146', 'grad_norm': '0.3929', 'learning_rate': '7.472e-05', 'entropy': '0.1533', 'num_tokens': '2.725e+07', 'mean_token_accuracy': '0.9485', 'epoch': '1.253'}
{'loss': '0.1465', 'grad_norm': '0.2474', 'learning_rate': '7.461e-05', 'entropy': '0.1433', 'num_tokens': '2.729e+07', 'mean_token_accuracy': '0.9531', 'epoch': '1.254'}
{'loss': '0.1419', 'grad_norm': '0.8266', 'learning_rate': '7.451e-05', 'entropy': '0.1518', 'num_tokens': '2.732e+07', 'mean_token_accuracy': '0.9452', 'epoch': '1.255'}
{'loss': '0.1245', 'grad_norm': '0.1928', 'learning_rate': '7.44e-05', 'entropy': '0.1275', 'num_tokens': '2.735e+07', 'mean_token_accuracy': '0.9578', 'epoch': '1.256'}
{'loss': '0.1652', 'grad_norm': '0.3439', 'learning_rate': '7.429e-05', 'entropy': '0.1619', 'num_tokens': '2.738e+07', 'mean_token_accuracy': '0.9419', 'epoch': '1.257'}
{'loss': '0.184', 'grad_norm': '0.2381', 'learning_rate': '7.419e-05', 'entropy': '0.1775', 'num_tokens': '2.742e+07', 'mean_token_accuracy': '0.9414', 'epoch': '1.258'}
{'loss': '0.1611', 'grad_norm': '0.3365', 'learning_rate': '7.408e-05', 'entropy': '0.1579', 'num_tokens': '2.745e+07', 'mean_token_accuracy': '0.9503', 'epoch': '1.259'}
{'loss': '0.1374', 'grad_norm': '0.2006', 'learning_rate': '7.398e-05', 'entropy': '0.1312', 'num_tokens': '2.749e+07', 'mean_token_accuracy': '0.9525', 'epoch': '1.26'}
{'loss': '0.1649', 'grad_norm': '0.3751', 'learning_rate': '7.387e-05', 'entropy': '0.1627', 'num_tokens': '2.753e+07', 'mean_token_accuracy': '0.941', 'epoch': '1.261'}
{'loss': '0.1348', 'grad_norm': '0.548', 'learning_rate': '7.376e-05', 'entropy': '0.1415', 'num_tokens': '2.756e+07', 'mean_token_accuracy': '0.9546', 'epoch': '1.262'}
{'loss': '0.1155', 'grad_norm': '0.4438', 'learning_rate': '7.366e-05', 'entropy': '0.1356', 'num_tokens': '2.76e+07', 'mean_token_accuracy': '0.9539', 'epoch': '1.264'}
{'loss': '0.1477', 'grad_norm': '0.2463', 'learning_rate': '7.355e-05', 'entropy': '0.1492', 'num_tokens': '2.764e+07', 'mean_token_accuracy': '0.9493', 'epoch': '1.265'}
{'loss': '0.1769', 'grad_norm': '0.8402', 'learning_rate': '7.344e-05', 'entropy': '0.1683', 'num_tokens': '2.767e+07', 'mean_token_accuracy': '0.9436', 'epoch': '1.266'}
{'loss': '0.138', 'grad_norm': '0.4987', 'learning_rate': '7.334e-05', 'entropy': '0.1476', 'num_tokens': '2.771e+07', 'mean_token_accuracy': '0.9509', 'epoch': '1.267'}
{'loss': '0.1323', 'grad_norm': '0.2426', 'learning_rate': '7.323e-05', 'entropy': '0.1168', 'num_tokens': '2.774e+07', 'mean_token_accuracy': '0.9566', 'epoch': '1.268'}
{'loss': '0.1214', 'grad_norm': '0.2839', 'learning_rate': '7.313e-05', 'entropy': '0.1216', 'num_tokens': '2.777e+07', 'mean_token_accuracy': '0.9576', 'epoch': '1.269'}
{'loss': '0.1384', 'grad_norm': '0.1701', 'learning_rate': '7.302e-05', 'entropy': '0.1466', 'num_tokens': '2.78e+07', 'mean_token_accuracy': '0.9531', 'epoch': '1.27'}
{'loss': '0.1746', 'grad_norm': '0.4625', 'learning_rate': '7.291e-05', 'entropy': '0.1563', 'num_tokens': '2.784e+07', 'mean_token_accuracy': '0.9445', 'epoch': '1.271'}
{'loss': '0.1655', 'grad_norm': '0.3274', 'learning_rate': '7.281e-05', 'entropy': '0.1575', 'num_tokens': '2.786e+07', 'mean_token_accuracy': '0.9506', 'epoch': '1.272'}
{'loss': '0.1391', 'grad_norm': '0.1992', 'learning_rate': '7.27e-05', 'entropy': '0.1403', 'num_tokens': '2.79e+07', 'mean_token_accuracy': '0.9559', 'epoch': '1.273'}
{'loss': '0.2164', 'grad_norm': '0.4021', 'learning_rate': '7.26e-05', 'entropy': '0.2025', 'num_tokens': '2.794e+07', 'mean_token_accuracy': '0.9315', 'epoch': '1.274'}
{'loss': '0.1646', 'grad_norm': '0.246', 'learning_rate': '7.249e-05', 'entropy': '0.1708', 'num_tokens': '2.797e+07', 'mean_token_accuracy': '0.9463', 'epoch': '1.275'}
{'loss': '0.1491', 'grad_norm': '0.3026', 'learning_rate': '7.238e-05', 'entropy': '0.1382', 'num_tokens': '2.801e+07', 'mean_token_accuracy': '0.9556', 'epoch': '1.276'}
{'loss': '0.1321', 'grad_norm': '0.2319', 'learning_rate': '7.228e-05', 'entropy': '0.1302', 'num_tokens': '2.803e+07', 'mean_token_accuracy': '0.9582', 'epoch': '1.277'}
{'loss': '0.1302', 'grad_norm': '0.323', 'learning_rate': '7.217e-05', 'entropy': '0.1281', 'num_tokens': '2.807e+07', 'mean_token_accuracy': '0.9566', 'epoch': '1.278'}
{'loss': '0.1587', 'grad_norm': '0.2397', 'learning_rate': '7.206e-05', 'entropy': '0.1418', 'num_tokens': '2.811e+07', 'mean_token_accuracy': '0.9519', 'epoch': '1.279'}
{'loss': '0.1408', 'grad_norm': '0.2944', 'learning_rate': '7.196e-05', 'entropy': '0.1291', 'num_tokens': '2.814e+07', 'mean_token_accuracy': '0.9573', 'epoch': '1.281'}
{'loss': '0.1343', 'grad_norm': '0.2272', 'learning_rate': '7.185e-05', 'entropy': '0.1312', 'num_tokens': '2.818e+07', 'mean_token_accuracy': '0.9536', 'epoch': '1.282'}
{'loss': '0.1703', 'grad_norm': '0.2609', 'learning_rate': '7.175e-05', 'entropy': '0.1586', 'num_tokens': '2.82e+07', 'mean_token_accuracy': '0.9466', 'epoch': '1.283'}
{'loss': '0.1383', 'grad_norm': '0.1974', 'learning_rate': '7.164e-05', 'entropy': '0.1303', 'num_tokens': '2.824e+07', 'mean_token_accuracy': '0.9548', 'epoch': '1.284'}
{'loss': '0.1606', 'grad_norm': '0.368', 'learning_rate': '7.153e-05', 'entropy': '0.1584', 'num_tokens': '2.827e+07', 'mean_token_accuracy': '0.9451', 'epoch': '1.285'}
{'loss': '0.1612', 'grad_norm': '0.331', 'learning_rate': '7.143e-05', 'entropy': '0.1628', 'num_tokens': '2.831e+07', 'mean_token_accuracy': '0.9461', 'epoch': '1.286'}
{'loss': '0.155', 'grad_norm': '0.5006', 'learning_rate': '7.132e-05', 'entropy': '0.1507', 'num_tokens': '2.833e+07', 'mean_token_accuracy': '0.948', 'epoch': '1.287'}
{'loss': '0.148', 'grad_norm': '0.2207', 'learning_rate': '7.121e-05', 'entropy': '0.1527', 'num_tokens': '2.837e+07', 'mean_token_accuracy': '0.9499', 'epoch': '1.288'}
{'loss': '0.1365', 'grad_norm': '0.26', 'learning_rate': '7.111e-05', 'entropy': '0.1337', 'num_tokens': '2.841e+07', 'mean_token_accuracy': '0.9531', 'epoch': '1.289'}
{'loss': '0.1395', 'grad_norm': '0.2641', 'learning_rate': '7.1e-05', 'entropy': '0.1388', 'num_tokens': '2.843e+07', 'mean_token_accuracy': '0.9536', 'epoch': '1.29'}
{'loss': '0.1255', 'grad_norm': '0.3436', 'learning_rate': '7.09e-05', 'entropy': '0.1525', 'num_tokens': '2.846e+07', 'mean_token_accuracy': '0.9478', 'epoch': '1.291'}
{'loss': '0.1429', 'grad_norm': '0.3229', 'learning_rate': '7.079e-05', 'entropy': '0.1382', 'num_tokens': '2.85e+07', 'mean_token_accuracy': '0.9536', 'epoch': '1.292'}
{'loss': '0.1457', 'grad_norm': '0.2388', 'learning_rate': '7.068e-05', 'entropy': '0.1538', 'num_tokens': '2.854e+07', 'mean_token_accuracy': '0.9437', 'epoch': '1.293'}
{'loss': '0.1797', 'grad_norm': '0.2846', 'learning_rate': '7.058e-05', 'entropy': '0.1632', 'num_tokens': '2.858e+07', 'mean_token_accuracy': '0.9437', 'epoch': '1.294'}
{'loss': '0.1396', 'grad_norm': '0.438', 'learning_rate': '7.047e-05', 'entropy': '0.1418', 'num_tokens': '2.862e+07', 'mean_token_accuracy': '0.9506', 'epoch': '1.295'}
{'loss': '0.1655', 'grad_norm': '0.3642', 'learning_rate': '7.037e-05', 'entropy': '0.1556', 'num_tokens': '2.865e+07', 'mean_token_accuracy': '0.9455', 'epoch': '1.296'}
{'loss': '0.1581', 'grad_norm': '0.1944', 'learning_rate': '7.026e-05', 'entropy': '0.1566', 'num_tokens': '2.869e+07', 'mean_token_accuracy': '0.9456', 'epoch': '1.298'}
{'loss': '0.1505', 'grad_norm': '0.469', 'learning_rate': '7.015e-05', 'entropy': '0.1468', 'num_tokens': '2.872e+07', 'mean_token_accuracy': '0.9497', 'epoch': '1.299'}
{'loss': '0.1514', 'grad_norm': '0.1352', 'learning_rate': '7.005e-05', 'entropy': '0.1532', 'num_tokens': '2.875e+07', 'mean_token_accuracy': '0.9488', 'epoch': '1.3'}
{'loss': '0.1781', 'grad_norm': '0.2091', 'learning_rate': '6.994e-05', 'entropy': '0.1563', 'num_tokens': '2.878e+07', 'mean_token_accuracy': '0.9461', 'epoch': '1.301'}
{'loss': '0.1496', 'grad_norm': '0.4539', 'learning_rate': '6.983e-05', 'entropy': '0.1421', 'num_tokens': '2.881e+07', 'mean_token_accuracy': '0.9497', 'epoch': '1.302'}
{'loss': '0.1337', 'grad_norm': '0.2636', 'learning_rate': '6.973e-05', 'entropy': '0.1286', 'num_tokens': '2.885e+07', 'mean_token_accuracy': '0.9554', 'epoch': '1.303'}
{'loss': '0.1767', 'grad_norm': '0.1839', 'learning_rate': '6.962e-05', 'entropy': '0.1632', 'num_tokens': '2.888e+07', 'mean_token_accuracy': '0.9423', 'epoch': '1.304'}
{'loss': '0.134', 'grad_norm': '0.2339', 'learning_rate': '6.952e-05', 'entropy': '0.1455', 'num_tokens': '2.892e+07', 'mean_token_accuracy': '0.9501', 'epoch': '1.305'}
{'loss': '0.1627', 'grad_norm': '0.2429', 'learning_rate': '6.941e-05', 'entropy': '0.1552', 'num_tokens': '2.895e+07', 'mean_token_accuracy': '0.9493', 'epoch': '1.306'}
{'loss': '0.1988', 'grad_norm': '0.3097', 'learning_rate': '6.93e-05', 'entropy': '0.1698', 'num_tokens': '2.899e+07', 'mean_token_accuracy': '0.9415', 'epoch': '1.307'}
{'loss': '0.1779', 'grad_norm': '0.1637', 'learning_rate': '6.92e-05', 'entropy': '0.1733', 'num_tokens': '2.903e+07', 'mean_token_accuracy': '0.9398', 'epoch': '1.308'}
{'loss': '0.1643', 'grad_norm': '0.3789', 'learning_rate': '6.909e-05', 'entropy': '0.1655', 'num_tokens': '2.906e+07', 'mean_token_accuracy': '0.9424', 'epoch': '1.309'}
{'loss': '0.1191', 'grad_norm': '0.1872', 'learning_rate': '6.898e-05', 'entropy': '0.1207', 'num_tokens': '2.91e+07', 'mean_token_accuracy': '0.9597', 'epoch': '1.31'}
{'loss': '0.1502', 'grad_norm': '0.3498', 'learning_rate': '6.888e-05', 'entropy': '0.1303', 'num_tokens': '2.913e+07', 'mean_token_accuracy': '0.9518', 'epoch': '1.311'}
{'loss': '0.1707', 'grad_norm': '0.5091', 'learning_rate': '6.877e-05', 'entropy': '0.156', 'num_tokens': '2.916e+07', 'mean_token_accuracy': '0.9445', 'epoch': '1.312'}
{'loss': '0.1448', 'grad_norm': '0.27', 'learning_rate': '6.867e-05', 'entropy': '0.1475', 'num_tokens': '2.92e+07', 'mean_token_accuracy': '0.9516', 'epoch': '1.313'}
{'loss': '0.1469', 'grad_norm': '0.2009', 'learning_rate': '6.856e-05', 'entropy': '0.1584', 'num_tokens': '2.924e+07', 'mean_token_accuracy': '0.9453', 'epoch': '1.315'}
{'loss': '0.1321', 'grad_norm': '0.1707', 'learning_rate': '6.845e-05', 'entropy': '0.1286', 'num_tokens': '2.927e+07', 'mean_token_accuracy': '0.9549', 'epoch': '1.316'}
{'loss': '0.1912', 'grad_norm': '0.1846', 'learning_rate': '6.835e-05', 'entropy': '0.1609', 'num_tokens': '2.931e+07', 'mean_token_accuracy': '0.9447', 'epoch': '1.317'}
{'loss': '0.1431', 'grad_norm': '0.2747', 'learning_rate': '6.824e-05', 'entropy': '0.151', 'num_tokens': '2.934e+07', 'mean_token_accuracy': '0.9494', 'epoch': '1.318'}
{'loss': '0.167', 'grad_norm': '0.5716', 'learning_rate': '6.814e-05', 'entropy': '0.183', 'num_tokens': '2.938e+07', 'mean_token_accuracy': '0.9382', 'epoch': '1.319'}
{'loss': '0.1858', 'grad_norm': '0.1558', 'learning_rate': '6.803e-05', 'entropy': '0.1709', 'num_tokens': '2.943e+07', 'mean_token_accuracy': '0.9406', 'epoch': '1.32'}
{'loss': '0.1404', 'grad_norm': '0.1686', 'learning_rate': '6.792e-05', 'entropy': '0.1445', 'num_tokens': '2.946e+07', 'mean_token_accuracy': '0.9531', 'epoch': '1.321'}
{'loss': '0.1232', 'grad_norm': '0.112', 'learning_rate': '6.782e-05', 'entropy': '0.1269', 'num_tokens': '2.95e+07', 'mean_token_accuracy': '0.9586', 'epoch': '1.322'}
{'loss': '0.1056', 'grad_norm': '0.2624', 'learning_rate': '6.771e-05', 'entropy': '0.1169', 'num_tokens': '2.953e+07', 'mean_token_accuracy': '0.9598', 'epoch': '1.323'}
{'loss': '0.174', 'grad_norm': '0.3298', 'learning_rate': '6.76e-05', 'entropy': '0.1632', 'num_tokens': '2.957e+07', 'mean_token_accuracy': '0.9445', 'epoch': '1.324'}
{'loss': '0.1546', 'grad_norm': '0.3359', 'learning_rate': '6.75e-05', 'entropy': '0.1556', 'num_tokens': '2.96e+07', 'mean_token_accuracy': '0.9463', 'epoch': '1.325'}
{'loss': '0.1201', 'grad_norm': '0.2302', 'learning_rate': '6.739e-05', 'entropy': '0.1129', 'num_tokens': '2.963e+07', 'mean_token_accuracy': '0.9624', 'epoch': '1.326'}
{'loss': '0.1775', 'grad_norm': '0.4464', 'learning_rate': '6.729e-05', 'entropy': '0.1583', 'num_tokens': '2.967e+07', 'mean_token_accuracy': '0.9425', 'epoch': '1.327'}
{'loss': '0.1343', 'grad_norm': '0.3292', 'learning_rate': '6.718e-05', 'entropy': '0.1339', 'num_tokens': '2.97e+07', 'mean_token_accuracy': '0.9593', 'epoch': '1.328'}
{'loss': '0.1348', 'grad_norm': '0.1478', 'learning_rate': '6.707e-05', 'entropy': '0.1521', 'num_tokens': '2.974e+07', 'mean_token_accuracy': '0.9532', 'epoch': '1.329'}
{'loss': '0.1685', 'grad_norm': '0.5031', 'learning_rate': '6.697e-05', 'entropy': '0.1603', 'num_tokens': '2.977e+07', 'mean_token_accuracy': '0.9405', 'epoch': '1.33'}
{'loss': '0.1323', 'grad_norm': '0.2882', 'learning_rate': '6.686e-05', 'entropy': '0.1312', 'num_tokens': '2.98e+07', 'mean_token_accuracy': '0.9542', 'epoch': '1.331'}
{'loss': '0.1171', 'grad_norm': '0.1958', 'learning_rate': '6.676e-05', 'entropy': '0.118', 'num_tokens': '2.983e+07', 'mean_token_accuracy': '0.9569', 'epoch': '1.333'}
{'loss': '0.1707', 'grad_norm': '0.3655', 'learning_rate': '6.665e-05', 'entropy': '0.1878', 'num_tokens': '2.987e+07', 'mean_token_accuracy': '0.9385', 'epoch': '1.334'}
{'loss': '0.1564', 'grad_norm': '0.394', 'learning_rate': '6.654e-05', 'entropy': '0.1565', 'num_tokens': '2.99e+07', 'mean_token_accuracy': '0.9479', 'epoch': '1.335'}
{'loss': '0.1692', 'grad_norm': '0.6626', 'learning_rate': '6.644e-05', 'entropy': '0.1478', 'num_tokens': '2.993e+07', 'mean_token_accuracy': '0.9448', 'epoch': '1.336'}
{'loss': '0.1507', 'grad_norm': '0.4179', 'learning_rate': '6.633e-05', 'entropy': '0.1467', 'num_tokens': '2.997e+07', 'mean_token_accuracy': '0.9504', 'epoch': '1.337'}
{'loss': '0.1208', 'grad_norm': '0.3094', 'learning_rate': '6.622e-05', 'entropy': '0.1224', 'num_tokens': '3e+07', 'mean_token_accuracy': '0.9562', 'epoch': '1.338'}
{'loss': '0.1456', 'grad_norm': '0.1873', 'learning_rate': '6.612e-05', 'entropy': '0.1454', 'num_tokens': '3.003e+07', 'mean_token_accuracy': '0.9484', 'epoch': '1.339'}
{'loss': '0.1662', 'grad_norm': '0.5191', 'learning_rate': '6.601e-05', 'entropy': '0.1637', 'num_tokens': '3.006e+07', 'mean_token_accuracy': '0.9452', 'epoch': '1.34'}
{'loss': '0.1791', 'grad_norm': '0.5728', 'learning_rate': '6.591e-05', 'entropy': '0.2064', 'num_tokens': '3.009e+07', 'mean_token_accuracy': '0.9348', 'epoch': '1.341'}
{'loss': '0.1389', 'grad_norm': '0.5877', 'learning_rate': '6.58e-05', 'entropy': '0.1266', 'num_tokens': '3.013e+07', 'mean_token_accuracy': '0.9544', 'epoch': '1.342'}
{'loss': '0.1587', 'grad_norm': '0.226', 'learning_rate': '6.569e-05', 'entropy': '0.15', 'num_tokens': '3.016e+07', 'mean_token_accuracy': '0.9484', 'epoch': '1.343'}
{'loss': '0.1478', 'grad_norm': '0.297', 'learning_rate': '6.559e-05', 'entropy': '0.1363', 'num_tokens': '3.02e+07', 'mean_token_accuracy': '0.9525', 'epoch': '1.344'}
{'loss': '0.1712', 'grad_norm': '0.4214', 'learning_rate': '6.548e-05', 'entropy': '0.1758', 'num_tokens': '3.023e+07', 'mean_token_accuracy': '0.9408', 'epoch': '1.345'}
{'loss': '0.1665', 'grad_norm': '0.3918', 'learning_rate': '6.537e-05', 'entropy': '0.1578', 'num_tokens': '3.026e+07', 'mean_token_accuracy': '0.9424', 'epoch': '1.346'}
{'loss': '0.1301', 'grad_norm': '0.1932', 'learning_rate': '6.527e-05', 'entropy': '0.1316', 'num_tokens': '3.029e+07', 'mean_token_accuracy': '0.9568', 'epoch': '1.347'}
{'loss': '0.1473', 'grad_norm': '0.3349', 'learning_rate': '6.516e-05', 'entropy': '0.1607', 'num_tokens': '3.033e+07', 'mean_token_accuracy': '0.9486', 'epoch': '1.348'}
{'loss': '0.1704', 'grad_norm': '0.66', 'learning_rate': '6.506e-05', 'entropy': '0.1717', 'num_tokens': '3.036e+07', 'mean_token_accuracy': '0.9431', 'epoch': '1.35'}
{'loss': '0.1291', 'grad_norm': '0.5913', 'learning_rate': '6.495e-05', 'entropy': '0.1204', 'num_tokens': '3.039e+07', 'mean_token_accuracy': '0.9554', 'epoch': '1.351'}
{'loss': '0.1212', 'grad_norm': '0.2311', 'learning_rate': '6.484e-05', 'entropy': '0.123', 'num_tokens': '3.042e+07', 'mean_token_accuracy': '0.9565', 'epoch': '1.352'}
{'loss': '0.149', 'grad_norm': '0.267', 'learning_rate': '6.474e-05', 'entropy': '0.1429', 'num_tokens': '3.045e+07', 'mean_token_accuracy': '0.9533', 'epoch': '1.353'}
{'loss': '0.1303', 'grad_norm': '0.2157', 'learning_rate': '6.463e-05', 'entropy': '0.1316', 'num_tokens': '3.049e+07', 'mean_token_accuracy': '0.9546', 'epoch': '1.354'}
{'loss': '0.186', 'grad_norm': '0.3804', 'learning_rate': '6.453e-05', 'entropy': '0.1565', 'num_tokens': '3.052e+07', 'mean_token_accuracy': '0.9455', 'epoch': '1.355'}
{'loss': '0.1776', 'grad_norm': '0.1757', 'learning_rate': '6.442e-05', 'entropy': '0.1763', 'num_tokens': '3.056e+07', 'mean_token_accuracy': '0.9393', 'epoch': '1.356'}
{'loss': '0.1536', 'grad_norm': '0.2143', 'learning_rate': '6.431e-05', 'entropy': '0.1511', 'num_tokens': '3.06e+07', 'mean_token_accuracy': '0.9478', 'epoch': '1.357'}
{'loss': '0.1421', 'grad_norm': '0.1995', 'learning_rate': '6.421e-05', 'entropy': '0.1284', 'num_tokens': '3.063e+07', 'mean_token_accuracy': '0.9555', 'epoch': '1.358'}
{'loss': '0.1521', 'grad_norm': '0.3814', 'learning_rate': '6.41e-05', 'entropy': '0.1473', 'num_tokens': '3.066e+07', 'mean_token_accuracy': '0.9456', 'epoch': '1.359'}
{'loss': '0.1632', 'grad_norm': '0.1781', 'learning_rate': '6.399e-05', 'entropy': '0.1522', 'num_tokens': '3.07e+07', 'mean_token_accuracy': '0.9522', 'epoch': '1.36'}
{'loss': '0.1356', 'grad_norm': '0.3193', 'learning_rate': '6.389e-05', 'entropy': '0.1369', 'num_tokens': '3.073e+07', 'mean_token_accuracy': '0.9567', 'epoch': '1.361'}
{'loss': '0.1204', 'grad_norm': '0.3126', 'learning_rate': '6.378e-05', 'entropy': '0.1133', 'num_tokens': '3.077e+07', 'mean_token_accuracy': '0.9611', 'epoch': '1.362'}
{'loss': '0.1618', 'grad_norm': '0.3994', 'learning_rate': '6.368e-05', 'entropy': '0.1483', 'num_tokens': '3.081e+07', 'mean_token_accuracy': '0.9441', 'epoch': '1.363'}
{'loss': '0.1644', 'grad_norm': '0.3191', 'learning_rate': '6.357e-05', 'entropy': '0.1694', 'num_tokens': '3.085e+07', 'mean_token_accuracy': '0.9425', 'epoch': '1.364'}
{'loss': '0.1683', 'grad_norm': '0.4158', 'learning_rate': '6.346e-05', 'entropy': '0.1761', 'num_tokens': '3.088e+07', 'mean_token_accuracy': '0.9364', 'epoch': '1.365'}
{'loss': '0.1377', 'grad_norm': '0.2825', 'learning_rate': '6.336e-05', 'entropy': '0.1361', 'num_tokens': '3.092e+07', 'mean_token_accuracy': '0.9571', 'epoch': '1.367'}
{'loss': '0.1747', 'grad_norm': '0.3263', 'learning_rate': '6.325e-05', 'entropy': '0.1777', 'num_tokens': '3.095e+07', 'mean_token_accuracy': '0.9378', 'epoch': '1.368'}
{'loss': '0.1294', 'grad_norm': '0.3545', 'learning_rate': '6.315e-05', 'entropy': '0.1271', 'num_tokens': '3.098e+07', 'mean_token_accuracy': '0.9557', 'epoch': '1.369'}
{'loss': '0.1814', 'grad_norm': '0.2237', 'learning_rate': '6.304e-05', 'entropy': '0.1787', 'num_tokens': '3.101e+07', 'mean_token_accuracy': '0.9368', 'epoch': '1.37'}
{'loss': '0.1363', 'grad_norm': '0.6393', 'learning_rate': '6.293e-05', 'entropy': '0.1381', 'num_tokens': '3.104e+07', 'mean_token_accuracy': '0.9547', 'epoch': '1.371'}
{'loss': '0.1646', 'grad_norm': '0.369', 'learning_rate': '6.283e-05', 'entropy': '0.1504', 'num_tokens': '3.108e+07', 'mean_token_accuracy': '0.9497', 'epoch': '1.372'}
{'loss': '0.1485', 'grad_norm': '0.2652', 'learning_rate': '6.272e-05', 'entropy': '0.1531', 'num_tokens': '3.111e+07', 'mean_token_accuracy': '0.9498', 'epoch': '1.373'}
{'loss': '0.1616', 'grad_norm': '0.1835', 'learning_rate': '6.261e-05', 'entropy': '0.1557', 'num_tokens': '3.115e+07', 'mean_token_accuracy': '0.9453', 'epoch': '1.374'}
{'loss': '0.1494', 'grad_norm': '0.2229', 'learning_rate': '6.251e-05', 'entropy': '0.1513', 'num_tokens': '3.119e+07', 'mean_token_accuracy': '0.9491', 'epoch': '1.375'}
{'loss': '0.1152', 'grad_norm': '0.2001', 'learning_rate': '6.24e-05', 'entropy': '0.1194', 'num_tokens': '3.123e+07', 'mean_token_accuracy': '0.9577', 'epoch': '1.376'}
{'loss': '0.1304', 'grad_norm': '0.2106', 'learning_rate': '6.23e-05', 'entropy': '0.1372', 'num_tokens': '3.126e+07', 'mean_token_accuracy': '0.9584', 'epoch': '1.377'}
{'loss': '0.1262', 'grad_norm': '0.2223', 'learning_rate': '6.219e-05', 'entropy': '0.1254', 'num_tokens': '3.129e+07', 'mean_token_accuracy': '0.9567', 'epoch': '1.378'}
{'loss': '0.1453', 'grad_norm': '0.1914', 'learning_rate': '6.208e-05', 'entropy': '0.133', 'num_tokens': '3.134e+07', 'mean_token_accuracy': '0.9509', 'epoch': '1.379'}
{'loss': '0.1575', 'grad_norm': '0.2464', 'learning_rate': '6.198e-05', 'entropy': '0.1464', 'num_tokens': '3.137e+07', 'mean_token_accuracy': '0.9479', 'epoch': '1.38'}
{'loss': '0.1502', 'grad_norm': '0.1895', 'learning_rate': '6.187e-05', 'entropy': '0.1628', 'num_tokens': '3.14e+07', 'mean_token_accuracy': '0.9451', 'epoch': '1.381'}
{'loss': '0.1319', 'grad_norm': '0.3176', 'learning_rate': '6.176e-05', 'entropy': '0.1334', 'num_tokens': '3.143e+07', 'mean_token_accuracy': '0.9524', 'epoch': '1.382'}
{'loss': '0.1509', 'grad_norm': '0.2096', 'learning_rate': '6.166e-05', 'entropy': '0.1408', 'num_tokens': '3.146e+07', 'mean_token_accuracy': '0.9513', 'epoch': '1.384'}
{'loss': '0.1508', 'grad_norm': '0.1785', 'learning_rate': '6.155e-05', 'entropy': '0.1419', 'num_tokens': '3.15e+07', 'mean_token_accuracy': '0.9504', 'epoch': '1.385'}
{'loss': '0.124', 'grad_norm': '0.352', 'learning_rate': '6.145e-05', 'entropy': '0.14', 'num_tokens': '3.153e+07', 'mean_token_accuracy': '0.9514', 'epoch': '1.386'}
{'loss': '0.1784', 'grad_norm': '0.3072', 'learning_rate': '6.134e-05', 'entropy': '0.1727', 'num_tokens': '3.157e+07', 'mean_token_accuracy': '0.9388', 'epoch': '1.387'}
{'loss': '0.1493', 'grad_norm': '0.3756', 'learning_rate': '6.123e-05', 'entropy': '0.1382', 'num_tokens': '3.16e+07', 'mean_token_accuracy': '0.9507', 'epoch': '1.388'}
{'loss': '0.1448', 'grad_norm': '0.3095', 'learning_rate': '6.113e-05', 'entropy': '0.1263', 'num_tokens': '3.163e+07', 'mean_token_accuracy': '0.9534', 'epoch': '1.389'}
{'loss': '0.1922', 'grad_norm': '0.3736', 'learning_rate': '6.102e-05', 'entropy': '0.1751', 'num_tokens': '3.166e+07', 'mean_token_accuracy': '0.9379', 'epoch': '1.39'}
{'loss': '0.2114', 'grad_norm': '0.2945', 'learning_rate': '6.092e-05', 'entropy': '0.1765', 'num_tokens': '3.17e+07', 'mean_token_accuracy': '0.9406', 'epoch': '1.391'}
{'loss': '0.2045', 'grad_norm': '0.4568', 'learning_rate': '6.081e-05', 'entropy': '0.1893', 'num_tokens': '3.173e+07', 'mean_token_accuracy': '0.9355', 'epoch': '1.392'}
{'loss': '0.1856', 'grad_norm': '0.3764', 'learning_rate': '6.07e-05', 'entropy': '0.1811', 'num_tokens': '3.176e+07', 'mean_token_accuracy': '0.9396', 'epoch': '1.393'}
{'loss': '0.1571', 'grad_norm': '0.1589', 'learning_rate': '6.06e-05', 'entropy': '0.1575', 'num_tokens': '3.18e+07', 'mean_token_accuracy': '0.9469', 'epoch': '1.394'}
{'loss': '0.1282', 'grad_norm': '0.2589', 'learning_rate': '6.049e-05', 'entropy': '0.1358', 'num_tokens': '3.184e+07', 'mean_token_accuracy': '0.9514', 'epoch': '1.395'}
{'loss': '0.1535', 'grad_norm': '0.5077', 'learning_rate': '6.038e-05', 'entropy': '0.1392', 'num_tokens': '3.187e+07', 'mean_token_accuracy': '0.9512', 'epoch': '1.396'}
{'loss': '0.1479', 'grad_norm': '0.304', 'learning_rate': '6.028e-05', 'entropy': '0.1528', 'num_tokens': '3.19e+07', 'mean_token_accuracy': '0.9507', 'epoch': '1.397'}
{'loss': '0.1843', 'grad_norm': '0.6677', 'learning_rate': '6.017e-05', 'entropy': '0.1682', 'num_tokens': '3.193e+07', 'mean_token_accuracy': '0.9442', 'epoch': '1.398'}
{'loss': '0.162', 'grad_norm': '0.2947', 'learning_rate': '6.007e-05', 'entropy': '0.1542', 'num_tokens': '3.196e+07', 'mean_token_accuracy': '0.9453', 'epoch': '1.399'}
{'loss': '0.1937', 'grad_norm': '0.2001', 'learning_rate': '5.996e-05', 'entropy': '0.1986', 'num_tokens': '3.201e+07', 'mean_token_accuracy': '0.9339', 'epoch': '1.401'}
{'loss': '0.1539', 'grad_norm': '0.2977', 'learning_rate': '5.985e-05', 'entropy': '0.153', 'num_tokens': '3.205e+07', 'mean_token_accuracy': '0.947', 'epoch': '1.402'}
{'loss': '0.1579', 'grad_norm': '0.5302', 'learning_rate': '5.975e-05', 'entropy': '0.1614', 'num_tokens': '3.208e+07', 'mean_token_accuracy': '0.9447', 'epoch': '1.403'}
{'loss': '0.1489', 'grad_norm': '0.279', 'learning_rate': '5.964e-05', 'entropy': '0.144', 'num_tokens': '3.212e+07', 'mean_token_accuracy': '0.9497', 'epoch': '1.404'}
{'loss': '0.204', 'grad_norm': '0.4333', 'learning_rate': '5.953e-05', 'entropy': '0.1811', 'num_tokens': '3.215e+07', 'mean_token_accuracy': '0.9415', 'epoch': '1.405'}
{'loss': '0.1603', 'grad_norm': '0.1998', 'learning_rate': '5.943e-05', 'entropy': '0.1659', 'num_tokens': '3.219e+07', 'mean_token_accuracy': '0.9427', 'epoch': '1.406'}
{'loss': '0.1605', 'grad_norm': '0.2957', 'learning_rate': '5.932e-05', 'entropy': '0.1777', 'num_tokens': '3.223e+07', 'mean_token_accuracy': '0.9391', 'epoch': '1.407'}
{'loss': '0.1933', 'grad_norm': '0.2032', 'learning_rate': '5.922e-05', 'entropy': '0.1762', 'num_tokens': '3.226e+07', 'mean_token_accuracy': '0.9424', 'epoch': '1.408'}
{'loss': '0.1464', 'grad_norm': '0.1836', 'learning_rate': '5.911e-05', 'entropy': '0.123', 'num_tokens': '3.23e+07', 'mean_token_accuracy': '0.9579', 'epoch': '1.409'}
{'loss': '0.1316', 'grad_norm': '0.7446', 'learning_rate': '5.9e-05', 'entropy': '0.1328', 'num_tokens': '3.233e+07', 'mean_token_accuracy': '0.9535', 'epoch': '1.41'}
{'loss': '0.1585', 'grad_norm': '0.6174', 'learning_rate': '5.89e-05', 'entropy': '0.1561', 'num_tokens': '3.236e+07', 'mean_token_accuracy': '0.9458', 'epoch': '1.411'}
{'loss': '0.1792', 'grad_norm': '0.3793', 'learning_rate': '5.879e-05', 'entropy': '0.1724', 'num_tokens': '3.24e+07', 'mean_token_accuracy': '0.9403', 'epoch': '1.412'}
{'loss': '0.1217', 'grad_norm': '0.3449', 'learning_rate': '5.869e-05', 'entropy': '0.127', 'num_tokens': '3.244e+07', 'mean_token_accuracy': '0.9551', 'epoch': '1.413'}
{'loss': '0.1269', 'grad_norm': '0.2832', 'learning_rate': '5.858e-05', 'entropy': '0.1363', 'num_tokens': '3.247e+07', 'mean_token_accuracy': '0.9533', 'epoch': '1.414'}
{'loss': '0.1648', 'grad_norm': '0.3096', 'learning_rate': '5.847e-05', 'entropy': '0.1512', 'num_tokens': '3.251e+07', 'mean_token_accuracy': '0.9511', 'epoch': '1.415'}
{'loss': '0.1775', 'grad_norm': '0.2226', 'learning_rate': '5.837e-05', 'entropy': '0.1804', 'num_tokens': '3.254e+07', 'mean_token_accuracy': '0.9426', 'epoch': '1.416'}
{'loss': '0.1404', 'grad_norm': '0.2572', 'learning_rate': '5.826e-05', 'entropy': '0.1345', 'num_tokens': '3.257e+07', 'mean_token_accuracy': '0.9545', 'epoch': '1.417'}
{'loss': '0.1814', 'grad_norm': '0.3076', 'learning_rate': '5.815e-05', 'entropy': '0.1713', 'num_tokens': '3.261e+07', 'mean_token_accuracy': '0.9405', 'epoch': '1.419'}
{'loss': '0.1416', 'grad_norm': '0.3233', 'learning_rate': '5.805e-05', 'entropy': '0.1482', 'num_tokens': '3.264e+07', 'mean_token_accuracy': '0.9483', 'epoch': '1.42'}
{'loss': '0.1572', 'grad_norm': '0.323', 'learning_rate': '5.794e-05', 'entropy': '0.1548', 'num_tokens': '3.267e+07', 'mean_token_accuracy': '0.947', 'epoch': '1.421'}
{'loss': '0.1291', 'grad_norm': '0.2258', 'learning_rate': '5.784e-05', 'entropy': '0.1405', 'num_tokens': '3.271e+07', 'mean_token_accuracy': '0.9541', 'epoch': '1.422'}
{'loss': '0.1918', 'grad_norm': '0.2581', 'learning_rate': '5.773e-05', 'entropy': '0.1672', 'num_tokens': '3.274e+07', 'mean_token_accuracy': '0.9427', 'epoch': '1.423'}
{'loss': '0.1246', 'grad_norm': '0.1932', 'learning_rate': '5.762e-05', 'entropy': '0.1319', 'num_tokens': '3.278e+07', 'mean_token_accuracy': '0.9565', 'epoch': '1.424'}
{'loss': '0.1545', 'grad_norm': '0.2271', 'learning_rate': '5.752e-05', 'entropy': '0.139', 'num_tokens': '3.282e+07', 'mean_token_accuracy': '0.9529', 'epoch': '1.425'}
{'loss': '0.1499', 'grad_norm': '0.3321', 'learning_rate': '5.741e-05', 'entropy': '0.1435', 'num_tokens': '3.286e+07', 'mean_token_accuracy': '0.9513', 'epoch': '1.426'}
{'loss': '0.1718', 'grad_norm': '0.2375', 'learning_rate': '5.731e-05', 'entropy': '0.1704', 'num_tokens': '3.289e+07', 'mean_token_accuracy': '0.9433', 'epoch': '1.427'}
{'loss': '0.1823', 'grad_norm': '0.7171', 'learning_rate': '5.72e-05', 'entropy': '0.176', 'num_tokens': '3.292e+07', 'mean_token_accuracy': '0.9419', 'epoch': '1.428'}
{'loss': '0.169', 'grad_norm': '0.1459', 'learning_rate': '5.709e-05', 'entropy': '0.161', 'num_tokens': '3.297e+07', 'mean_token_accuracy': '0.9438', 'epoch': '1.429'}
{'loss': '0.1467', 'grad_norm': '0.4119', 'learning_rate': '5.699e-05', 'entropy': '0.1517', 'num_tokens': '3.3e+07', 'mean_token_accuracy': '0.9479', 'epoch': '1.43'}
{'loss': '0.1332', 'grad_norm': '0.2573', 'learning_rate': '5.688e-05', 'entropy': '0.1417', 'num_tokens': '3.304e+07', 'mean_token_accuracy': '0.9503', 'epoch': '1.431'}
{'loss': '0.1406', 'grad_norm': '0.2242', 'learning_rate': '5.677e-05', 'entropy': '0.1625', 'num_tokens': '3.307e+07', 'mean_token_accuracy': '0.946', 'epoch': '1.432'}
{'loss': '0.1205', 'grad_norm': '0.233', 'learning_rate': '5.667e-05', 'entropy': '0.1236', 'num_tokens': '3.311e+07', 'mean_token_accuracy': '0.9588', 'epoch': '1.433'}
{'loss': '0.1115', 'grad_norm': '0.1889', 'learning_rate': '5.656e-05', 'entropy': '0.1189', 'num_tokens': '3.315e+07', 'mean_token_accuracy': '0.9595', 'epoch': '1.434'}
{'loss': '0.1773', 'grad_norm': '0.2485', 'learning_rate': '5.646e-05', 'entropy': '0.1853', 'num_tokens': '3.318e+07', 'mean_token_accuracy': '0.9328', 'epoch': '1.436'}
{'loss': '0.159', 'grad_norm': '0.1956', 'learning_rate': '5.635e-05', 'entropy': '0.152', 'num_tokens': '3.322e+07', 'mean_token_accuracy': '0.9501', 'epoch': '1.437'}
{'loss': '0.1514', 'grad_norm': '0.3359', 'learning_rate': '5.624e-05', 'entropy': '0.1625', 'num_tokens': '3.325e+07', 'mean_token_accuracy': '0.9494', 'epoch': '1.438'}
{'loss': '0.1537', 'grad_norm': '0.2156', 'learning_rate': '5.614e-05', 'entropy': '0.1426', 'num_tokens': '3.328e+07', 'mean_token_accuracy': '0.9498', 'epoch': '1.439'}
{'loss': '0.1188', 'grad_norm': '0.1684', 'learning_rate': '5.603e-05', 'entropy': '0.1366', 'num_tokens': '3.332e+07', 'mean_token_accuracy': '0.9524', 'epoch': '1.44'}
{'loss': '0.1858', 'grad_norm': '0.3362', 'learning_rate': '5.592e-05', 'entropy': '0.1598', 'num_tokens': '3.336e+07', 'mean_token_accuracy': '0.9416', 'epoch': '1.441'}
{'loss': '0.1698', 'grad_norm': '0.3526', 'learning_rate': '5.582e-05', 'entropy': '0.1793', 'num_tokens': '3.339e+07', 'mean_token_accuracy': '0.9396', 'epoch': '1.442'}
{'loss': '0.127', 'grad_norm': '0.2', 'learning_rate': '5.571e-05', 'entropy': '0.1294', 'num_tokens': '3.342e+07', 'mean_token_accuracy': '0.9562', 'epoch': '1.443'}
{'loss': '0.1202', 'grad_norm': '0.2409', 'learning_rate': '5.561e-05', 'entropy': '0.1304', 'num_tokens': '3.345e+07', 'mean_token_accuracy': '0.9547', 'epoch': '1.444'}
{'loss': '0.1636', 'grad_norm': '0.3034', 'learning_rate': '5.55e-05', 'entropy': '0.173', 'num_tokens': '3.35e+07', 'mean_token_accuracy': '0.9418', 'epoch': '1.445'}
{'loss': '0.1434', 'grad_norm': '0.2503', 'learning_rate': '5.539e-05', 'entropy': '0.1522', 'num_tokens': '3.354e+07', 'mean_token_accuracy': '0.9491', 'epoch': '1.446'}
{'loss': '0.1267', 'grad_norm': '0.2551', 'learning_rate': '5.529e-05', 'entropy': '0.118', 'num_tokens': '3.357e+07', 'mean_token_accuracy': '0.9584', 'epoch': '1.447'}
{'loss': '0.1381', 'grad_norm': '0.2176', 'learning_rate': '5.518e-05', 'entropy': '0.1261', 'num_tokens': '3.36e+07', 'mean_token_accuracy': '0.9544', 'epoch': '1.448'}
{'loss': '0.1472', 'grad_norm': '0.1955', 'learning_rate': '5.508e-05', 'entropy': '0.1549', 'num_tokens': '3.364e+07', 'mean_token_accuracy': '0.9444', 'epoch': '1.449'}
{'loss': '0.1415', 'grad_norm': '0.2587', 'learning_rate': '5.497e-05', 'entropy': '0.1358', 'num_tokens': '3.367e+07', 'mean_token_accuracy': '0.9505', 'epoch': '1.45'}
{'loss': '0.1251', 'grad_norm': '0.1584', 'learning_rate': '5.486e-05', 'entropy': '0.1447', 'num_tokens': '3.371e+07', 'mean_token_accuracy': '0.9508', 'epoch': '1.451'}
{'loss': '0.1669', 'grad_norm': '0.2869', 'learning_rate': '5.476e-05', 'entropy': '0.1595', 'num_tokens': '3.375e+07', 'mean_token_accuracy': '0.9472', 'epoch': '1.453'}
{'loss': '0.1568', 'grad_norm': '0.3674', 'learning_rate': '5.465e-05', 'entropy': '0.1662', 'num_tokens': '3.377e+07', 'mean_token_accuracy': '0.9446', 'epoch': '1.454'}
{'loss': '0.1584', 'grad_norm': '0.1403', 'learning_rate': '5.454e-05', 'entropy': '0.1339', 'num_tokens': '3.381e+07', 'mean_token_accuracy': '0.9524', 'epoch': '1.455'}
{'loss': '0.153', 'grad_norm': '0.2154', 'learning_rate': '5.444e-05', 'entropy': '0.1414', 'num_tokens': '3.386e+07', 'mean_token_accuracy': '0.9532', 'epoch': '1.456'}
{'loss': '0.1735', 'grad_norm': '0.3487', 'learning_rate': '5.433e-05', 'entropy': '0.1647', 'num_tokens': '3.389e+07', 'mean_token_accuracy': '0.9452', 'epoch': '1.457'}
{'loss': '0.1463', 'grad_norm': '0.3619', 'learning_rate': '5.423e-05', 'entropy': '0.1373', 'num_tokens': '3.392e+07', 'mean_token_accuracy': '0.9519', 'epoch': '1.458'}
{'loss': '0.1421', 'grad_norm': '0.2983', 'learning_rate': '5.412e-05', 'entropy': '0.1489', 'num_tokens': '3.396e+07', 'mean_token_accuracy': '0.9477', 'epoch': '1.459'}
{'loss': '0.1423', 'grad_norm': '0.3917', 'learning_rate': '5.401e-05', 'entropy': '0.1444', 'num_tokens': '3.399e+07', 'mean_token_accuracy': '0.9544', 'epoch': '1.46'}
{'loss': '0.1281', 'grad_norm': '0.2114', 'learning_rate': '5.391e-05', 'entropy': '0.1273', 'num_tokens': '3.402e+07', 'mean_token_accuracy': '0.9569', 'epoch': '1.461'}
{'loss': '0.1291', 'grad_norm': '0.2615', 'learning_rate': '5.38e-05', 'entropy': '0.1275', 'num_tokens': '3.406e+07', 'mean_token_accuracy': '0.9566', 'epoch': '1.462'}
{'loss': '0.1591', 'grad_norm': '0.1451', 'learning_rate': '5.37e-05', 'entropy': '0.1396', 'num_tokens': '3.409e+07', 'mean_token_accuracy': '0.9505', 'epoch': '1.463'}
{'loss': '0.1484', 'grad_norm': '0.1941', 'learning_rate': '5.359e-05', 'entropy': '0.1276', 'num_tokens': '3.413e+07', 'mean_token_accuracy': '0.9553', 'epoch': '1.464'}
{'loss': '0.124', 'grad_norm': '0.1434', 'learning_rate': '5.348e-05', 'entropy': '0.1293', 'num_tokens': '3.417e+07', 'mean_token_accuracy': '0.9543', 'epoch': '1.465'}
{'loss': '0.1254', 'grad_norm': '0.3174', 'learning_rate': '5.338e-05', 'entropy': '0.1228', 'num_tokens': '3.42e+07', 'mean_token_accuracy': '0.9607', 'epoch': '1.466'}
{'loss': '0.1167', 'grad_norm': '0.1885', 'learning_rate': '5.327e-05', 'entropy': '0.1133', 'num_tokens': '3.423e+07', 'mean_token_accuracy': '0.9605', 'epoch': '1.467'}
{'loss': '0.1234', 'grad_norm': '0.1468', 'learning_rate': '5.316e-05', 'entropy': '0.1169', 'num_tokens': '3.427e+07', 'mean_token_accuracy': '0.9572', 'epoch': '1.468'}
{'loss': '0.1375', 'grad_norm': '0.2496', 'learning_rate': '5.306e-05', 'entropy': '0.1248', 'num_tokens': '3.43e+07', 'mean_token_accuracy': '0.9581', 'epoch': '1.47'}
{'loss': '0.1546', 'grad_norm': '0.2241', 'learning_rate': '5.295e-05', 'entropy': '0.152', 'num_tokens': '3.433e+07', 'mean_token_accuracy': '0.9527', 'epoch': '1.471'}
{'loss': '0.1895', 'grad_norm': '0.2513', 'learning_rate': '5.285e-05', 'entropy': '0.1586', 'num_tokens': '3.436e+07', 'mean_token_accuracy': '0.9452', 'epoch': '1.472'}
{'loss': '0.1525', 'grad_norm': '0.2175', 'learning_rate': '5.274e-05', 'entropy': '0.1446', 'num_tokens': '3.44e+07', 'mean_token_accuracy': '0.9491', 'epoch': '1.473'}
{'loss': '0.1594', 'grad_norm': '0.3331', 'learning_rate': '5.263e-05', 'entropy': '0.1504', 'num_tokens': '3.444e+07', 'mean_token_accuracy': '0.9494', 'epoch': '1.474'}
{'loss': '0.1324', 'grad_norm': '0.1629', 'learning_rate': '5.253e-05', 'entropy': '0.1508', 'num_tokens': '3.448e+07', 'mean_token_accuracy': '0.951', 'epoch': '1.475'}
{'loss': '0.1666', 'grad_norm': '0.1622', 'learning_rate': '5.242e-05', 'entropy': '0.1469', 'num_tokens': '3.452e+07', 'mean_token_accuracy': '0.9474', 'epoch': '1.476'}
{'loss': '0.1285', 'grad_norm': '0.251', 'learning_rate': '5.231e-05', 'entropy': '0.1384', 'num_tokens': '3.456e+07', 'mean_token_accuracy': '0.9514', 'epoch': '1.477'}
{'loss': '0.138', 'grad_norm': '0.3673', 'learning_rate': '5.221e-05', 'entropy': '0.1499', 'num_tokens': '3.46e+07', 'mean_token_accuracy': '0.9523', 'epoch': '1.478'}
{'loss': '0.1247', 'grad_norm': '0.2116', 'learning_rate': '5.21e-05', 'entropy': '0.1368', 'num_tokens': '3.462e+07', 'mean_token_accuracy': '0.9585', 'epoch': '1.479'}
{'loss': '0.1386', 'grad_norm': '0.1579', 'learning_rate': '5.2e-05', 'entropy': '0.1518', 'num_tokens': '3.466e+07', 'mean_token_accuracy': '0.9509', 'epoch': '1.48'}
{'loss': '0.1521', 'grad_norm': '0.5003', 'learning_rate': '5.189e-05', 'entropy': '0.1622', 'num_tokens': '3.469e+07', 'mean_token_accuracy': '0.9433', 'epoch': '1.481'}
{'loss': '0.148', 'grad_norm': '0.3808', 'learning_rate': '5.178e-05', 'entropy': '0.1456', 'num_tokens': '3.472e+07', 'mean_token_accuracy': '0.9475', 'epoch': '1.482'}
{'loss': '0.1158', 'grad_norm': '0.2619', 'learning_rate': '5.168e-05', 'entropy': '0.1233', 'num_tokens': '3.476e+07', 'mean_token_accuracy': '0.9566', 'epoch': '1.483'}
{'loss': '0.1351', 'grad_norm': '0.3353', 'learning_rate': '5.157e-05', 'entropy': '0.1239', 'num_tokens': '3.479e+07', 'mean_token_accuracy': '0.9529', 'epoch': '1.484'}
{'loss': '0.1592', 'grad_norm': '0.6614', 'learning_rate': '5.147e-05', 'entropy': '0.1577', 'num_tokens': '3.483e+07', 'mean_token_accuracy': '0.9452', 'epoch': '1.485'}
{'loss': '0.1579', 'grad_norm': '0.2772', 'learning_rate': '5.136e-05', 'entropy': '0.16', 'num_tokens': '3.485e+07', 'mean_token_accuracy': '0.944', 'epoch': '1.487'}
{'loss': '0.1207', 'grad_norm': '0.3019', 'learning_rate': '5.125e-05', 'entropy': '0.131', 'num_tokens': '3.489e+07', 'mean_token_accuracy': '0.9542', 'epoch': '1.488'}
{'loss': '0.1265', 'grad_norm': '0.479', 'learning_rate': '5.115e-05', 'entropy': '0.1307', 'num_tokens': '3.492e+07', 'mean_token_accuracy': '0.955', 'epoch': '1.489'}
{'loss': '0.1323', 'grad_norm': '0.2532', 'learning_rate': '5.104e-05', 'entropy': '0.1259', 'num_tokens': '3.496e+07', 'mean_token_accuracy': '0.9543', 'epoch': '1.49'}
{'loss': '0.134', 'grad_norm': '0.3035', 'learning_rate': '5.093e-05', 'entropy': '0.1345', 'num_tokens': '3.499e+07', 'mean_token_accuracy': '0.954', 'epoch': '1.491'}
{'loss': '0.1602', 'grad_norm': '0.2653', 'learning_rate': '5.083e-05', 'entropy': '0.1467', 'num_tokens': '3.502e+07', 'mean_token_accuracy': '0.9521', 'epoch': '1.492'}
{'loss': '0.1599', 'grad_norm': '0.2316', 'learning_rate': '5.072e-05', 'entropy': '0.1546', 'num_tokens': '3.506e+07', 'mean_token_accuracy': '0.9458', 'epoch': '1.493'}
{'loss': '0.1957', 'grad_norm': '0.2295', 'learning_rate': '5.062e-05', 'entropy': '0.1818', 'num_tokens': '3.509e+07', 'mean_token_accuracy': '0.9373', 'epoch': '1.494'}
{'loss': '0.1396', 'grad_norm': '0.2635', 'learning_rate': '5.051e-05', 'entropy': '0.1477', 'num_tokens': '3.513e+07', 'mean_token_accuracy': '0.9485', 'epoch': '1.495'}
{'loss': '0.1416', 'grad_norm': '0.3214', 'learning_rate': '5.04e-05', 'entropy': '0.1251', 'num_tokens': '3.516e+07', 'mean_token_accuracy': '0.9628', 'epoch': '1.496'}
{'loss': '0.1372', 'grad_norm': '0.3288', 'learning_rate': '5.03e-05', 'entropy': '0.1367', 'num_tokens': '3.52e+07', 'mean_token_accuracy': '0.9492', 'epoch': '1.497'}
{'loss': '0.1432', 'grad_norm': '0.164', 'learning_rate': '5.019e-05', 'entropy': '0.1406', 'num_tokens': '3.523e+07', 'mean_token_accuracy': '0.9484', 'epoch': '1.498'}
{'loss': '0.141', 'grad_norm': '0.5208', 'learning_rate': '5.008e-05', 'entropy': '0.1371', 'num_tokens': '3.526e+07', 'mean_token_accuracy': '0.9542', 'epoch': '1.499'}
{'loss': '0.1625', 'grad_norm': '0.1671', 'learning_rate': '4.998e-05', 'entropy': '0.1555', 'num_tokens': '3.531e+07', 'mean_token_accuracy': '0.9461', 'epoch': '1.5'}
{'loss': '0.1223', 'grad_norm': '0.2931', 'learning_rate': '4.987e-05', 'entropy': '0.1324', 'num_tokens': '3.534e+07', 'mean_token_accuracy': '0.9544', 'epoch': '1.501'}
{'loss': '0.159', 'grad_norm': '0.2075', 'learning_rate': '4.977e-05', 'entropy': '0.1526', 'num_tokens': '3.538e+07', 'mean_token_accuracy': '0.949', 'epoch': '1.502'}
{'loss': '0.1556', 'grad_norm': '0.2164', 'learning_rate': '4.966e-05', 'entropy': '0.1549', 'num_tokens': '3.541e+07', 'mean_token_accuracy': '0.9448', 'epoch': '1.504'}
{'loss': '0.1396', 'grad_norm': '0.2342', 'learning_rate': '4.955e-05', 'entropy': '0.1238', 'num_tokens': '3.545e+07', 'mean_token_accuracy': '0.9556', 'epoch': '1.505'}
{'loss': '0.134', 'grad_norm': '0.1814', 'learning_rate': '4.945e-05', 'entropy': '0.1226', 'num_tokens': '3.549e+07', 'mean_token_accuracy': '0.9604', 'epoch': '1.506'}
{'loss': '0.1595', 'grad_norm': '0.1662', 'learning_rate': '4.934e-05', 'entropy': '0.1502', 'num_tokens': '3.553e+07', 'mean_token_accuracy': '0.9483', 'epoch': '1.507'}
{'loss': '0.1358', 'grad_norm': '0.1419', 'learning_rate': '4.924e-05', 'entropy': '0.1241', 'num_tokens': '3.556e+07', 'mean_token_accuracy': '0.9553', 'epoch': '1.508'}
{'loss': '0.1792', 'grad_norm': '0.4462', 'learning_rate': '4.913e-05', 'entropy': '0.1702', 'num_tokens': '3.559e+07', 'mean_token_accuracy': '0.947', 'epoch': '1.509'}
{'loss': '0.1522', 'grad_norm': '0.2891', 'learning_rate': '4.902e-05', 'entropy': '0.1495', 'num_tokens': '3.563e+07', 'mean_token_accuracy': '0.9515', 'epoch': '1.51'}
{'loss': '0.1325', 'grad_norm': '0.8124', 'learning_rate': '4.892e-05', 'entropy': '0.1282', 'num_tokens': '3.566e+07', 'mean_token_accuracy': '0.957', 'epoch': '1.511'}
{'loss': '0.1338', 'grad_norm': '0.4243', 'learning_rate': '4.881e-05', 'entropy': '0.1371', 'num_tokens': '3.569e+07', 'mean_token_accuracy': '0.9567', 'epoch': '1.512'}
{'loss': '0.1691', 'grad_norm': '0.7145', 'learning_rate': '4.87e-05', 'entropy': '0.1656', 'num_tokens': '3.573e+07', 'mean_token_accuracy': '0.9429', 'epoch': '1.513'}
{'loss': '0.1448', 'grad_norm': '0.4517', 'learning_rate': '4.86e-05', 'entropy': '0.1375', 'num_tokens': '3.576e+07', 'mean_token_accuracy': '0.9566', 'epoch': '1.514'}
{'loss': '0.1518', 'grad_norm': '0.4653', 'learning_rate': '4.849e-05', 'entropy': '0.143', 'num_tokens': '3.579e+07', 'mean_token_accuracy': '0.9507', 'epoch': '1.515'}
{'loss': '0.1591', 'grad_norm': '0.2132', 'learning_rate': '4.839e-05', 'entropy': '0.1449', 'num_tokens': '3.582e+07', 'mean_token_accuracy': '0.9517', 'epoch': '1.516'}
{'loss': '0.15', 'grad_norm': '0.327', 'learning_rate': '4.828e-05', 'entropy': '0.1438', 'num_tokens': '3.586e+07', 'mean_token_accuracy': '0.9505', 'epoch': '1.517'}
{'loss': '0.1326', 'grad_norm': '0.4038', 'learning_rate': '4.817e-05', 'entropy': '0.1218', 'num_tokens': '3.59e+07', 'mean_token_accuracy': '0.9573', 'epoch': '1.518'}
{'loss': '0.1761', 'grad_norm': '0.2826', 'learning_rate': '4.807e-05', 'entropy': '0.1752', 'num_tokens': '3.593e+07', 'mean_token_accuracy': '0.9398', 'epoch': '1.519'}
{'loss': '0.1981', 'grad_norm': '0.1877', 'learning_rate': '4.796e-05', 'entropy': '0.1776', 'num_tokens': '3.597e+07', 'mean_token_accuracy': '0.9369', 'epoch': '1.52'}
{'loss': '0.1578', 'grad_norm': '0.2767', 'learning_rate': '4.786e-05', 'entropy': '0.1555', 'num_tokens': '3.601e+07', 'mean_token_accuracy': '0.9498', 'epoch': '1.522'}
{'loss': '0.1362', 'grad_norm': '0.2045', 'learning_rate': '4.775e-05', 'entropy': '0.1387', 'num_tokens': '3.604e+07', 'mean_token_accuracy': '0.95', 'epoch': '1.523'}
{'loss': '0.1513', 'grad_norm': '0.3529', 'learning_rate': '4.764e-05', 'entropy': '0.1519', 'num_tokens': '3.608e+07', 'mean_token_accuracy': '0.9495', 'epoch': '1.524'}
{'loss': '0.1409', 'grad_norm': '0.3098', 'learning_rate': '4.754e-05', 'entropy': '0.1376', 'num_tokens': '3.61e+07', 'mean_token_accuracy': '0.9528', 'epoch': '1.525'}
{'loss': '0.1419', 'grad_norm': '0.3661', 'learning_rate': '4.743e-05', 'entropy': '0.155', 'num_tokens': '3.613e+07', 'mean_token_accuracy': '0.951', 'epoch': '1.526'}
{'loss': '0.1199', 'grad_norm': '0.1992', 'learning_rate': '4.732e-05', 'entropy': '0.1204', 'num_tokens': '3.618e+07', 'mean_token_accuracy': '0.9574', 'epoch': '1.527'}
{'loss': '0.1238', 'grad_norm': '0.2673', 'learning_rate': '4.722e-05', 'entropy': '0.1332', 'num_tokens': '3.621e+07', 'mean_token_accuracy': '0.9555', 'epoch': '1.528'}
{'loss': '0.1862', 'grad_norm': '0.3402', 'learning_rate': '4.711e-05', 'entropy': '0.1585', 'num_tokens': '3.625e+07', 'mean_token_accuracy': '0.9459', 'epoch': '1.529'}
{'loss': '0.1408', 'grad_norm': '0.228', 'learning_rate': '4.701e-05', 'entropy': '0.144', 'num_tokens': '3.628e+07', 'mean_token_accuracy': '0.9499', 'epoch': '1.53'}
{'loss': '0.1208', 'grad_norm': '0.2698', 'learning_rate': '4.69e-05', 'entropy': '0.1413', 'num_tokens': '3.631e+07', 'mean_token_accuracy': '0.9518', 'epoch': '1.531'}
{'loss': '0.1272', 'grad_norm': '0.1705', 'learning_rate': '4.679e-05', 'entropy': '0.1372', 'num_tokens': '3.635e+07', 'mean_token_accuracy': '0.9486', 'epoch': '1.532'}
{'loss': '0.138', 'grad_norm': '0.525', 'learning_rate': '4.669e-05', 'entropy': '0.1394', 'num_tokens': '3.638e+07', 'mean_token_accuracy': '0.9551', 'epoch': '1.533'}
{'loss': '0.1287', 'grad_norm': '0.4834', 'learning_rate': '4.658e-05', 'entropy': '0.1341', 'num_tokens': '3.64e+07', 'mean_token_accuracy': '0.9543', 'epoch': '1.534'}
{'loss': '0.121', 'grad_norm': '0.1774', 'learning_rate': '4.647e-05', 'entropy': '0.1202', 'num_tokens': '3.644e+07', 'mean_token_accuracy': '0.958', 'epoch': '1.535'}
{'loss': '0.1655', 'grad_norm': '0.2643', 'learning_rate': '4.637e-05', 'entropy': '0.1607', 'num_tokens': '3.648e+07', 'mean_token_accuracy': '0.9439', 'epoch': '1.536'}
{'loss': '0.1559', 'grad_norm': '0.26', 'learning_rate': '4.626e-05', 'entropy': '0.1511', 'num_tokens': '3.652e+07', 'mean_token_accuracy': '0.9426', 'epoch': '1.537'}
{'loss': '0.1559', 'grad_norm': '0.4263', 'learning_rate': '4.616e-05', 'entropy': '0.1628', 'num_tokens': '3.656e+07', 'mean_token_accuracy': '0.939', 'epoch': '1.539'}
{'loss': '0.1498', 'grad_norm': '0.459', 'learning_rate': '4.605e-05', 'entropy': '0.1515', 'num_tokens': '3.659e+07', 'mean_token_accuracy': '0.9502', 'epoch': '1.54'}
{'loss': '0.1367', 'grad_norm': '0.3998', 'learning_rate': '4.594e-05', 'entropy': '0.1238', 'num_tokens': '3.662e+07', 'mean_token_accuracy': '0.9586', 'epoch': '1.541'}
{'loss': '0.1672', 'grad_norm': '0.3635', 'learning_rate': '4.584e-05', 'entropy': '0.165', 'num_tokens': '3.666e+07', 'mean_token_accuracy': '0.9429', 'epoch': '1.542'}
{'loss': '0.1222', 'grad_norm': '0.1591', 'learning_rate': '4.573e-05', 'entropy': '0.1273', 'num_tokens': '3.67e+07', 'mean_token_accuracy': '0.9553', 'epoch': '1.543'}
{'loss': '0.1271', 'grad_norm': '0.4344', 'learning_rate': '4.563e-05', 'entropy': '0.1316', 'num_tokens': '3.673e+07', 'mean_token_accuracy': '0.9549', 'epoch': '1.544'}
{'loss': '0.1328', 'grad_norm': '0.2474', 'learning_rate': '4.552e-05', 'entropy': '0.1395', 'num_tokens': '3.677e+07', 'mean_token_accuracy': '0.9508', 'epoch': '1.545'}
{'loss': '0.1858', 'grad_norm': '0.4895', 'learning_rate': '4.541e-05', 'entropy': '0.1614', 'num_tokens': '3.682e+07', 'mean_token_accuracy': '0.9444', 'epoch': '1.546'}
{'loss': '0.1502', 'grad_norm': '0.2961', 'learning_rate': '4.531e-05', 'entropy': '0.1406', 'num_tokens': '3.685e+07', 'mean_token_accuracy': '0.9529', 'epoch': '1.547'}
{'loss': '0.1284', 'grad_norm': '0.3036', 'learning_rate': '4.52e-05', 'entropy': '0.142', 'num_tokens': '3.688e+07', 'mean_token_accuracy': '0.9533', 'epoch': '1.548'}
{'loss': '0.1907', 'grad_norm': '0.2812', 'learning_rate': '4.509e-05', 'entropy': '0.1524', 'num_tokens': '3.692e+07', 'mean_token_accuracy': '0.947', 'epoch': '1.549'}
{'loss': '0.1812', 'grad_norm': '0.3303', 'learning_rate': '4.499e-05', 'entropy': '0.1613', 'num_tokens': '3.695e+07', 'mean_token_accuracy': '0.9396', 'epoch': '1.55'}
{'loss': '0.1834', 'grad_norm': '0.2364', 'learning_rate': '4.488e-05', 'entropy': '0.1892', 'num_tokens': '3.699e+07', 'mean_token_accuracy': '0.9371', 'epoch': '1.551'}
{'loss': '0.1456', 'grad_norm': '0.2057', 'learning_rate': '4.478e-05', 'entropy': '0.1495', 'num_tokens': '3.702e+07', 'mean_token_accuracy': '0.9515', 'epoch': '1.552'}
{'loss': '0.1398', 'grad_norm': '0.2471', 'learning_rate': '4.467e-05', 'entropy': '0.1433', 'num_tokens': '3.705e+07', 'mean_token_accuracy': '0.9497', 'epoch': '1.553'}
{'loss': '0.1383', 'grad_norm': '0.1952', 'learning_rate': '4.456e-05', 'entropy': '0.1354', 'num_tokens': '3.709e+07', 'mean_token_accuracy': '0.9529', 'epoch': '1.554'}
{'loss': '0.1522', 'grad_norm': '0.4618', 'learning_rate': '4.446e-05', 'entropy': '0.1474', 'num_tokens': '3.713e+07', 'mean_token_accuracy': '0.9515', 'epoch': '1.556'}
{'loss': '0.1489', 'grad_norm': '0.3907', 'learning_rate': '4.435e-05', 'entropy': '0.1374', 'num_tokens': '3.716e+07', 'mean_token_accuracy': '0.9489', 'epoch': '1.557'}
{'loss': '0.1912', 'grad_norm': '0.2729', 'learning_rate': '4.425e-05', 'entropy': '0.1867', 'num_tokens': '3.721e+07', 'mean_token_accuracy': '0.9365', 'epoch': '1.558'}
{'loss': '0.1699', 'grad_norm': '0.3159', 'learning_rate': '4.414e-05', 'entropy': '0.1646', 'num_tokens': '3.724e+07', 'mean_token_accuracy': '0.9463', 'epoch': '1.559'}
{'loss': '0.1283', 'grad_norm': '0.499', 'learning_rate': '4.403e-05', 'entropy': '0.1315', 'num_tokens': '3.727e+07', 'mean_token_accuracy': '0.957', 'epoch': '1.56'}
{'loss': '0.1186', 'grad_norm': '0.2432', 'learning_rate': '4.393e-05', 'entropy': '0.1121', 'num_tokens': '3.731e+07', 'mean_token_accuracy': '0.9613', 'epoch': '1.561'}
{'loss': '0.1461', 'grad_norm': '0.2957', 'learning_rate': '4.382e-05', 'entropy': '0.1475', 'num_tokens': '3.735e+07', 'mean_token_accuracy': '0.9507', 'epoch': '1.562'}
{'loss': '0.1578', 'grad_norm': '0.1916', 'learning_rate': '4.371e-05', 'entropy': '0.1613', 'num_tokens': '3.738e+07', 'mean_token_accuracy': '0.9464', 'epoch': '1.563'}
{'loss': '0.1817', 'grad_norm': '0.2045', 'learning_rate': '4.361e-05', 'entropy': '0.1505', 'num_tokens': '3.741e+07', 'mean_token_accuracy': '0.9408', 'epoch': '1.564'}
{'loss': '0.1073', 'grad_norm': '0.1718', 'learning_rate': '4.35e-05', 'entropy': '0.1102', 'num_tokens': '3.745e+07', 'mean_token_accuracy': '0.9624', 'epoch': '1.565'}
{'loss': '0.1516', 'grad_norm': '0.1827', 'learning_rate': '4.34e-05', 'entropy': '0.1536', 'num_tokens': '3.749e+07', 'mean_token_accuracy': '0.9517', 'epoch': '1.566'}
{'loss': '0.1766', 'grad_norm': '0.2169', 'learning_rate': '4.329e-05', 'entropy': '0.1778', 'num_tokens': '3.751e+07', 'mean_token_accuracy': '0.9435', 'epoch': '1.567'}
{'loss': '0.1501', 'grad_norm': '0.2036', 'learning_rate': '4.318e-05', 'entropy': '0.171', 'num_tokens': '3.755e+07', 'mean_token_accuracy': '0.9425', 'epoch': '1.568'}
{'loss': '0.1524', 'grad_norm': '0.4142', 'learning_rate': '4.308e-05', 'entropy': '0.1482', 'num_tokens': '3.757e+07', 'mean_token_accuracy': '0.9492', 'epoch': '1.569'}
{'loss': '0.1321', 'grad_norm': '0.2455', 'learning_rate': '4.297e-05', 'entropy': '0.1202', 'num_tokens': '3.761e+07', 'mean_token_accuracy': '0.9571', 'epoch': '1.57'}
{'loss': '0.1637', 'grad_norm': '0.2564', 'learning_rate': '4.286e-05', 'entropy': '0.1597', 'num_tokens': '3.764e+07', 'mean_token_accuracy': '0.9423', 'epoch': '1.571'}
{'loss': '0.1535', 'grad_norm': '0.1831', 'learning_rate': '4.276e-05', 'entropy': '0.1579', 'num_tokens': '3.767e+07', 'mean_token_accuracy': '0.95', 'epoch': '1.573'}
{'loss': '0.147', 'grad_norm': '0.3232', 'learning_rate': '4.265e-05', 'entropy': '0.1485', 'num_tokens': '3.771e+07', 'mean_token_accuracy': '0.9518', 'epoch': '1.574'}
{'loss': '0.1439', 'grad_norm': '0.2381', 'learning_rate': '4.255e-05', 'entropy': '0.1468', 'num_tokens': '3.774e+07', 'mean_token_accuracy': '0.95', 'epoch': '1.575'}
{'loss': '0.1417', 'grad_norm': '0.281', 'learning_rate': '4.244e-05', 'entropy': '0.1384', 'num_tokens': '3.776e+07', 'mean_token_accuracy': '0.9549', 'epoch': '1.576'}
{'loss': '0.1086', 'grad_norm': '0.2958', 'learning_rate': '4.233e-05', 'entropy': '0.1202', 'num_tokens': '3.78e+07', 'mean_token_accuracy': '0.9603', 'epoch': '1.577'}
{'loss': '0.1453', 'grad_norm': '0.2052', 'learning_rate': '4.223e-05', 'entropy': '0.1382', 'num_tokens': '3.784e+07', 'mean_token_accuracy': '0.9509', 'epoch': '1.578'}
{'loss': '0.1561', 'grad_norm': '0.2659', 'learning_rate': '4.212e-05', 'entropy': '0.1436', 'num_tokens': '3.787e+07', 'mean_token_accuracy': '0.9517', 'epoch': '1.579'}
{'loss': '0.1926', 'grad_norm': '0.2924', 'learning_rate': '4.202e-05', 'entropy': '0.1855', 'num_tokens': '3.791e+07', 'mean_token_accuracy': '0.9366', 'epoch': '1.58'}
{'loss': '0.1724', 'grad_norm': '0.2138', 'learning_rate': '4.191e-05', 'entropy': '0.1545', 'num_tokens': '3.795e+07', 'mean_token_accuracy': '0.948', 'epoch': '1.581'}
{'loss': '0.1431', 'grad_norm': '0.2218', 'learning_rate': '4.18e-05', 'entropy': '0.1506', 'num_tokens': '3.798e+07', 'mean_token_accuracy': '0.9472', 'epoch': '1.582'}
{'loss': '0.104', 'grad_norm': '0.1283', 'learning_rate': '4.17e-05', 'entropy': '0.1028', 'num_tokens': '3.8e+07', 'mean_token_accuracy': '0.9632', 'epoch': '1.583'}
{'loss': '0.1831', 'grad_norm': '0.3916', 'learning_rate': '4.159e-05', 'entropy': '0.1605', 'num_tokens': '3.804e+07', 'mean_token_accuracy': '0.9469', 'epoch': '1.584'}
{'loss': '0.1324', 'grad_norm': '0.1563', 'learning_rate': '4.148e-05', 'entropy': '0.1449', 'num_tokens': '3.807e+07', 'mean_token_accuracy': '0.9524', 'epoch': '1.585'}
{'loss': '0.1237', 'grad_norm': '0.2043', 'learning_rate': '4.138e-05', 'entropy': '0.1232', 'num_tokens': '3.81e+07', 'mean_token_accuracy': '0.9563', 'epoch': '1.586'}
{'loss': '0.1495', 'grad_norm': '0.3561', 'learning_rate': '4.127e-05', 'entropy': '0.1477', 'num_tokens': '3.813e+07', 'mean_token_accuracy': '0.945', 'epoch': '1.587'}
{'loss': '0.129', 'grad_norm': '0.215', 'learning_rate': '4.117e-05', 'entropy': '0.1226', 'num_tokens': '3.817e+07', 'mean_token_accuracy': '0.9573', 'epoch': '1.588'}
{'loss': '0.1074', 'grad_norm': '0.1884', 'learning_rate': '4.106e-05', 'entropy': '0.1125', 'num_tokens': '3.82e+07', 'mean_token_accuracy': '0.9594', 'epoch': '1.59'}
{'loss': '0.1656', 'grad_norm': '0.3382', 'learning_rate': '4.095e-05', 'entropy': '0.1629', 'num_tokens': '3.823e+07', 'mean_token_accuracy': '0.9441', 'epoch': '1.591'}
{'loss': '0.1685', 'grad_norm': '0.5575', 'learning_rate': '4.085e-05', 'entropy': '0.1599', 'num_tokens': '3.827e+07', 'mean_token_accuracy': '0.9437', 'epoch': '1.592'}
{'loss': '0.1504', 'grad_norm': '0.1434', 'learning_rate': '4.074e-05', 'entropy': '0.1555', 'num_tokens': '3.83e+07', 'mean_token_accuracy': '0.9525', 'epoch': '1.593'}
{'loss': '0.1375', 'grad_norm': '0.1506', 'learning_rate': '4.063e-05', 'entropy': '0.1192', 'num_tokens': '3.834e+07', 'mean_token_accuracy': '0.9608', 'epoch': '1.594'}
{'loss': '0.1184', 'grad_norm': '0.301', 'learning_rate': '4.053e-05', 'entropy': '0.1236', 'num_tokens': '3.837e+07', 'mean_token_accuracy': '0.9555', 'epoch': '1.595'}
{'loss': '0.1438', 'grad_norm': '0.2963', 'learning_rate': '4.042e-05', 'entropy': '0.1399', 'num_tokens': '3.841e+07', 'mean_token_accuracy': '0.9483', 'epoch': '1.596'}
{'loss': '0.1534', 'grad_norm': '0.4445', 'learning_rate': '4.032e-05', 'entropy': '0.1402', 'num_tokens': '3.844e+07', 'mean_token_accuracy': '0.9491', 'epoch': '1.597'}
{'loss': '0.1137', 'grad_norm': '0.3281', 'learning_rate': '4.021e-05', 'entropy': '0.1194', 'num_tokens': '3.848e+07', 'mean_token_accuracy': '0.9597', 'epoch': '1.598'}
{'loss': '0.1371', 'grad_norm': '0.7373', 'learning_rate': '4.01e-05', 'entropy': '0.1434', 'num_tokens': '3.851e+07', 'mean_token_accuracy': '0.952', 'epoch': '1.599'}
{'loss': '0.1206', 'grad_norm': '0.3641', 'learning_rate': '4e-05', 'entropy': '0.1329', 'num_tokens': '3.855e+07', 'mean_token_accuracy': '0.9539', 'epoch': '1.6'}
{'loss': '0.1315', 'grad_norm': '0.1769', 'learning_rate': '3.989e-05', 'entropy': '0.1212', 'num_tokens': '3.859e+07', 'mean_token_accuracy': '0.9559', 'epoch': '1.601'}
{'loss': '0.1617', 'grad_norm': '0.3125', 'learning_rate': '3.979e-05', 'entropy': '0.165', 'num_tokens': '3.863e+07', 'mean_token_accuracy': '0.9453', 'epoch': '1.602'}
{'loss': '0.1114', 'grad_norm': '0.2202', 'learning_rate': '3.968e-05', 'entropy': '0.1345', 'num_tokens': '3.866e+07', 'mean_token_accuracy': '0.9543', 'epoch': '1.603'}
{'loss': '0.1224', 'grad_norm': '0.1303', 'learning_rate': '3.957e-05', 'entropy': '0.1232', 'num_tokens': '3.87e+07', 'mean_token_accuracy': '0.9615', 'epoch': '1.604'}
{'loss': '0.1335', 'grad_norm': '0.2916', 'learning_rate': '3.947e-05', 'entropy': '0.1399', 'num_tokens': '3.873e+07', 'mean_token_accuracy': '0.9507', 'epoch': '1.605'}
{'loss': '0.1405', 'grad_norm': '0.2501', 'learning_rate': '3.936e-05', 'entropy': '0.113', 'num_tokens': '3.876e+07', 'mean_token_accuracy': '0.9614', 'epoch': '1.606'}
{'loss': '0.1359', 'grad_norm': '0.177', 'learning_rate': '3.925e-05', 'entropy': '0.1392', 'num_tokens': '3.88e+07', 'mean_token_accuracy': '0.9547', 'epoch': '1.608'}
{'loss': '0.1627', 'grad_norm': '0.3089', 'learning_rate': '3.915e-05', 'entropy': '0.1616', 'num_tokens': '3.884e+07', 'mean_token_accuracy': '0.9464', 'epoch': '1.609'}
{'loss': '0.1414', 'grad_norm': '0.5244', 'learning_rate': '3.904e-05', 'entropy': '0.1489', 'num_tokens': '3.887e+07', 'mean_token_accuracy': '0.947', 'epoch': '1.61'}
{'loss': '0.1286', 'grad_norm': '0.2223', 'learning_rate': '3.894e-05', 'entropy': '0.1194', 'num_tokens': '3.891e+07', 'mean_token_accuracy': '0.9559', 'epoch': '1.611'}
{'loss': '0.1291', 'grad_norm': '0.3065', 'learning_rate': '3.883e-05', 'entropy': '0.1282', 'num_tokens': '3.894e+07', 'mean_token_accuracy': '0.9571', 'epoch': '1.612'}
{'loss': '0.1539', 'grad_norm': '0.3426', 'learning_rate': '3.872e-05', 'entropy': '0.1612', 'num_tokens': '3.898e+07', 'mean_token_accuracy': '0.9508', 'epoch': '1.613'}
{'loss': '0.1363', 'grad_norm': '0.2584', 'learning_rate': '3.862e-05', 'entropy': '0.1306', 'num_tokens': '3.902e+07', 'mean_token_accuracy': '0.9536', 'epoch': '1.614'}
{'loss': '0.1442', 'grad_norm': '0.2334', 'learning_rate': '3.851e-05', 'entropy': '0.1466', 'num_tokens': '3.905e+07', 'mean_token_accuracy': '0.9481', 'epoch': '1.615'}
{'loss': '0.1572', 'grad_norm': '0.2162', 'learning_rate': '3.841e-05', 'entropy': '0.1501', 'num_tokens': '3.909e+07', 'mean_token_accuracy': '0.947', 'epoch': '1.616'}
{'loss': '0.1422', 'grad_norm': '0.367', 'learning_rate': '3.83e-05', 'entropy': '0.1463', 'num_tokens': '3.913e+07', 'mean_token_accuracy': '0.9511', 'epoch': '1.617'}
{'loss': '0.1523', 'grad_norm': '0.2456', 'learning_rate': '3.819e-05', 'entropy': '0.1553', 'num_tokens': '3.917e+07', 'mean_token_accuracy': '0.9472', 'epoch': '1.618'}
{'loss': '0.1774', 'grad_norm': '0.3732', 'learning_rate': '3.809e-05', 'entropy': '0.1658', 'num_tokens': '3.92e+07', 'mean_token_accuracy': '0.9422', 'epoch': '1.619'}
{'loss': '0.1564', 'grad_norm': '0.3692', 'learning_rate': '3.798e-05', 'entropy': '0.1487', 'num_tokens': '3.924e+07', 'mean_token_accuracy': '0.9497', 'epoch': '1.62'}
{'loss': '0.1563', 'grad_norm': '0.4416', 'learning_rate': '3.787e-05', 'entropy': '0.1624', 'num_tokens': '3.927e+07', 'mean_token_accuracy': '0.947', 'epoch': '1.621'}
{'loss': '0.1349', 'grad_norm': '0.3549', 'learning_rate': '3.777e-05', 'entropy': '0.1379', 'num_tokens': '3.93e+07', 'mean_token_accuracy': '0.9555', 'epoch': '1.622'}
{'loss': '0.1872', 'grad_norm': '0.3024', 'learning_rate': '3.766e-05', 'entropy': '0.1408', 'num_tokens': '3.933e+07', 'mean_token_accuracy': '0.95', 'epoch': '1.623'}
{'loss': '0.1466', 'grad_norm': '0.4276', 'learning_rate': '3.756e-05', 'entropy': '0.1452', 'num_tokens': '3.937e+07', 'mean_token_accuracy': '0.9499', 'epoch': '1.625'}
{'loss': '0.1376', 'grad_norm': '0.6338', 'learning_rate': '3.745e-05', 'entropy': '0.1305', 'num_tokens': '3.94e+07', 'mean_token_accuracy': '0.9557', 'epoch': '1.626'}
{'loss': '0.1292', 'grad_norm': '0.2853', 'learning_rate': '3.734e-05', 'entropy': '0.1269', 'num_tokens': '3.943e+07', 'mean_token_accuracy': '0.9574', 'epoch': '1.627'}
{'loss': '0.1404', 'grad_norm': '0.4897', 'learning_rate': '3.724e-05', 'entropy': '0.1301', 'num_tokens': '3.947e+07', 'mean_token_accuracy': '0.9565', 'epoch': '1.628'}
{'loss': '0.1781', 'grad_norm': '0.2863', 'learning_rate': '3.713e-05', 'entropy': '0.181', 'num_tokens': '3.95e+07', 'mean_token_accuracy': '0.9411', 'epoch': '1.629'}
{'loss': '0.1504', 'grad_norm': '0.1503', 'learning_rate': '3.702e-05', 'entropy': '0.1516', 'num_tokens': '3.953e+07', 'mean_token_accuracy': '0.9473', 'epoch': '1.63'}
{'loss': '0.1554', 'grad_norm': '0.3', 'learning_rate': '3.692e-05', 'entropy': '0.1488', 'num_tokens': '3.956e+07', 'mean_token_accuracy': '0.9498', 'epoch': '1.631'}
{'loss': '0.1417', 'grad_norm': '0.5267', 'learning_rate': '3.681e-05', 'entropy': '0.1544', 'num_tokens': '3.959e+07', 'mean_token_accuracy': '0.9478', 'epoch': '1.632'}
{'loss': '0.1344', 'grad_norm': '0.5964', 'learning_rate': '3.671e-05', 'entropy': '0.132', 'num_tokens': '3.962e+07', 'mean_token_accuracy': '0.9536', 'epoch': '1.633'}
{'loss': '0.1765', 'grad_norm': '0.234', 'learning_rate': '3.66e-05', 'entropy': '0.1559', 'num_tokens': '3.966e+07', 'mean_token_accuracy': '0.9474', 'epoch': '1.634'}
{'loss': '0.1461', 'grad_norm': '0.2677', 'learning_rate': '3.649e-05', 'entropy': '0.1532', 'num_tokens': '3.969e+07', 'mean_token_accuracy': '0.9506', 'epoch': '1.635'}
{'loss': '0.1884', 'grad_norm': '0.276', 'learning_rate': '3.639e-05', 'entropy': '0.1687', 'num_tokens': '3.973e+07', 'mean_token_accuracy': '0.9428', 'epoch': '1.636'}
{'loss': '0.1484', 'grad_norm': '0.7895', 'learning_rate': '3.628e-05', 'entropy': '0.1509', 'num_tokens': '3.976e+07', 'mean_token_accuracy': '0.9477', 'epoch': '1.637'}
{'loss': '0.1521', 'grad_norm': '0.3386', 'learning_rate': '3.618e-05', 'entropy': '0.1405', 'num_tokens': '3.979e+07', 'mean_token_accuracy': '0.9531', 'epoch': '1.638'}
{'loss': '0.1204', 'grad_norm': '0.2087', 'learning_rate': '3.607e-05', 'entropy': '0.1197', 'num_tokens': '3.983e+07', 'mean_token_accuracy': '0.9594', 'epoch': '1.639'}
{'loss': '0.1649', 'grad_norm': '0.2861', 'learning_rate': '3.596e-05', 'entropy': '0.1653', 'num_tokens': '3.987e+07', 'mean_token_accuracy': '0.9478', 'epoch': '1.64'}
{'loss': '0.1275', 'grad_norm': '0.3444', 'learning_rate': '3.586e-05', 'entropy': '0.1264', 'num_tokens': '3.99e+07', 'mean_token_accuracy': '0.9577', 'epoch': '1.642'}
{'loss': '0.1442', 'grad_norm': '0.2945', 'learning_rate': '3.575e-05', 'entropy': '0.1378', 'num_tokens': '3.994e+07', 'mean_token_accuracy': '0.9513', 'epoch': '1.643'}
{'loss': '0.1634', 'grad_norm': '0.1946', 'learning_rate': '3.564e-05', 'entropy': '0.1374', 'num_tokens': '3.997e+07', 'mean_token_accuracy': '0.953', 'epoch': '1.644'}
{'loss': '0.1339', 'grad_norm': '0.4121', 'learning_rate': '3.554e-05', 'entropy': '0.1377', 'num_tokens': '4e+07', 'mean_token_accuracy': '0.9578', 'epoch': '1.645'}
{'loss': '0.1609', 'grad_norm': '0.2363', 'learning_rate': '3.543e-05', 'entropy': '0.1521', 'num_tokens': '4.004e+07', 'mean_token_accuracy': '0.9477', 'epoch': '1.646'}
{'loss': '0.1558', 'grad_norm': '0.2024', 'learning_rate': '3.533e-05', 'entropy': '0.1449', 'num_tokens': '4.007e+07', 'mean_token_accuracy': '0.9499', 'epoch': '1.647'}
{'loss': '0.1228', 'grad_norm': '0.3317', 'learning_rate': '3.522e-05', 'entropy': '0.1286', 'num_tokens': '4.011e+07', 'mean_token_accuracy': '0.9575', 'epoch': '1.648'}
{'loss': '0.1624', 'grad_norm': '0.1506', 'learning_rate': '3.511e-05', 'entropy': '0.1422', 'num_tokens': '4.014e+07', 'mean_token_accuracy': '0.9475', 'epoch': '1.649'}
{'loss': '0.1876', 'grad_norm': '0.2856', 'learning_rate': '3.501e-05', 'entropy': '0.1931', 'num_tokens': '4.017e+07', 'mean_token_accuracy': '0.9367', 'epoch': '1.65'}
{'loss': '0.1664', 'grad_norm': '0.3255', 'learning_rate': '3.49e-05', 'entropy': '0.1702', 'num_tokens': '4.02e+07', 'mean_token_accuracy': '0.9428', 'epoch': '1.651'}
{'loss': '0.1259', 'grad_norm': '0.3194', 'learning_rate': '3.48e-05', 'entropy': '0.1273', 'num_tokens': '4.023e+07', 'mean_token_accuracy': '0.958', 'epoch': '1.652'}
{'loss': '0.1264', 'grad_norm': '0.6234', 'learning_rate': '3.469e-05', 'entropy': '0.1356', 'num_tokens': '4.026e+07', 'mean_token_accuracy': '0.9584', 'epoch': '1.653'}
{'loss': '0.1372', 'grad_norm': '0.3208', 'learning_rate': '3.458e-05', 'entropy': '0.1477', 'num_tokens': '4.03e+07', 'mean_token_accuracy': '0.9481', 'epoch': '1.654'}
{'loss': '0.137', 'grad_norm': '0.2836', 'learning_rate': '3.448e-05', 'entropy': '0.1294', 'num_tokens': '4.035e+07', 'mean_token_accuracy': '0.9556', 'epoch': '1.655'}
{'loss': '0.1082', 'grad_norm': '0.3667', 'learning_rate': '3.437e-05', 'entropy': '0.1125', 'num_tokens': '4.038e+07', 'mean_token_accuracy': '0.9617', 'epoch': '1.656'}
{'loss': '0.1561', 'grad_norm': '0.2348', 'learning_rate': '3.426e-05', 'entropy': '0.1421', 'num_tokens': '4.042e+07', 'mean_token_accuracy': '0.9492', 'epoch': '1.657'}
{'loss': '0.1406', 'grad_norm': '0.2457', 'learning_rate': '3.416e-05', 'entropy': '0.1335', 'num_tokens': '4.045e+07', 'mean_token_accuracy': '0.9535', 'epoch': '1.659'}
{'loss': '0.1141', 'grad_norm': '0.3436', 'learning_rate': '3.405e-05', 'entropy': '0.1305', 'num_tokens': '4.048e+07', 'mean_token_accuracy': '0.9598', 'epoch': '1.66'}
{'loss': '0.1242', 'grad_norm': '0.2786', 'learning_rate': '3.395e-05', 'entropy': '0.124', 'num_tokens': '4.052e+07', 'mean_token_accuracy': '0.9569', 'epoch': '1.661'}
{'loss': '0.147', 'grad_norm': '0.1692', 'learning_rate': '3.384e-05', 'entropy': '0.1423', 'num_tokens': '4.055e+07', 'mean_token_accuracy': '0.9488', 'epoch': '1.662'}
{'loss': '0.129', 'grad_norm': '0.4231', 'learning_rate': '3.373e-05', 'entropy': '0.1308', 'num_tokens': '4.058e+07', 'mean_token_accuracy': '0.953', 'epoch': '1.663'}
{'loss': '0.1351', 'grad_norm': '0.4344', 'learning_rate': '3.363e-05', 'entropy': '0.1373', 'num_tokens': '4.061e+07', 'mean_token_accuracy': '0.9537', 'epoch': '1.664'}
{'loss': '0.1216', 'grad_norm': '0.5544', 'learning_rate': '3.352e-05', 'entropy': '0.1336', 'num_tokens': '4.064e+07', 'mean_token_accuracy': '0.9542', 'epoch': '1.665'}
{'loss': '0.1848', 'grad_norm': '0.2596', 'learning_rate': '3.341e-05', 'entropy': '0.1691', 'num_tokens': '4.068e+07', 'mean_token_accuracy': '0.9436', 'epoch': '1.666'}
{'loss': '0.1711', 'grad_norm': '0.1912', 'learning_rate': '3.331e-05', 'entropy': '0.1525', 'num_tokens': '4.071e+07', 'mean_token_accuracy': '0.9466', 'epoch': '1.667'}
{'loss': '0.1084', 'grad_norm': '0.3367', 'learning_rate': '3.32e-05', 'entropy': '0.1186', 'num_tokens': '4.074e+07', 'mean_token_accuracy': '0.964', 'epoch': '1.668'}
{'loss': '0.1276', 'grad_norm': '0.2637', 'learning_rate': '3.31e-05', 'entropy': '0.1209', 'num_tokens': '4.077e+07', 'mean_token_accuracy': '0.9604', 'epoch': '1.669'}
{'loss': '0.1304', 'grad_norm': '0.5422', 'learning_rate': '3.299e-05', 'entropy': '0.1319', 'num_tokens': '4.08e+07', 'mean_token_accuracy': '0.9569', 'epoch': '1.67'}
{'loss': '0.1295', 'grad_norm': '0.2509', 'learning_rate': '3.288e-05', 'entropy': '0.1348', 'num_tokens': '4.084e+07', 'mean_token_accuracy': '0.9539', 'epoch': '1.671'}
{'loss': '0.1664', 'grad_norm': '0.2223', 'learning_rate': '3.278e-05', 'entropy': '0.1556', 'num_tokens': '4.087e+07', 'mean_token_accuracy': '0.9464', 'epoch': '1.672'}
{'loss': '0.1273', 'grad_norm': '0.36', 'learning_rate': '3.267e-05', 'entropy': '0.117', 'num_tokens': '4.091e+07', 'mean_token_accuracy': '0.9571', 'epoch': '1.673'}
{'loss': '0.1478', 'grad_norm': '0.4303', 'learning_rate': '3.257e-05', 'entropy': '0.1304', 'num_tokens': '4.094e+07', 'mean_token_accuracy': '0.9529', 'epoch': '1.674'}
{'loss': '0.1339', 'grad_norm': '0.201', 'learning_rate': '3.246e-05', 'entropy': '0.1201', 'num_tokens': '4.097e+07', 'mean_token_accuracy': '0.9581', 'epoch': '1.676'}
{'loss': '0.1491', 'grad_norm': '0.3593', 'learning_rate': '3.235e-05', 'entropy': '0.1439', 'num_tokens': '4.101e+07', 'mean_token_accuracy': '0.9493', 'epoch': '1.677'}
{'loss': '0.1236', 'grad_norm': '0.3118', 'learning_rate': '3.225e-05', 'entropy': '0.1296', 'num_tokens': '4.104e+07', 'mean_token_accuracy': '0.9552', 'epoch': '1.678'}
{'loss': '0.1252', 'grad_norm': '0.2385', 'learning_rate': '3.214e-05', 'entropy': '0.1289', 'num_tokens': '4.107e+07', 'mean_token_accuracy': '0.9567', 'epoch': '1.679'}
{'loss': '0.1252', 'grad_norm': '0.221', 'learning_rate': '3.203e-05', 'entropy': '0.1292', 'num_tokens': '4.111e+07', 'mean_token_accuracy': '0.9545', 'epoch': '1.68'}
{'loss': '0.1192', 'grad_norm': '0.1922', 'learning_rate': '3.193e-05', 'entropy': '0.1231', 'num_tokens': '4.114e+07', 'mean_token_accuracy': '0.9529', 'epoch': '1.681'}
{'loss': '0.1327', 'grad_norm': '0.2577', 'learning_rate': '3.182e-05', 'entropy': '0.138', 'num_tokens': '4.118e+07', 'mean_token_accuracy': '0.9541', 'epoch': '1.682'}
{'loss': '0.1357', 'grad_norm': '0.2036', 'learning_rate': '3.172e-05', 'entropy': '0.1349', 'num_tokens': '4.122e+07', 'mean_token_accuracy': '0.9509', 'epoch': '1.683'}
{'loss': '0.1613', 'grad_norm': '0.419', 'learning_rate': '3.161e-05', 'entropy': '0.1781', 'num_tokens': '4.125e+07', 'mean_token_accuracy': '0.9398', 'epoch': '1.684'}
{'loss': '0.1294', 'grad_norm': '0.3173', 'learning_rate': '3.15e-05', 'entropy': '0.1282', 'num_tokens': '4.129e+07', 'mean_token_accuracy': '0.9554', 'epoch': '1.685'}
{'loss': '0.189', 'grad_norm': '0.2078', 'learning_rate': '3.14e-05', 'entropy': '0.1585', 'num_tokens': '4.133e+07', 'mean_token_accuracy': '0.9432', 'epoch': '1.686'}
{'loss': '0.1532', 'grad_norm': '0.2361', 'learning_rate': '3.129e-05', 'entropy': '0.1449', 'num_tokens': '4.136e+07', 'mean_token_accuracy': '0.9467', 'epoch': '1.687'}
{'loss': '0.1575', 'grad_norm': '0.4068', 'learning_rate': '3.118e-05', 'entropy': '0.1466', 'num_tokens': '4.139e+07', 'mean_token_accuracy': '0.9522', 'epoch': '1.688'}
{'loss': '0.1635', 'grad_norm': '0.3253', 'learning_rate': '3.108e-05', 'entropy': '0.1427', 'num_tokens': '4.142e+07', 'mean_token_accuracy': '0.953', 'epoch': '1.689'}
{'loss': '0.1766', 'grad_norm': '0.3385', 'learning_rate': '3.097e-05', 'entropy': '0.1552', 'num_tokens': '4.146e+07', 'mean_token_accuracy': '0.95', 'epoch': '1.69'}
{'loss': '0.1437', 'grad_norm': '0.2351', 'learning_rate': '3.087e-05', 'entropy': '0.1306', 'num_tokens': '4.15e+07', 'mean_token_accuracy': '0.9541', 'epoch': '1.691'}
{'loss': '0.1526', 'grad_norm': '0.2183', 'learning_rate': '3.076e-05', 'entropy': '0.1446', 'num_tokens': '4.153e+07', 'mean_token_accuracy': '0.9537', 'epoch': '1.693'}
{'loss': '0.1535', 'grad_norm': '0.2511', 'learning_rate': '3.065e-05', 'entropy': '0.1544', 'num_tokens': '4.157e+07', 'mean_token_accuracy': '0.9512', 'epoch': '1.694'}
{'loss': '0.1226', 'grad_norm': '0.3644', 'learning_rate': '3.055e-05', 'entropy': '0.1307', 'num_tokens': '4.161e+07', 'mean_token_accuracy': '0.9553', 'epoch': '1.695'}
{'loss': '0.1692', 'grad_norm': '0.3456', 'learning_rate': '3.044e-05', 'entropy': '0.1579', 'num_tokens': '4.164e+07', 'mean_token_accuracy': '0.9487', 'epoch': '1.696'}
{'loss': '0.1095', 'grad_norm': '0.1998', 'learning_rate': '3.034e-05', 'entropy': '0.1267', 'num_tokens': '4.167e+07', 'mean_token_accuracy': '0.9576', 'epoch': '1.697'}
{'loss': '0.1467', 'grad_norm': '0.4202', 'learning_rate': '3.023e-05', 'entropy': '0.1397', 'num_tokens': '4.171e+07', 'mean_token_accuracy': '0.9508', 'epoch': '1.698'}
{'loss': '0.1346', 'grad_norm': '0.2853', 'learning_rate': '3.012e-05', 'entropy': '0.1254', 'num_tokens': '4.174e+07', 'mean_token_accuracy': '0.9578', 'epoch': '1.699'}
{'loss': '0.1877', 'grad_norm': '0.3899', 'learning_rate': '3.002e-05', 'entropy': '0.1823', 'num_tokens': '4.178e+07', 'mean_token_accuracy': '0.9393', 'epoch': '1.7'}
{'loss': '0.211', 'grad_norm': '0.3102', 'learning_rate': '2.991e-05', 'entropy': '0.1829', 'num_tokens': '4.181e+07', 'mean_token_accuracy': '0.9355', 'epoch': '1.701'}
{'loss': '0.1483', 'grad_norm': '0.4774', 'learning_rate': '2.98e-05', 'entropy': '0.1537', 'num_tokens': '4.184e+07', 'mean_token_accuracy': '0.9479', 'epoch': '1.702'}
{'loss': '0.1457', 'grad_norm': '0.2085', 'learning_rate': '2.97e-05', 'entropy': '0.1445', 'num_tokens': '4.187e+07', 'mean_token_accuracy': '0.9511', 'epoch': '1.703'}
{'loss': '0.1493', 'grad_norm': '0.3836', 'learning_rate': '2.959e-05', 'entropy': '0.141', 'num_tokens': '4.192e+07', 'mean_token_accuracy': '0.9505', 'epoch': '1.704'}
{'loss': '0.1472', 'grad_norm': '0.3109', 'learning_rate': '2.949e-05', 'entropy': '0.1513', 'num_tokens': '4.194e+07', 'mean_token_accuracy': '0.9444', 'epoch': '1.705'}
{'loss': '0.1461', 'grad_norm': '0.3072', 'learning_rate': '2.938e-05', 'entropy': '0.1568', 'num_tokens': '4.198e+07', 'mean_token_accuracy': '0.9494', 'epoch': '1.706'}
{'loss': '0.1525', 'grad_norm': '0.3316', 'learning_rate': '2.927e-05', 'entropy': '0.1474', 'num_tokens': '4.201e+07', 'mean_token_accuracy': '0.9508', 'epoch': '1.707'}
{'loss': '0.1161', 'grad_norm': '0.1876', 'learning_rate': '2.917e-05', 'entropy': '0.1173', 'num_tokens': '4.205e+07', 'mean_token_accuracy': '0.9599', 'epoch': '1.708'}
{'loss': '0.189', 'grad_norm': '0.2267', 'learning_rate': '2.906e-05', 'entropy': '0.1629', 'num_tokens': '4.208e+07', 'mean_token_accuracy': '0.9433', 'epoch': '1.709'}
{'loss': '0.1363', 'grad_norm': '0.2002', 'learning_rate': '2.896e-05', 'entropy': '0.1462', 'num_tokens': '4.212e+07', 'mean_token_accuracy': '0.9525', 'epoch': '1.711'}
{'loss': '0.1573', 'grad_norm': '0.203', 'learning_rate': '2.885e-05', 'entropy': '0.1507', 'num_tokens': '4.216e+07', 'mean_token_accuracy': '0.9481', 'epoch': '1.712'}
{'loss': '0.14', 'grad_norm': '0.3244', 'learning_rate': '2.874e-05', 'entropy': '0.1375', 'num_tokens': '4.219e+07', 'mean_token_accuracy': '0.9529', 'epoch': '1.713'}
{'loss': '0.135', 'grad_norm': '0.1479', 'learning_rate': '2.864e-05', 'entropy': '0.1284', 'num_tokens': '4.222e+07', 'mean_token_accuracy': '0.96', 'epoch': '1.714'}
{'loss': '0.156', 'grad_norm': '0.318', 'learning_rate': '2.853e-05', 'entropy': '0.1551', 'num_tokens': '4.227e+07', 'mean_token_accuracy': '0.9424', 'epoch': '1.715'}
{'loss': '0.1352', 'grad_norm': '0.1659', 'learning_rate': '2.842e-05', 'entropy': '0.1291', 'num_tokens': '4.23e+07', 'mean_token_accuracy': '0.9562', 'epoch': '1.716'}
{'loss': '0.1665', 'grad_norm': '0.4027', 'learning_rate': '2.832e-05', 'entropy': '0.1551', 'num_tokens': '4.233e+07', 'mean_token_accuracy': '0.9495', 'epoch': '1.717'}
{'loss': '0.13', 'grad_norm': '0.2582', 'learning_rate': '2.821e-05', 'entropy': '0.1261', 'num_tokens': '4.237e+07', 'mean_token_accuracy': '0.9576', 'epoch': '1.718'}
{'loss': '0.1512', 'grad_norm': '0.2528', 'learning_rate': '2.811e-05', 'entropy': '0.1384', 'num_tokens': '4.24e+07', 'mean_token_accuracy': '0.9532', 'epoch': '1.719'}
{'loss': '0.1639', 'grad_norm': '0.2138', 'learning_rate': '2.8e-05', 'entropy': '0.1507', 'num_tokens': '4.243e+07', 'mean_token_accuracy': '0.9489', 'epoch': '1.72'}
{'loss': '0.1437', 'grad_norm': '0.2311', 'learning_rate': '2.789e-05', 'entropy': '0.158', 'num_tokens': '4.246e+07', 'mean_token_accuracy': '0.9461', 'epoch': '1.721'}
{'loss': '0.1728', 'grad_norm': '0.2382', 'learning_rate': '2.779e-05', 'entropy': '0.1614', 'num_tokens': '4.249e+07', 'mean_token_accuracy': '0.9452', 'epoch': '1.722'}
{'loss': '0.1567', 'grad_norm': '0.3918', 'learning_rate': '2.768e-05', 'entropy': '0.153', 'num_tokens': '4.253e+07', 'mean_token_accuracy': '0.9454', 'epoch': '1.723'}
{'loss': '0.1286', 'grad_norm': '0.2278', 'learning_rate': '2.757e-05', 'entropy': '0.127', 'num_tokens': '4.256e+07', 'mean_token_accuracy': '0.9561', 'epoch': '1.724'}
{'loss': '0.1315', 'grad_norm': '0.2172', 'learning_rate': '2.747e-05', 'entropy': '0.1313', 'num_tokens': '4.259e+07', 'mean_token_accuracy': '0.956', 'epoch': '1.725'}
{'loss': '0.1543', 'grad_norm': '0.1567', 'learning_rate': '2.736e-05', 'entropy': '0.1485', 'num_tokens': '4.263e+07', 'mean_token_accuracy': '0.9478', 'epoch': '1.726'}
{'loss': '0.1972', 'grad_norm': '0.3013', 'learning_rate': '2.726e-05', 'entropy': '0.1761', 'num_tokens': '4.267e+07', 'mean_token_accuracy': '0.9385', 'epoch': '1.728'}
{'loss': '0.1589', 'grad_norm': '0.2124', 'learning_rate': '2.715e-05', 'entropy': '0.1445', 'num_tokens': '4.27e+07', 'mean_token_accuracy': '0.952', 'epoch': '1.729'}
{'loss': '0.1555', 'grad_norm': '0.5008', 'learning_rate': '2.704e-05', 'entropy': '0.1574', 'num_tokens': '4.273e+07', 'mean_token_accuracy': '0.9466', 'epoch': '1.73'}
{'loss': '0.1398', 'grad_norm': '2.258', 'learning_rate': '2.694e-05', 'entropy': '0.1445', 'num_tokens': '4.276e+07', 'mean_token_accuracy': '0.9492', 'epoch': '1.731'}
{'loss': '0.1176', 'grad_norm': '0.1806', 'learning_rate': '2.683e-05', 'entropy': '0.1137', 'num_tokens': '4.28e+07', 'mean_token_accuracy': '0.9617', 'epoch': '1.732'}
{'loss': '0.1972', 'grad_norm': '0.5133', 'learning_rate': '2.673e-05', 'entropy': '0.1697', 'num_tokens': '4.284e+07', 'mean_token_accuracy': '0.9409', 'epoch': '1.733'}
{'loss': '0.1413', 'grad_norm': '0.2769', 'learning_rate': '2.662e-05', 'entropy': '0.1375', 'num_tokens': '4.287e+07', 'mean_token_accuracy': '0.9519', 'epoch': '1.734'}
{'loss': '0.1654', 'grad_norm': '0.1142', 'learning_rate': '2.651e-05', 'entropy': '0.1675', 'num_tokens': '4.291e+07', 'mean_token_accuracy': '0.9446', 'epoch': '1.735'}
{'loss': '0.1526', 'grad_norm': '0.2705', 'learning_rate': '2.641e-05', 'entropy': '0.162', 'num_tokens': '4.294e+07', 'mean_token_accuracy': '0.9459', 'epoch': '1.736'}
{'loss': '0.1393', 'grad_norm': '0.3826', 'learning_rate': '2.63e-05', 'entropy': '0.138', 'num_tokens': '4.298e+07', 'mean_token_accuracy': '0.955', 'epoch': '1.737'}
{'loss': '0.119', 'grad_norm': '0.319', 'learning_rate': '2.619e-05', 'entropy': '0.1319', 'num_tokens': '4.301e+07', 'mean_token_accuracy': '0.9591', 'epoch': '1.738'}
{'loss': '0.1556', 'grad_norm': '0.2378', 'learning_rate': '2.609e-05', 'entropy': '0.1475', 'num_tokens': '4.305e+07', 'mean_token_accuracy': '0.9484', 'epoch': '1.739'}
{'loss': '0.1663', 'grad_norm': '0.2657', 'learning_rate': '2.598e-05', 'entropy': '0.1683', 'num_tokens': '4.309e+07', 'mean_token_accuracy': '0.9468', 'epoch': '1.74'}
{'loss': '0.1544', 'grad_norm': '0.3223', 'learning_rate': '2.588e-05', 'entropy': '0.1431', 'num_tokens': '4.312e+07', 'mean_token_accuracy': '0.9501', 'epoch': '1.741'}
{'loss': '0.1629', 'grad_norm': '0.6369', 'learning_rate': '2.577e-05', 'entropy': '0.159', 'num_tokens': '4.315e+07', 'mean_token_accuracy': '0.9468', 'epoch': '1.742'}
{'loss': '0.169', 'grad_norm': '0.1852', 'learning_rate': '2.566e-05', 'entropy': '0.1471', 'num_tokens': '4.319e+07', 'mean_token_accuracy': '0.9483', 'epoch': '1.743'}
{'loss': '0.1268', 'grad_norm': '0.1587', 'learning_rate': '2.556e-05', 'entropy': '0.1242', 'num_tokens': '4.323e+07', 'mean_token_accuracy': '0.96', 'epoch': '1.745'}
{'loss': '0.1379', 'grad_norm': '0.2659', 'learning_rate': '2.545e-05', 'entropy': '0.1508', 'num_tokens': '4.326e+07', 'mean_token_accuracy': '0.9499', 'epoch': '1.746'}
{'loss': '0.1776', 'grad_norm': '0.2344', 'learning_rate': '2.535e-05', 'entropy': '0.1526', 'num_tokens': '4.33e+07', 'mean_token_accuracy': '0.9455', 'epoch': '1.747'}
{'loss': '0.1382', 'grad_norm': '0.3608', 'learning_rate': '2.524e-05', 'entropy': '0.1525', 'num_tokens': '4.333e+07', 'mean_token_accuracy': '0.9488', 'epoch': '1.748'}
{'loss': '0.1375', 'grad_norm': '0.4935', 'learning_rate': '2.513e-05', 'entropy': '0.1401', 'num_tokens': '4.337e+07', 'mean_token_accuracy': '0.9522', 'epoch': '1.749'}
{'loss': '0.1367', 'grad_norm': '0.2835', 'learning_rate': '2.503e-05', 'entropy': '0.1351', 'num_tokens': '4.339e+07', 'mean_token_accuracy': '0.9541', 'epoch': '1.75'}
{'loss': '0.1792', 'grad_norm': '0.2527', 'learning_rate': '2.492e-05', 'entropy': '0.1516', 'num_tokens': '4.343e+07', 'mean_token_accuracy': '0.9465', 'epoch': '1.751'}
{'loss': '0.1444', 'grad_norm': '0.4448', 'learning_rate': '2.481e-05', 'entropy': '0.1448', 'num_tokens': '4.346e+07', 'mean_token_accuracy': '0.9509', 'epoch': '1.752'}
{'loss': '0.1489', 'grad_norm': '0.2019', 'learning_rate': '2.471e-05', 'entropy': '0.147', 'num_tokens': '4.349e+07', 'mean_token_accuracy': '0.9474', 'epoch': '1.753'}
{'loss': '0.1389', 'grad_norm': '0.1709', 'learning_rate': '2.46e-05', 'entropy': '0.1233', 'num_tokens': '4.353e+07', 'mean_token_accuracy': '0.9561', 'epoch': '1.754'}
{'loss': '0.1617', 'grad_norm': '0.1964', 'learning_rate': '2.45e-05', 'entropy': '0.1625', 'num_tokens': '4.356e+07', 'mean_token_accuracy': '0.9456', 'epoch': '1.755'}
{'loss': '0.1235', 'grad_norm': '0.2261', 'learning_rate': '2.439e-05', 'entropy': '0.1218', 'num_tokens': '4.36e+07', 'mean_token_accuracy': '0.9555', 'epoch': '1.756'}
{'loss': '0.126', 'grad_norm': '0.414', 'learning_rate': '2.428e-05', 'entropy': '0.1227', 'num_tokens': '4.363e+07', 'mean_token_accuracy': '0.9583', 'epoch': '1.757'}
{'loss': '0.1349', 'grad_norm': '0.3186', 'learning_rate': '2.418e-05', 'entropy': '0.1248', 'num_tokens': '4.367e+07', 'mean_token_accuracy': '0.9591', 'epoch': '1.758'}
{'loss': '0.1494', 'grad_norm': '0.2191', 'learning_rate': '2.407e-05', 'entropy': '0.1413', 'num_tokens': '4.37e+07', 'mean_token_accuracy': '0.9519', 'epoch': '1.759'}
{'loss': '0.1366', 'grad_norm': '0.2637', 'learning_rate': '2.396e-05', 'entropy': '0.148', 'num_tokens': '4.374e+07', 'mean_token_accuracy': '0.9488', 'epoch': '1.76'}
{'loss': '0.1435', 'grad_norm': '0.291', 'learning_rate': '2.386e-05', 'entropy': '0.1517', 'num_tokens': '4.376e+07', 'mean_token_accuracy': '0.9504', 'epoch': '1.762'}
{'loss': '0.1286', 'grad_norm': '0.1957', 'learning_rate': '2.375e-05', 'entropy': '0.1331', 'num_tokens': '4.38e+07', 'mean_token_accuracy': '0.9539', 'epoch': '1.763'}
{'loss': '0.1708', 'grad_norm': '0.2825', 'learning_rate': '2.365e-05', 'entropy': '0.1525', 'num_tokens': '4.384e+07', 'mean_token_accuracy': '0.9458', 'epoch': '1.764'}
{'loss': '0.1309', 'grad_norm': '0.1897', 'learning_rate': '2.354e-05', 'entropy': '0.1213', 'num_tokens': '4.387e+07', 'mean_token_accuracy': '0.958', 'epoch': '1.765'}
{'loss': '0.17', 'grad_norm': '0.3058', 'learning_rate': '2.343e-05', 'entropy': '0.1622', 'num_tokens': '4.39e+07', 'mean_token_accuracy': '0.9437', 'epoch': '1.766'}
{'loss': '0.1392', 'grad_norm': '0.2086', 'learning_rate': '2.333e-05', 'entropy': '0.1397', 'num_tokens': '4.393e+07', 'mean_token_accuracy': '0.9545', 'epoch': '1.767'}
{'loss': '0.1346', 'grad_norm': '0.2854', 'learning_rate': '2.322e-05', 'entropy': '0.132', 'num_tokens': '4.397e+07', 'mean_token_accuracy': '0.9586', 'epoch': '1.768'}
{'loss': '0.124', 'grad_norm': '0.4875', 'learning_rate': '2.312e-05', 'entropy': '0.1096', 'num_tokens': '4.4e+07', 'mean_token_accuracy': '0.9589', 'epoch': '1.769'}
{'loss': '0.1485', 'grad_norm': '0.3055', 'learning_rate': '2.301e-05', 'entropy': '0.1305', 'num_tokens': '4.404e+07', 'mean_token_accuracy': '0.9523', 'epoch': '1.77'}
{'loss': '0.1534', 'grad_norm': '0.3055', 'learning_rate': '2.29e-05', 'entropy': '0.1584', 'num_tokens': '4.407e+07', 'mean_token_accuracy': '0.948', 'epoch': '1.771'}
{'loss': '0.1407', 'grad_norm': '0.2591', 'learning_rate': '2.28e-05', 'entropy': '0.1478', 'num_tokens': '4.41e+07', 'mean_token_accuracy': '0.9491', 'epoch': '1.772'}
{'loss': '0.1272', 'grad_norm': '0.4377', 'learning_rate': '2.269e-05', 'entropy': '0.1342', 'num_tokens': '4.413e+07', 'mean_token_accuracy': '0.9547', 'epoch': '1.773'}
{'loss': '0.1529', 'grad_norm': '0.2923', 'learning_rate': '2.258e-05', 'entropy': '0.1358', 'num_tokens': '4.417e+07', 'mean_token_accuracy': '0.9526', 'epoch': '1.774'}
{'loss': '0.1221', 'grad_norm': '0.233', 'learning_rate': '2.248e-05', 'entropy': '0.1195', 'num_tokens': '4.421e+07', 'mean_token_accuracy': '0.9592', 'epoch': '1.775'}
{'loss': '0.158', 'grad_norm': '0.3117', 'learning_rate': '2.237e-05', 'entropy': '0.1588', 'num_tokens': '4.424e+07', 'mean_token_accuracy': '0.9507', 'epoch': '1.776'}
{'loss': '0.1382', 'grad_norm': '0.189', 'learning_rate': '2.227e-05', 'entropy': '0.123', 'num_tokens': '4.427e+07', 'mean_token_accuracy': '0.9529', 'epoch': '1.777'}
{'loss': '0.1546', 'grad_norm': '0.2147', 'learning_rate': '2.216e-05', 'entropy': '0.1334', 'num_tokens': '4.43e+07', 'mean_token_accuracy': '0.9548', 'epoch': '1.779'}
{'loss': '0.1435', 'grad_norm': '0.2698', 'learning_rate': '2.205e-05', 'entropy': '0.1377', 'num_tokens': '4.433e+07', 'mean_token_accuracy': '0.9525', 'epoch': '1.78'}
{'loss': '0.1575', 'grad_norm': '0.4638', 'learning_rate': '2.195e-05', 'entropy': '0.1483', 'num_tokens': '4.437e+07', 'mean_token_accuracy': '0.9525', 'epoch': '1.781'}
{'loss': '0.1446', 'grad_norm': '0.5221', 'learning_rate': '2.184e-05', 'entropy': '0.1559', 'num_tokens': '4.44e+07', 'mean_token_accuracy': '0.9489', 'epoch': '1.782'}
{'loss': '0.1325', 'grad_norm': '0.5523', 'learning_rate': '2.173e-05', 'entropy': '0.1404', 'num_tokens': '4.443e+07', 'mean_token_accuracy': '0.9493', 'epoch': '1.783'}
{'loss': '0.1481', 'grad_norm': '0.271', 'learning_rate': '2.163e-05', 'entropy': '0.1447', 'num_tokens': '4.448e+07', 'mean_token_accuracy': '0.951', 'epoch': '1.784'}
{'loss': '0.1641', 'grad_norm': '0.6061', 'learning_rate': '2.152e-05', 'entropy': '0.1531', 'num_tokens': '4.451e+07', 'mean_token_accuracy': '0.9461', 'epoch': '1.785'}
{'loss': '0.1487', 'grad_norm': '0.2695', 'learning_rate': '2.142e-05', 'entropy': '0.1292', 'num_tokens': '4.455e+07', 'mean_token_accuracy': '0.9578', 'epoch': '1.786'}
{'loss': '0.1641', 'grad_norm': '0.9812', 'learning_rate': '2.131e-05', 'entropy': '0.1656', 'num_tokens': '4.459e+07', 'mean_token_accuracy': '0.9446', 'epoch': '1.787'}
{'loss': '0.1563', 'grad_norm': '0.2119', 'learning_rate': '2.12e-05', 'entropy': '0.1644', 'num_tokens': '4.462e+07', 'mean_token_accuracy': '0.9446', 'epoch': '1.788'}
{'loss': '0.1738', 'grad_norm': '0.2845', 'learning_rate': '2.11e-05', 'entropy': '0.1685', 'num_tokens': '4.465e+07', 'mean_token_accuracy': '0.9455', 'epoch': '1.789'}
{'loss': '0.1444', 'grad_norm': '0.4385', 'learning_rate': '2.099e-05', 'entropy': '0.1396', 'num_tokens': '4.47e+07', 'mean_token_accuracy': '0.9517', 'epoch': '1.79'}
{'loss': '0.1736', 'grad_norm': '0.336', 'learning_rate': '2.089e-05', 'entropy': '0.1548', 'num_tokens': '4.474e+07', 'mean_token_accuracy': '0.9449', 'epoch': '1.791'}
{'loss': '0.1706', 'grad_norm': '0.2375', 'learning_rate': '2.078e-05', 'entropy': '0.1613', 'num_tokens': '4.477e+07', 'mean_token_accuracy': '0.946', 'epoch': '1.792'}
{'loss': '0.1254', 'grad_norm': '0.2541', 'learning_rate': '2.067e-05', 'entropy': '0.1164', 'num_tokens': '4.48e+07', 'mean_token_accuracy': '0.9593', 'epoch': '1.793'}
{'loss': '0.1388', 'grad_norm': '0.2623', 'learning_rate': '2.057e-05', 'entropy': '0.1339', 'num_tokens': '4.484e+07', 'mean_token_accuracy': '0.9541', 'epoch': '1.794'}
{'loss': '0.146', 'grad_norm': '0.1933', 'learning_rate': '2.046e-05', 'entropy': '0.133', 'num_tokens': '4.487e+07', 'mean_token_accuracy': '0.9559', 'epoch': '1.795'}
{'loss': '0.1439', 'grad_norm': '0.2653', 'learning_rate': '2.035e-05', 'entropy': '0.1364', 'num_tokens': '4.49e+07', 'mean_token_accuracy': '0.9525', 'epoch': '1.797'}
{'loss': '0.1254', 'grad_norm': '0.3892', 'learning_rate': '2.025e-05', 'entropy': '0.1233', 'num_tokens': '4.493e+07', 'mean_token_accuracy': '0.9576', 'epoch': '1.798'}
{'loss': '0.1455', 'grad_norm': '0.1992', 'learning_rate': '2.014e-05', 'entropy': '0.1307', 'num_tokens': '4.497e+07', 'mean_token_accuracy': '0.9538', 'epoch': '1.799'}
{'loss': '0.1236', 'grad_norm': '0.3021', 'learning_rate': '2.004e-05', 'entropy': '0.1247', 'num_tokens': '4.501e+07', 'mean_token_accuracy': '0.9566', 'epoch': '1.8'}
{'loss': '0.1364', 'grad_norm': '0.3826', 'learning_rate': '1.993e-05', 'entropy': '0.1252', 'num_tokens': '4.504e+07', 'mean_token_accuracy': '0.9562', 'epoch': '1.801'}
{'loss': '0.1473', 'grad_norm': '0.2249', 'learning_rate': '1.982e-05', 'entropy': '0.1449', 'num_tokens': '4.507e+07', 'mean_token_accuracy': '0.9552', 'epoch': '1.802'}
{'loss': '0.1365', 'grad_norm': '0.3508', 'learning_rate': '1.972e-05', 'entropy': '0.1509', 'num_tokens': '4.511e+07', 'mean_token_accuracy': '0.9512', 'epoch': '1.803'}
{'loss': '0.1215', 'grad_norm': '0.9104', 'learning_rate': '1.961e-05', 'entropy': '0.1216', 'num_tokens': '4.514e+07', 'mean_token_accuracy': '0.9557', 'epoch': '1.804'}
{'loss': '0.1456', 'grad_norm': '0.2684', 'learning_rate': '1.951e-05', 'entropy': '0.1411', 'num_tokens': '4.517e+07', 'mean_token_accuracy': '0.9529', 'epoch': '1.805'}
{'loss': '0.1746', 'grad_norm': '0.3967', 'learning_rate': '1.94e-05', 'entropy': '0.143', 'num_tokens': '4.52e+07', 'mean_token_accuracy': '0.9525', 'epoch': '1.806'}
{'loss': '0.1507', 'grad_norm': '0.2667', 'learning_rate': '1.929e-05', 'entropy': '0.1573', 'num_tokens': '4.523e+07', 'mean_token_accuracy': '0.947', 'epoch': '1.807'}
{'loss': '0.102', 'grad_norm': '0.1474', 'learning_rate': '1.919e-05', 'entropy': '0.1002', 'num_tokens': '4.527e+07', 'mean_token_accuracy': '0.9647', 'epoch': '1.808'}
{'loss': '0.1262', 'grad_norm': '0.1272', 'learning_rate': '1.908e-05', 'entropy': '0.1346', 'num_tokens': '4.531e+07', 'mean_token_accuracy': '0.9555', 'epoch': '1.809'}
{'loss': '0.173', 'grad_norm': '1.845', 'learning_rate': '1.897e-05', 'entropy': '0.1612', 'num_tokens': '4.535e+07', 'mean_token_accuracy': '0.9469', 'epoch': '1.81'}
{'loss': '0.1248', 'grad_norm': '0.2979', 'learning_rate': '1.887e-05', 'entropy': '0.1175', 'num_tokens': '4.538e+07', 'mean_token_accuracy': '0.9572', 'epoch': '1.811'}
{'loss': '0.1146', 'grad_norm': '0.1742', 'learning_rate': '1.876e-05', 'entropy': '0.1093', 'num_tokens': '4.541e+07', 'mean_token_accuracy': '0.9631', 'epoch': '1.812'}
{'loss': '0.1187', 'grad_norm': '0.2843', 'learning_rate': '1.866e-05', 'entropy': '0.1187', 'num_tokens': '4.544e+07', 'mean_token_accuracy': '0.9592', 'epoch': '1.814'}
{'loss': '0.119', 'grad_norm': '0.2319', 'learning_rate': '1.855e-05', 'entropy': '0.1323', 'num_tokens': '4.548e+07', 'mean_token_accuracy': '0.9541', 'epoch': '1.815'}
{'loss': '0.1327', 'grad_norm': '0.1767', 'learning_rate': '1.844e-05', 'entropy': '0.1441', 'num_tokens': '4.551e+07', 'mean_token_accuracy': '0.9483', 'epoch': '1.816'}
{'loss': '0.1366', 'grad_norm': '0.4432', 'learning_rate': '1.834e-05', 'entropy': '0.1343', 'num_tokens': '4.555e+07', 'mean_token_accuracy': '0.9535', 'epoch': '1.817'}
{'loss': '0.1625', 'grad_norm': '0.3134', 'learning_rate': '1.823e-05', 'entropy': '0.1437', 'num_tokens': '4.558e+07', 'mean_token_accuracy': '0.9499', 'epoch': '1.818'}
{'loss': '0.1101', 'grad_norm': '0.4516', 'learning_rate': '1.812e-05', 'entropy': '0.131', 'num_tokens': '4.562e+07', 'mean_token_accuracy': '0.9566', 'epoch': '1.819'}
{'loss': '0.1417', 'grad_norm': '0.493', 'learning_rate': '1.802e-05', 'entropy': '0.1398', 'num_tokens': '4.565e+07', 'mean_token_accuracy': '0.952', 'epoch': '1.82'}
{'loss': '0.1537', 'grad_norm': '0.3113', 'learning_rate': '1.791e-05', 'entropy': '0.1454', 'num_tokens': '4.569e+07', 'mean_token_accuracy': '0.9504', 'epoch': '1.821'}
{'loss': '0.139', 'grad_norm': '0.1689', 'learning_rate': '1.781e-05', 'entropy': '0.1394', 'num_tokens': '4.572e+07', 'mean_token_accuracy': '0.9518', 'epoch': '1.822'}
{'loss': '0.1468', 'grad_norm': '0.3016', 'learning_rate': '1.77e-05', 'entropy': '0.145', 'num_tokens': '4.575e+07', 'mean_token_accuracy': '0.955', 'epoch': '1.823'}
{'loss': '0.1373', 'grad_norm': '0.1548', 'learning_rate': '1.759e-05', 'entropy': '0.1437', 'num_tokens': '4.578e+07', 'mean_token_accuracy': '0.9528', 'epoch': '1.824'}
{'loss': '0.1335', 'grad_norm': '0.1861', 'learning_rate': '1.749e-05', 'entropy': '0.1328', 'num_tokens': '4.581e+07', 'mean_token_accuracy': '0.9538', 'epoch': '1.825'}
{'loss': '0.1508', 'grad_norm': '0.3193', 'learning_rate': '1.738e-05', 'entropy': '0.1648', 'num_tokens': '4.584e+07', 'mean_token_accuracy': '0.9432', 'epoch': '1.826'}
{'loss': '0.177', 'grad_norm': '0.3884', 'learning_rate': '1.728e-05', 'entropy': '0.1604', 'num_tokens': '4.587e+07', 'mean_token_accuracy': '0.9463', 'epoch': '1.827'}
{'loss': '0.1099', 'grad_norm': '0.1904', 'learning_rate': '1.717e-05', 'entropy': '0.1145', 'num_tokens': '4.591e+07', 'mean_token_accuracy': '0.9626', 'epoch': '1.828'}
{'loss': '0.1554', 'grad_norm': '0.2602', 'learning_rate': '1.706e-05', 'entropy': '0.1582', 'num_tokens': '4.594e+07', 'mean_token_accuracy': '0.9461', 'epoch': '1.829'}
{'loss': '0.1271', 'grad_norm': '0.2432', 'learning_rate': '1.696e-05', 'entropy': '0.1236', 'num_tokens': '4.598e+07', 'mean_token_accuracy': '0.9589', 'epoch': '1.831'}
{'loss': '0.1601', 'grad_norm': '0.2782', 'learning_rate': '1.685e-05', 'entropy': '0.1452', 'num_tokens': '4.601e+07', 'mean_token_accuracy': '0.9484', 'epoch': '1.832'}
{'loss': '0.1442', 'grad_norm': '0.4414', 'learning_rate': '1.674e-05', 'entropy': '0.1428', 'num_tokens': '4.604e+07', 'mean_token_accuracy': '0.9517', 'epoch': '1.833'}
{'loss': '0.1589', 'grad_norm': '0.335', 'learning_rate': '1.664e-05', 'entropy': '0.1396', 'num_tokens': '4.607e+07', 'mean_token_accuracy': '0.9501', 'epoch': '1.834'}
{'loss': '0.1241', 'grad_norm': '0.4176', 'learning_rate': '1.653e-05', 'entropy': '0.1221', 'num_tokens': '4.611e+07', 'mean_token_accuracy': '0.9597', 'epoch': '1.835'}
{'loss': '0.1498', 'grad_norm': '0.3834', 'learning_rate': '1.643e-05', 'entropy': '0.1414', 'num_tokens': '4.614e+07', 'mean_token_accuracy': '0.9528', 'epoch': '1.836'}
{'loss': '0.15', 'grad_norm': '0.1867', 'learning_rate': '1.632e-05', 'entropy': '0.141', 'num_tokens': '4.618e+07', 'mean_token_accuracy': '0.9537', 'epoch': '1.837'}
{'loss': '0.1292', 'grad_norm': '0.4859', 'learning_rate': '1.621e-05', 'entropy': '0.1276', 'num_tokens': '4.622e+07', 'mean_token_accuracy': '0.9581', 'epoch': '1.838'}
{'loss': '0.1451', 'grad_norm': '0.4748', 'learning_rate': '1.611e-05', 'entropy': '0.1501', 'num_tokens': '4.626e+07', 'mean_token_accuracy': '0.9488', 'epoch': '1.839'}
{'loss': '0.1343', 'grad_norm': '0.3314', 'learning_rate': '1.6e-05', 'entropy': '0.1456', 'num_tokens': '4.629e+07', 'mean_token_accuracy': '0.952', 'epoch': '1.84'}
{'loss': '0.1024', 'grad_norm': '0.309', 'learning_rate': '1.59e-05', 'entropy': '0.1084', 'num_tokens': '4.633e+07', 'mean_token_accuracy': '0.9615', 'epoch': '1.841'}
{'loss': '0.1404', 'grad_norm': '0.3499', 'learning_rate': '1.579e-05', 'entropy': '0.1568', 'num_tokens': '4.636e+07', 'mean_token_accuracy': '0.9497', 'epoch': '1.842'}
{'loss': '0.1764', 'grad_norm': '0.3235', 'learning_rate': '1.568e-05', 'entropy': '0.1627', 'num_tokens': '4.639e+07', 'mean_token_accuracy': '0.9427', 'epoch': '1.843'}
{'loss': '0.1533', 'grad_norm': '0.2216', 'learning_rate': '1.558e-05', 'entropy': '0.1546', 'num_tokens': '4.642e+07', 'mean_token_accuracy': '0.9473', 'epoch': '1.844'}
{'loss': '0.1368', 'grad_norm': '0.3325', 'learning_rate': '1.547e-05', 'entropy': '0.1496', 'num_tokens': '4.646e+07', 'mean_token_accuracy': '0.9517', 'epoch': '1.845'}
{'loss': '0.1247', 'grad_norm': '0.4731', 'learning_rate': '1.536e-05', 'entropy': '0.1225', 'num_tokens': '4.649e+07', 'mean_token_accuracy': '0.9578', 'epoch': '1.846'}
{'loss': '0.1477', 'grad_norm': '0.2203', 'learning_rate': '1.526e-05', 'entropy': '0.1325', 'num_tokens': '4.653e+07', 'mean_token_accuracy': '0.9546', 'epoch': '1.848'}
{'loss': '0.1694', 'grad_norm': '0.2179', 'learning_rate': '1.515e-05', 'entropy': '0.1469', 'num_tokens': '4.656e+07', 'mean_token_accuracy': '0.9515', 'epoch': '1.849'}
{'loss': '0.1183', 'grad_norm': '0.2208', 'learning_rate': '1.505e-05', 'entropy': '0.1146', 'num_tokens': '4.659e+07', 'mean_token_accuracy': '0.9623', 'epoch': '1.85'}
{'loss': '0.1421', 'grad_norm': '0.47', 'learning_rate': '1.494e-05', 'entropy': '0.1321', 'num_tokens': '4.662e+07', 'mean_token_accuracy': '0.9544', 'epoch': '1.851'}
{'loss': '0.1524', 'grad_norm': '0.2136', 'learning_rate': '1.483e-05', 'entropy': '0.1649', 'num_tokens': '4.666e+07', 'mean_token_accuracy': '0.9475', 'epoch': '1.852'}
{'loss': '0.1224', 'grad_norm': '0.2306', 'learning_rate': '1.473e-05', 'entropy': '0.1214', 'num_tokens': '4.67e+07', 'mean_token_accuracy': '0.9594', 'epoch': '1.853'}
{'loss': '0.1459', 'grad_norm': '0.219', 'learning_rate': '1.462e-05', 'entropy': '0.135', 'num_tokens': '4.674e+07', 'mean_token_accuracy': '0.9499', 'epoch': '1.854'}
{'loss': '0.1086', 'grad_norm': '0.3956', 'learning_rate': '1.451e-05', 'entropy': '0.1172', 'num_tokens': '4.678e+07', 'mean_token_accuracy': '0.9596', 'epoch': '1.855'}
{'loss': '0.1888', 'grad_norm': '0.4733', 'learning_rate': '1.441e-05', 'entropy': '0.1787', 'num_tokens': '4.681e+07', 'mean_token_accuracy': '0.9397', 'epoch': '1.856'}
{'loss': '0.1502', 'grad_norm': '0.3635', 'learning_rate': '1.43e-05', 'entropy': '0.1606', 'num_tokens': '4.684e+07', 'mean_token_accuracy': '0.9442', 'epoch': '1.857'}
{'loss': '0.1242', 'grad_norm': '0.2063', 'learning_rate': '1.42e-05', 'entropy': '0.1384', 'num_tokens': '4.687e+07', 'mean_token_accuracy': '0.9543', 'epoch': '1.858'}
{'loss': '0.1431', 'grad_norm': '0.218', 'learning_rate': '1.409e-05', 'entropy': '0.139', 'num_tokens': '4.69e+07', 'mean_token_accuracy': '0.9554', 'epoch': '1.859'}
{'loss': '0.1155', 'grad_norm': '0.2048', 'learning_rate': '1.398e-05', 'entropy': '0.1115', 'num_tokens': '4.694e+07', 'mean_token_accuracy': '0.9615', 'epoch': '1.86'}
{'loss': '0.1308', 'grad_norm': '0.1817', 'learning_rate': '1.388e-05', 'entropy': '0.1306', 'num_tokens': '4.698e+07', 'mean_token_accuracy': '0.9532', 'epoch': '1.861'}
{'loss': '0.1746', 'grad_norm': '0.4102', 'learning_rate': '1.377e-05', 'entropy': '0.1605', 'num_tokens': '4.701e+07', 'mean_token_accuracy': '0.9427', 'epoch': '1.862'}
{'loss': '0.1457', 'grad_norm': '0.2998', 'learning_rate': '1.367e-05', 'entropy': '0.1506', 'num_tokens': '4.704e+07', 'mean_token_accuracy': '0.9498', 'epoch': '1.863'}
{'loss': '0.1466', 'grad_norm': '0.2821', 'learning_rate': '1.356e-05', 'entropy': '0.1368', 'num_tokens': '4.709e+07', 'mean_token_accuracy': '0.9521', 'epoch': '1.865'}
{'loss': '0.1504', 'grad_norm': '0.3016', 'learning_rate': '1.345e-05', 'entropy': '0.1568', 'num_tokens': '4.712e+07', 'mean_token_accuracy': '0.9471', 'epoch': '1.866'}
{'loss': '0.1275', 'grad_norm': '0.2494', 'learning_rate': '1.335e-05', 'entropy': '0.1254', 'num_tokens': '4.716e+07', 'mean_token_accuracy': '0.9581', 'epoch': '1.867'}
{'loss': '0.1481', 'grad_norm': '0.2176', 'learning_rate': '1.324e-05', 'entropy': '0.127', 'num_tokens': '4.719e+07', 'mean_token_accuracy': '0.9543', 'epoch': '1.868'}
{'loss': '0.1408', 'grad_norm': '1.207', 'learning_rate': '1.313e-05', 'entropy': '0.1466', 'num_tokens': '4.723e+07', 'mean_token_accuracy': '0.9484', 'epoch': '1.869'}
{'loss': '0.1157', 'grad_norm': '0.5753', 'learning_rate': '1.303e-05', 'entropy': '0.1128', 'num_tokens': '4.726e+07', 'mean_token_accuracy': '0.9598', 'epoch': '1.87'}
{'loss': '0.1035', 'grad_norm': '0.2689', 'learning_rate': '1.292e-05', 'entropy': '0.1028', 'num_tokens': '4.73e+07', 'mean_token_accuracy': '0.9641', 'epoch': '1.871'}
{'loss': '0.123', 'grad_norm': '0.2164', 'learning_rate': '1.282e-05', 'entropy': '0.1089', 'num_tokens': '4.733e+07', 'mean_token_accuracy': '0.9634', 'epoch': '1.872'}
{'loss': '0.1657', 'grad_norm': '0.3532', 'learning_rate': '1.271e-05', 'entropy': '0.1748', 'num_tokens': '4.736e+07', 'mean_token_accuracy': '0.9407', 'epoch': '1.873'}
{'loss': '0.1081', 'grad_norm': '0.252', 'learning_rate': '1.26e-05', 'entropy': '0.1083', 'num_tokens': '4.74e+07', 'mean_token_accuracy': '0.9626', 'epoch': '1.874'}
{'loss': '0.1278', 'grad_norm': '0.2777', 'learning_rate': '1.25e-05', 'entropy': '0.1214', 'num_tokens': '4.742e+07', 'mean_token_accuracy': '0.9599', 'epoch': '1.875'}
{'loss': '0.1273', 'grad_norm': '0.3459', 'learning_rate': '1.239e-05', 'entropy': '0.1194', 'num_tokens': '4.746e+07', 'mean_token_accuracy': '0.9593', 'epoch': '1.876'}
{'loss': '0.1385', 'grad_norm': '0.3907', 'learning_rate': '1.228e-05', 'entropy': '0.1344', 'num_tokens': '4.749e+07', 'mean_token_accuracy': '0.9563', 'epoch': '1.877'}
{'loss': '0.1491', 'grad_norm': '0.2433', 'learning_rate': '1.218e-05', 'entropy': '0.15', 'num_tokens': '4.753e+07', 'mean_token_accuracy': '0.9476', 'epoch': '1.878'}
{'loss': '0.09873', 'grad_norm': '0.3248', 'learning_rate': '1.207e-05', 'entropy': '0.1048', 'num_tokens': '4.756e+07', 'mean_token_accuracy': '0.9646', 'epoch': '1.879'}
{'loss': '0.1239', 'grad_norm': '0.1692', 'learning_rate': '1.197e-05', 'entropy': '0.1471', 'num_tokens': '4.76e+07', 'mean_token_accuracy': '0.9517', 'epoch': '1.88'}
{'loss': '0.1301', 'grad_norm': '0.2197', 'learning_rate': '1.186e-05', 'entropy': '0.1229', 'num_tokens': '4.763e+07', 'mean_token_accuracy': '0.955', 'epoch': '1.882'}
{'loss': '0.1137', 'grad_norm': '0.315', 'learning_rate': '1.175e-05', 'entropy': '0.1075', 'num_tokens': '4.767e+07', 'mean_token_accuracy': '0.9631', 'epoch': '1.883'}
{'loss': '0.139', 'grad_norm': '0.2685', 'learning_rate': '1.165e-05', 'entropy': '0.1355', 'num_tokens': '4.77e+07', 'mean_token_accuracy': '0.9501', 'epoch': '1.884'}
{'loss': '0.1481', 'grad_norm': '0.2673', 'learning_rate': '1.154e-05', 'entropy': '0.1449', 'num_tokens': '4.774e+07', 'mean_token_accuracy': '0.9472', 'epoch': '1.885'}
{'loss': '0.1329', 'grad_norm': '0.165', 'learning_rate': '1.144e-05', 'entropy': '0.1256', 'num_tokens': '4.777e+07', 'mean_token_accuracy': '0.9561', 'epoch': '1.886'}
{'loss': '0.1327', 'grad_norm': '0.3286', 'learning_rate': '1.133e-05', 'entropy': '0.1343', 'num_tokens': '4.781e+07', 'mean_token_accuracy': '0.9538', 'epoch': '1.887'}
{'loss': '0.1678', 'grad_norm': '0.4752', 'learning_rate': '1.122e-05', 'entropy': '0.1508', 'num_tokens': '4.784e+07', 'mean_token_accuracy': '0.9515', 'epoch': '1.888'}
{'loss': '0.1585', 'grad_norm': '0.2815', 'learning_rate': '1.112e-05', 'entropy': '0.1465', 'num_tokens': '4.787e+07', 'mean_token_accuracy': '0.9462', 'epoch': '1.889'}
{'loss': '0.1155', 'grad_norm': '0.2114', 'learning_rate': '1.101e-05', 'entropy': '0.1117', 'num_tokens': '4.79e+07', 'mean_token_accuracy': '0.9606', 'epoch': '1.89'}
{'loss': '0.1645', 'grad_norm': '0.4754', 'learning_rate': '1.09e-05', 'entropy': '0.1498', 'num_tokens': '4.794e+07', 'mean_token_accuracy': '0.9475', 'epoch': '1.891'}
{'loss': '0.1289', 'grad_norm': '0.2778', 'learning_rate': '1.08e-05', 'entropy': '0.1302', 'num_tokens': '4.797e+07', 'mean_token_accuracy': '0.9549', 'epoch': '1.892'}
{'loss': '0.1365', 'grad_norm': '0.4516', 'learning_rate': '1.069e-05', 'entropy': '0.1414', 'num_tokens': '4.8e+07', 'mean_token_accuracy': '0.9515', 'epoch': '1.893'}
{'loss': '0.1046', 'grad_norm': '0.2421', 'learning_rate': '1.059e-05', 'entropy': '0.1091', 'num_tokens': '4.804e+07', 'mean_token_accuracy': '0.9611', 'epoch': '1.894'}
{'loss': '0.159', 'grad_norm': '0.2594', 'learning_rate': '1.048e-05', 'entropy': '0.1448', 'num_tokens': '4.807e+07', 'mean_token_accuracy': '0.9476', 'epoch': '1.895'}
{'loss': '0.1193', 'grad_norm': '0.2614', 'learning_rate': '1.037e-05', 'entropy': '0.1325', 'num_tokens': '4.811e+07', 'mean_token_accuracy': '0.9576', 'epoch': '1.896'}
{'loss': '0.1779', 'grad_norm': '0.2862', 'learning_rate': '1.027e-05', 'entropy': '0.1373', 'num_tokens': '4.814e+07', 'mean_token_accuracy': '0.9469', 'epoch': '1.897'}
{'loss': '0.1389', 'grad_norm': '0.3654', 'learning_rate': '1.016e-05', 'entropy': '0.1305', 'num_tokens': '4.817e+07', 'mean_token_accuracy': '0.9545', 'epoch': '1.898'}
{'loss': '0.1362', 'grad_norm': '0.1749', 'learning_rate': '1.006e-05', 'entropy': '0.1293', 'num_tokens': '4.821e+07', 'mean_token_accuracy': '0.9515', 'epoch': '1.9'}
{'loss': '0.1332', 'grad_norm': '0.2006', 'learning_rate': '9.949e-06', 'entropy': '0.1316', 'num_tokens': '4.825e+07', 'mean_token_accuracy': '0.956', 'epoch': '1.901'}
{'loss': '0.1321', 'grad_norm': '0.3141', 'learning_rate': '9.843e-06', 'entropy': '0.1356', 'num_tokens': '4.828e+07', 'mean_token_accuracy': '0.9549', 'epoch': '1.902'}
{'loss': '0.1437', 'grad_norm': '0.2322', 'learning_rate': '9.737e-06', 'entropy': '0.1383', 'num_tokens': '4.832e+07', 'mean_token_accuracy': '0.9556', 'epoch': '1.903'}
{'loss': '0.1438', 'grad_norm': '0.1935', 'learning_rate': '9.63e-06', 'entropy': '0.143', 'num_tokens': '4.836e+07', 'mean_token_accuracy': '0.9489', 'epoch': '1.904'}
{'loss': '0.1029', 'grad_norm': '0.1831', 'learning_rate': '9.524e-06', 'entropy': '0.1194', 'num_tokens': '4.839e+07', 'mean_token_accuracy': '0.9602', 'epoch': '1.905'}
{'loss': '0.1369', 'grad_norm': '0.2742', 'learning_rate': '9.418e-06', 'entropy': '0.1384', 'num_tokens': '4.843e+07', 'mean_token_accuracy': '0.9516', 'epoch': '1.906'}
{'loss': '0.1483', 'grad_norm': '0.4208', 'learning_rate': '9.312e-06', 'entropy': '0.1366', 'num_tokens': '4.846e+07', 'mean_token_accuracy': '0.9529', 'epoch': '1.907'}
{'loss': '0.1742', 'grad_norm': '0.3809', 'learning_rate': '9.206e-06', 'entropy': '0.1573', 'num_tokens': '4.849e+07', 'mean_token_accuracy': '0.9478', 'epoch': '1.908'}
{'loss': '0.1439', 'grad_norm': '0.8692', 'learning_rate': '9.1e-06', 'entropy': '0.1311', 'num_tokens': '4.853e+07', 'mean_token_accuracy': '0.9557', 'epoch': '1.909'}
{'loss': '0.1191', 'grad_norm': '0.4299', 'learning_rate': '8.993e-06', 'entropy': '0.1383', 'num_tokens': '4.856e+07', 'mean_token_accuracy': '0.9558', 'epoch': '1.91'}
{'loss': '0.1381', 'grad_norm': '0.3309', 'learning_rate': '8.887e-06', 'entropy': '0.1304', 'num_tokens': '4.86e+07', 'mean_token_accuracy': '0.9542', 'epoch': '1.911'}
{'loss': '0.1547', 'grad_norm': '0.6025', 'learning_rate': '8.781e-06', 'entropy': '0.1402', 'num_tokens': '4.863e+07', 'mean_token_accuracy': '0.9532', 'epoch': '1.912'}
{'loss': '0.1389', 'grad_norm': '0.5108', 'learning_rate': '8.675e-06', 'entropy': '0.1513', 'num_tokens': '4.867e+07', 'mean_token_accuracy': '0.9503', 'epoch': '1.913'}
{'loss': '0.1511', 'grad_norm': '0.2775', 'learning_rate': '8.569e-06', 'entropy': '0.155', 'num_tokens': '4.871e+07', 'mean_token_accuracy': '0.9502', 'epoch': '1.914'}
{'loss': '0.1486', 'grad_norm': '0.3145', 'learning_rate': '8.463e-06', 'entropy': '0.1428', 'num_tokens': '4.875e+07', 'mean_token_accuracy': '0.9482', 'epoch': '1.915'}
{'loss': '0.1395', 'grad_norm': '0.4586', 'learning_rate': '8.356e-06', 'entropy': '0.1281', 'num_tokens': '4.879e+07', 'mean_token_accuracy': '0.9552', 'epoch': '1.917'}
{'loss': '0.1043', 'grad_norm': '0.1583', 'learning_rate': '8.25e-06', 'entropy': '0.1075', 'num_tokens': '4.883e+07', 'mean_token_accuracy': '0.9651', 'epoch': '1.918'}
{'loss': '0.1536', 'grad_norm': '0.447', 'learning_rate': '8.144e-06', 'entropy': '0.1579', 'num_tokens': '4.887e+07', 'mean_token_accuracy': '0.9485', 'epoch': '1.919'}
{'loss': '0.2056', 'grad_norm': '0.4109', 'learning_rate': '8.038e-06', 'entropy': '0.1672', 'num_tokens': '4.89e+07', 'mean_token_accuracy': '0.9429', 'epoch': '1.92'}
{'loss': '0.1587', 'grad_norm': '0.5543', 'learning_rate': '7.932e-06', 'entropy': '0.151', 'num_tokens': '4.893e+07', 'mean_token_accuracy': '0.9495', 'epoch': '1.921'}
{'loss': '0.1488', 'grad_norm': '0.2361', 'learning_rate': '7.825e-06', 'entropy': '0.1514', 'num_tokens': '4.897e+07', 'mean_token_accuracy': '0.9515', 'epoch': '1.922'}
{'loss': '0.1521', 'grad_norm': '0.1879', 'learning_rate': '7.719e-06', 'entropy': '0.1446', 'num_tokens': '4.9e+07', 'mean_token_accuracy': '0.9514', 'epoch': '1.923'}
{'loss': '0.1562', 'grad_norm': '0.5972', 'learning_rate': '7.613e-06', 'entropy': '0.1521', 'num_tokens': '4.903e+07', 'mean_token_accuracy': '0.9495', 'epoch': '1.924'}
{'loss': '0.1278', 'grad_norm': '0.2486', 'learning_rate': '7.507e-06', 'entropy': '0.1296', 'num_tokens': '4.907e+07', 'mean_token_accuracy': '0.9566', 'epoch': '1.925'}
{'loss': '0.1484', 'grad_norm': '0.3924', 'learning_rate': '7.401e-06', 'entropy': '0.1389', 'num_tokens': '4.91e+07', 'mean_token_accuracy': '0.9522', 'epoch': '1.926'}
{'loss': '0.1513', 'grad_norm': '0.3319', 'learning_rate': '7.295e-06', 'entropy': '0.1312', 'num_tokens': '4.913e+07', 'mean_token_accuracy': '0.9527', 'epoch': '1.927'}
{'loss': '0.1555', 'grad_norm': '0.3497', 'learning_rate': '7.188e-06', 'entropy': '0.1419', 'num_tokens': '4.916e+07', 'mean_token_accuracy': '0.9511', 'epoch': '1.928'}
{'loss': '0.1369', 'grad_norm': '0.2234', 'learning_rate': '7.082e-06', 'entropy': '0.1293', 'num_tokens': '4.92e+07', 'mean_token_accuracy': '0.9553', 'epoch': '1.929'}
{'loss': '0.1457', 'grad_norm': '0.33', 'learning_rate': '6.976e-06', 'entropy': '0.1498', 'num_tokens': '4.924e+07', 'mean_token_accuracy': '0.9483', 'epoch': '1.93'}
{'loss': '0.1287', 'grad_norm': '0.2601', 'learning_rate': '6.87e-06', 'entropy': '0.144', 'num_tokens': '4.927e+07', 'mean_token_accuracy': '0.9531', 'epoch': '1.931'}
{'loss': '0.1344', 'grad_norm': '0.2085', 'learning_rate': '6.764e-06', 'entropy': '0.1426', 'num_tokens': '4.93e+07', 'mean_token_accuracy': '0.9515', 'epoch': '1.932'}
{'loss': '0.1318', 'grad_norm': '0.3098', 'learning_rate': '6.657e-06', 'entropy': '0.1218', 'num_tokens': '4.934e+07', 'mean_token_accuracy': '0.9581', 'epoch': '1.934'}
{'loss': '0.1449', 'grad_norm': '0.2294', 'learning_rate': '6.551e-06', 'entropy': '0.1362', 'num_tokens': '4.937e+07', 'mean_token_accuracy': '0.9533', 'epoch': '1.935'}
{'loss': '0.1377', 'grad_norm': '0.2312', 'learning_rate': '6.445e-06', 'entropy': '0.1343', 'num_tokens': '4.941e+07', 'mean_token_accuracy': '0.9567', 'epoch': '1.936'}
{'loss': '0.1451', 'grad_norm': '0.1828', 'learning_rate': '6.339e-06', 'entropy': '0.1434', 'num_tokens': '4.944e+07', 'mean_token_accuracy': '0.9518', 'epoch': '1.937'}
{'loss': '0.1059', 'grad_norm': '0.3427', 'learning_rate': '6.233e-06', 'entropy': '0.1009', 'num_tokens': '4.948e+07', 'mean_token_accuracy': '0.9674', 'epoch': '1.938'}
{'loss': '0.1396', 'grad_norm': '0.4903', 'learning_rate': '6.127e-06', 'entropy': '0.1357', 'num_tokens': '4.951e+07', 'mean_token_accuracy': '0.9524', 'epoch': '1.939'}
{'loss': '0.1512', 'grad_norm': '0.3384', 'learning_rate': '6.02e-06', 'entropy': '0.1615', 'num_tokens': '4.954e+07', 'mean_token_accuracy': '0.9437', 'epoch': '1.94'}
{'loss': '0.1239', 'grad_norm': '0.1787', 'learning_rate': '5.914e-06', 'entropy': '0.1352', 'num_tokens': '4.958e+07', 'mean_token_accuracy': '0.9562', 'epoch': '1.941'}
{'loss': '0.1476', 'grad_norm': '0.5512', 'learning_rate': '5.808e-06', 'entropy': '0.1253', 'num_tokens': '4.961e+07', 'mean_token_accuracy': '0.9562', 'epoch': '1.942'}
{'loss': '0.1433', 'grad_norm': '0.3403', 'learning_rate': '5.702e-06', 'entropy': '0.1334', 'num_tokens': '4.965e+07', 'mean_token_accuracy': '0.9565', 'epoch': '1.943'}
{'loss': '0.1208', 'grad_norm': '0.4477', 'learning_rate': '5.596e-06', 'entropy': '0.1264', 'num_tokens': '4.968e+07', 'mean_token_accuracy': '0.9567', 'epoch': '1.944'}
{'loss': '0.1359', 'grad_norm': '0.5843', 'learning_rate': '5.489e-06', 'entropy': '0.1382', 'num_tokens': '4.972e+07', 'mean_token_accuracy': '0.9559', 'epoch': '1.945'}
{'loss': '0.1383', 'grad_norm': '0.727', 'learning_rate': '5.383e-06', 'entropy': '0.1322', 'num_tokens': '4.974e+07', 'mean_token_accuracy': '0.957', 'epoch': '1.946'}
{'loss': '0.1162', 'grad_norm': '0.2843', 'learning_rate': '5.277e-06', 'entropy': '0.1274', 'num_tokens': '4.977e+07', 'mean_token_accuracy': '0.9602', 'epoch': '1.947'}
{'loss': '0.1663', 'grad_norm': '0.272', 'learning_rate': '5.171e-06', 'entropy': '0.1587', 'num_tokens': '4.98e+07', 'mean_token_accuracy': '0.9478', 'epoch': '1.948'}
{'loss': '0.1601', 'grad_norm': '0.3785', 'learning_rate': '5.065e-06', 'entropy': '0.1549', 'num_tokens': '4.983e+07', 'mean_token_accuracy': '0.948', 'epoch': '1.949'}
{'loss': '0.1428', 'grad_norm': '0.5582', 'learning_rate': '4.959e-06', 'entropy': '0.1616', 'num_tokens': '4.987e+07', 'mean_token_accuracy': '0.9464', 'epoch': '1.951'}
{'loss': '0.1866', 'grad_norm': '0.3255', 'learning_rate': '4.852e-06', 'entropy': '0.1618', 'num_tokens': '4.991e+07', 'mean_token_accuracy': '0.9476', 'epoch': '1.952'}
{'loss': '0.1413', 'grad_norm': '0.3443', 'learning_rate': '4.746e-06', 'entropy': '0.1346', 'num_tokens': '4.994e+07', 'mean_token_accuracy': '0.9541', 'epoch': '1.953'}
{'loss': '0.1389', 'grad_norm': '0.3741', 'learning_rate': '4.64e-06', 'entropy': '0.1415', 'num_tokens': '4.997e+07', 'mean_token_accuracy': '0.9541', 'epoch': '1.954'}
{'loss': '0.1334', 'grad_norm': '0.2285', 'learning_rate': '4.534e-06', 'entropy': '0.1333', 'num_tokens': '5e+07', 'mean_token_accuracy': '0.9555', 'epoch': '1.955'}
{'loss': '0.1429', 'grad_norm': '0.2962', 'learning_rate': '4.428e-06', 'entropy': '0.1347', 'num_tokens': '5.003e+07', 'mean_token_accuracy': '0.9543', 'epoch': '1.956'}
{'loss': '0.1466', 'grad_norm': '0.3185', 'learning_rate': '4.322e-06', 'entropy': '0.1427', 'num_tokens': '5.007e+07', 'mean_token_accuracy': '0.9503', 'epoch': '1.957'}
{'loss': '0.1169', 'grad_norm': '0.192', 'learning_rate': '4.215e-06', 'entropy': '0.122', 'num_tokens': '5.011e+07', 'mean_token_accuracy': '0.9596', 'epoch': '1.958'}
{'loss': '0.1271', 'grad_norm': '0.1633', 'learning_rate': '4.109e-06', 'entropy': '0.1269', 'num_tokens': '5.015e+07', 'mean_token_accuracy': '0.9573', 'epoch': '1.959'}
{'loss': '0.1347', 'grad_norm': '0.3706', 'learning_rate': '4.003e-06', 'entropy': '0.1308', 'num_tokens': '5.017e+07', 'mean_token_accuracy': '0.9546', 'epoch': '1.96'}
{'loss': '0.09833', 'grad_norm': '0.2171', 'learning_rate': '3.897e-06', 'entropy': '0.09945', 'num_tokens': '5.021e+07', 'mean_token_accuracy': '0.9667', 'epoch': '1.961'}
{'loss': '0.1397', 'grad_norm': '0.4087', 'learning_rate': '3.791e-06', 'entropy': '0.1565', 'num_tokens': '5.024e+07', 'mean_token_accuracy': '0.9495', 'epoch': '1.962'}
{'loss': '0.1658', 'grad_norm': '0.3435', 'learning_rate': '3.684e-06', 'entropy': '0.145', 'num_tokens': '5.027e+07', 'mean_token_accuracy': '0.9503', 'epoch': '1.963'}
{'loss': '0.139', 'grad_norm': '0.2097', 'learning_rate': '3.578e-06', 'entropy': '0.1268', 'num_tokens': '5.031e+07', 'mean_token_accuracy': '0.9557', 'epoch': '1.964'}
{'loss': '0.1843', 'grad_norm': '0.4216', 'learning_rate': '3.472e-06', 'entropy': '0.1648', 'num_tokens': '5.034e+07', 'mean_token_accuracy': '0.947', 'epoch': '1.965'}
{'loss': '0.1384', 'grad_norm': '0.3249', 'learning_rate': '3.366e-06', 'entropy': '0.1349', 'num_tokens': '5.038e+07', 'mean_token_accuracy': '0.952', 'epoch': '1.966'}
{'loss': '0.1554', 'grad_norm': '0.2913', 'learning_rate': '3.26e-06', 'entropy': '0.1646', 'num_tokens': '5.041e+07', 'mean_token_accuracy': '0.9464', 'epoch': '1.968'}
{'loss': '0.1424', 'grad_norm': '0.34', 'learning_rate': '3.154e-06', 'entropy': '0.1262', 'num_tokens': '5.044e+07', 'mean_token_accuracy': '0.9567', 'epoch': '1.969'}
{'loss': '0.1377', 'grad_norm': '0.227', 'learning_rate': '3.047e-06', 'entropy': '0.1332', 'num_tokens': '5.049e+07', 'mean_token_accuracy': '0.9553', 'epoch': '1.97'}
{'loss': '0.1454', 'grad_norm': '0.4107', 'learning_rate': '2.941e-06', 'entropy': '0.1394', 'num_tokens': '5.053e+07', 'mean_token_accuracy': '0.9525', 'epoch': '1.971'}
{'loss': '0.1481', 'grad_norm': '0.6738', 'learning_rate': '2.835e-06', 'entropy': '0.1368', 'num_tokens': '5.057e+07', 'mean_token_accuracy': '0.9545', 'epoch': '1.972'}
{'loss': '0.1583', 'grad_norm': '0.5064', 'learning_rate': '2.729e-06', 'entropy': '0.1592', 'num_tokens': '5.06e+07', 'mean_token_accuracy': '0.9453', 'epoch': '1.973'}
{'loss': '0.1216', 'grad_norm': '0.2633', 'learning_rate': '2.623e-06', 'entropy': '0.133', 'num_tokens': '5.064e+07', 'mean_token_accuracy': '0.9557', 'epoch': '1.974'}
{'loss': '0.1541', 'grad_norm': '0.2401', 'learning_rate': '2.516e-06', 'entropy': '0.1513', 'num_tokens': '5.067e+07', 'mean_token_accuracy': '0.9502', 'epoch': '1.975'}
{'loss': '0.1353', 'grad_norm': '0.4592', 'learning_rate': '2.41e-06', 'entropy': '0.1487', 'num_tokens': '5.069e+07', 'mean_token_accuracy': '0.9509', 'epoch': '1.976'}
{'loss': '0.1269', 'grad_norm': '0.3281', 'learning_rate': '2.304e-06', 'entropy': '0.1378', 'num_tokens': '5.073e+07', 'mean_token_accuracy': '0.9543', 'epoch': '1.977'}
{'loss': '0.1225', 'grad_norm': '0.2521', 'learning_rate': '2.198e-06', 'entropy': '0.1288', 'num_tokens': '5.076e+07', 'mean_token_accuracy': '0.9597', 'epoch': '1.978'}
{'loss': '0.1246', 'grad_norm': '0.3404', 'learning_rate': '2.092e-06', 'entropy': '0.1233', 'num_tokens': '5.079e+07', 'mean_token_accuracy': '0.9566', 'epoch': '1.979'}
{'loss': '0.14', 'grad_norm': '0.2379', 'learning_rate': '1.986e-06', 'entropy': '0.1411', 'num_tokens': '5.083e+07', 'mean_token_accuracy': '0.9514', 'epoch': '1.98'}
{'loss': '0.1343', 'grad_norm': '0.2801', 'learning_rate': '1.879e-06', 'entropy': '0.1355', 'num_tokens': '5.086e+07', 'mean_token_accuracy': '0.9577', 'epoch': '1.981'}
{'loss': '0.147', 'grad_norm': '0.3276', 'learning_rate': '1.773e-06', 'entropy': '0.1407', 'num_tokens': '5.089e+07', 'mean_token_accuracy': '0.9523', 'epoch': '1.982'}
{'loss': '0.1421', 'grad_norm': '0.3482', 'learning_rate': '1.667e-06', 'entropy': '0.1274', 'num_tokens': '5.092e+07', 'mean_token_accuracy': '0.9581', 'epoch': '1.983'}
{'loss': '0.1712', 'grad_norm': '0.3444', 'learning_rate': '1.561e-06', 'entropy': '0.1636', 'num_tokens': '5.096e+07', 'mean_token_accuracy': '0.9445', 'epoch': '1.984'}
{'loss': '0.1195', 'grad_norm': '0.2093', 'learning_rate': '1.455e-06', 'entropy': '0.1228', 'num_tokens': '5.099e+07', 'mean_token_accuracy': '0.9574', 'epoch': '1.986'}
{'loss': '0.1334', 'grad_norm': '0.2331', 'learning_rate': '1.348e-06', 'entropy': '0.1381', 'num_tokens': '5.103e+07', 'mean_token_accuracy': '0.9529', 'epoch': '1.987'}
{'loss': '0.1344', 'grad_norm': '0.2691', 'learning_rate': '1.242e-06', 'entropy': '0.1183', 'num_tokens': '5.106e+07', 'mean_token_accuracy': '0.9593', 'epoch': '1.988'}
{'loss': '0.1751', 'grad_norm': '0.4662', 'learning_rate': '1.136e-06', 'entropy': '0.1658', 'num_tokens': '5.11e+07', 'mean_token_accuracy': '0.9424', 'epoch': '1.989'}
{'loss': '0.1498', 'grad_norm': '0.2356', 'learning_rate': '1.03e-06', 'entropy': '0.1361', 'num_tokens': '5.113e+07', 'mean_token_accuracy': '0.9527', 'epoch': '1.99'}
{'loss': '0.1302', 'grad_norm': '0.2384', 'learning_rate': '9.238e-07', 'entropy': '0.1258', 'num_tokens': '5.117e+07', 'mean_token_accuracy': '0.958', 'epoch': '1.991'}
{'loss': '0.1494', 'grad_norm': '0.192', 'learning_rate': '8.176e-07', 'entropy': '0.1354', 'num_tokens': '5.121e+07', 'mean_token_accuracy': '0.9549', 'epoch': '1.992'}
{'loss': '0.1431', 'grad_norm': '0.5527', 'learning_rate': '7.114e-07', 'entropy': '0.1344', 'num_tokens': '5.124e+07', 'mean_token_accuracy': '0.9546', 'epoch': '1.993'}
{'loss': '0.1497', 'grad_norm': '0.2497', 'learning_rate': '6.052e-07', 'entropy': '0.1319', 'num_tokens': '5.127e+07', 'mean_token_accuracy': '0.9575', 'epoch': '1.994'}
{'loss': '0.1137', 'grad_norm': '0.4497', 'learning_rate': '4.99e-07', 'entropy': '0.1199', 'num_tokens': '5.13e+07', 'mean_token_accuracy': '0.9602', 'epoch': '1.995'}
{'loss': '0.1412', 'grad_norm': '0.2923', 'learning_rate': '3.929e-07', 'entropy': '0.1372', 'num_tokens': '5.133e+07', 'mean_token_accuracy': '0.9517', 'epoch': '1.996'}
{'loss': '0.1234', 'grad_norm': '0.2602', 'learning_rate': '2.867e-07', 'entropy': '0.1197', 'num_tokens': '5.137e+07', 'mean_token_accuracy': '0.961', 'epoch': '1.997'}
{'loss': '0.1562', 'grad_norm': '0.2628', 'learning_rate': '1.805e-07', 'entropy': '0.143', 'num_tokens': '5.14e+07', 'mean_token_accuracy': '0.9506', 'epoch': '1.998'}
{'loss': '0.1395', 'grad_norm': '0.2844', 'learning_rate': '7.433e-08', 'entropy': '0.1245', 'num_tokens': '5.143e+07', 'mean_token_accuracy': '0.9518', 'epoch': '1.999'}
{'train_runtime': '1.654e+04', 'train_samples_per_second': '9.11', 'train_steps_per_second': '1.139', 'train_loss': '0.134', 'entropy': '0.1302', 'num_tokens': '5.145e+07', 'mean_token_accuracy': '0.9608', 'epoch': '2'}
{
  "adapter_model_sha256": "f42748b2a37aa1e5c6374f1a6c238f5bc005cac6284852bd122b99817edd2a37",
  "base_model": "/home/scc/bz22001004/projects/formal-theorem-prover/models/DeepSeek-Prover-V1.5-Base",
  "epoch": 2.0,
  "global_batch_size": 8,
  "global_step": 18836,
  "job_id": 53173,
  "learning_rate": 0.0002,
  "lora_alpha": 64,
  "lora_r": 32,
  "schema": "sft_main75344_lr2e4_training_complete_v1",
  "status": "PASS",
  "train_file": "/home/scc/bz22001004/datasets/formal-theorem-prover/sft_main_75344_20260902_v1/train_data.jsonl",
  "train_manifest_file": "/home/scc/bz22001004/runs/sft-main75344-deepseekprover-r32-lr2e4-epoch2-20260903-v1/input/train_manifest_hf_compatible_v2.jsonl",
  "trainer_state_sha256": "ac36a21bbba60f4cc675fb16de92c8574bff0946da2278b6049c3332c02d578d"
}
