index, name, memory.total [MiB], memory.used [MiB], utilization.gpu [%], power.draw [W]
0, NVIDIA GeForce RTX 5090, 32607 MiB, 2 MiB, 0 %, 11.12 W
1, NVIDIA GeForce RTX 5090, 32607 MiB, 2 MiB, 0 %, 12.17 W
2, NVIDIA GeForce RTX 5090, 32607 MiB, 2 MiB, 0 %, 7.49 W
3, NVIDIA GeForce RTX 5090, 32607 MiB, 2 MiB, 0 %, 11.99 W
1787996128,0, 2, 0, 11.12;1, 2, 0, 12.17;2, 2, 0, 7.49;3, 2, 0, 11.99
1787996133,0, 2, 0, 10.80;1, 2, 0, 12.14;2, 2, 0, 8.09;3, 2, 0, 11.69
1787996138,0, 2, 0, 11.03;1, 2, 0, 12.19;2, 2, 0, 8.18;3, 2, 0, 11.24
1787996143,0, 2, 0, 10.89;1, 2, 0, 11.99;2, 2, 0, 8.10;3, 2, 0, 11.43
1787996148,0, 4, 0, 11.68;1, 4, 0, 12.78;2, 4, 0, 8.48;3, 4, 0, 12.84
1787996153,0, 4, 0, 11.38;1, 4, 0, 12.97;2, 4, 0, 8.08;3, 4, 0, 12.25
1787996158,0, 4, 0, 11.00;1, 4, 0, 12.85;2, 4, 0, 7.69;3, 4, 0, 12.23
1787996164,0, 4, 0, 10.99;1, 4, 0, 12.92;2, 4, 0, 8.06;3, 4, 0, 12.94
1787996169,0, 4, 0, 11.31;1, 4, 0, 13.98;2, 4, 0, 10.91;3, 4, 0, 13.37
1787996174,0, 510, 0, 58.43;1, 594, 0, 68.59;2, 594, 0, 61.29;3, 594, 0, 65.12
1787996179,0, 510, 0, 58.26;1, 594, 0, 68.58;2, 594, 0, 61.50;3, 594, 0, 65.64
1787996184,0, 510, 0, 58.09;1, 594, 0, 68.90;2, 594, 0, 60.87;3, 594, 0, 65.70
1787996189,0, 872, 1, 34.48;1, 872, 0, 62.10;2, 872, 0, 66.97;3, 872, 100, 65.37
1787996194,0, 872, 100, 100.67;1, 872, 0, 68.39;2, 872, 100, 94.99;3, 872, 100, 105.44
1787996199,0, 872, 100, 100.57;1, 872, 0, 68.69;2, 872, 100, 95.36;3, 872, 100, 104.70
1787996204,0, 872, 100, 100.26;1, 872, 0, 68.98;2, 872, 100, 95.55;3, 872, 100, 105.15
1787996209,0, 872, 100, 100.45;1, 872, 100, 112.07;2, 872, 0, 61.33;3, 872, 100, 105.41
1787996214,0, 872, 100, 100.76;1, 872, 100, 112.24;2, 872, 0, 61.25;3, 872, 100, 106.79
1787996220,0, 872, 100, 100.78;1, 872, 100, 112.71;2, 872, 0, 61.42;3, 872, 100, 107.07
1787996225,0, 872, 100, 100.93;1, 872, 100, 112.63;2, 872, 100, 96.06;3, 872, 0, 67.09
1787996230,0, 872, 100, 100.67;1, 872, 100, 113.08;2, 872, 100, 96.70;3, 872, 0, 66.75
1787996235,0, 872, 100, 100.45;1, 872, 100, 113.04;2, 872, 100, 96.66;3, 872, 0, 66.51
1787996240,0, 4766, 1, 59.02;1, 4766, 1, 70.63;2, 4766, 1, 61.94;3, 4766, 1, 66.77
1787996245,0, 5056, 1, 59.36;1, 5570, 1, 70.05;2, 5538, 1, 62.04;3, 5538, 1, 66.40
1787996250,0, 7372, 1, 58.90;1, 8144, 1, 70.00;2, 8144, 1, 61.95;3, 8144, 1, 66.45
1787996255,0, 10074, 1, 59.19;1, 10760, 1, 69.84;2, 10674, 1, 62.16;3, 10846, 1, 67.10
1787996260,0, 12390, 1, 58.98;1, 13258, 1, 69.58;2, 13226, 1, 62.09;3, 13258, 1, 67.12
1787996265,0, 16328, 0, 61.26;1, 15222, 4, 71.57;2, 15222, 2, 64.68;3, 15222, 0, 68.95
1787996270,0, 16680, 0, 59.60;1, 16174, 0, 70.22;2, 16174, 0, 62.30;3, 16174, 0, 67.62
1787996275,0, 28932, 1, 58.69;1, 28426, 1, 69.14;2, 28426, 1, 61.85;3, 28426, 1, 66.91
1787996280,0, 28932, 1, 59.13;1, 28426, 1, 68.53;2, 28426, 1, 61.87;3, 28426, 1, 66.85
1787996285,0, 28932, 1, 58.73;1, 28426, 1, 69.22;2, 28426, 1, 62.02;3, 28426, 1, 66.79
1787996290,0, 28932, 1, 58.89;1, 28426, 1, 68.46;2, 28426, 1, 61.56;3, 28426, 1, 66.14
1787996295,0, 28932, 1, 58.68;1, 28426, 1, 68.89;2, 28426, 1, 61.97;3, 28426, 1, 65.48
1787996300,0, 29350, 0, 58.64;1, 28844, 0, 199.16;2, 28844, 0, 153.36;3, 28448, 0, 83.47
1787996306,0, 30806, 99, 186.14;1, 30300, 83, 178.24;2, 30300, 48, 149.68;3, 30300, 92, 189.67
1787996311,0, 30966, 69, 284.13;1, 30460, 66, 288.45;2, 30460, 70, 296.72;3, 30460, 71, 293.72
1787996316,0, 16868, 0, 79.67;1, 16362, 100, 103.27;2, 16364, 0, 78.87;3, 16362, 100, 107.79
1787996321,0, 16868, 0, 59.56;1, 16362, 100, 112.97;2, 16364, 0, 62.44;3, 16362, 100, 107.90
1787996326,0, 16868, 100, 101.53;1, 16362, 100, 112.93;2, 16364, 0, 62.30;3, 16362, 100, 107.65
1787996331,0, 16868, 100, 101.48;1, 16362, 100, 113.85;2, 16364, 0, 62.49;3, 16362, 100, 107.37
1787996336,0, 31368, 65, 286.08;1, 30862, 64, 284.07;2, 30874, 69, 270.98;3, 30862, 67, 290.17
1787996341,0, 31368, 67, 283.33;1, 30862, 66, 293.23;2, 30874, 70, 277.34;3, 30862, 70, 298.83
1787996346,0, 28620, 52, 286.83;1, 29472, 76, 310.65;2, 29484, 57, 250.89;3, 29472, 71, 308.55
1787996351,0, 31368, 68, 283.86;1, 30862, 64, 291.74;2, 30874, 71, 278.62;3, 30862, 70, 298.10
1787996356,0, 17226, 100, 94.40;1, 16720, 100, 113.29;2, 16718, 0, 86.22;3, 16720, 0, 81.07
1787996361,0, 31370, 66, 270.01;1, 30864, 64, 303.15;2, 30874, 66, 272.15;3, 30864, 66, 288.06
1787996366,0, 31370, 70, 291.94;1, 30864, 65, 298.66;2, 30874, 71, 281.70;3, 30864, 70, 302.39
1787996371,0, 17544, 58, 146.30;1, 17038, 59, 221.49;2, 17034, 100, 163.01;3, 17038, 67, 199.82
1787996377,0, 31368, 68, 287.12;1, 30862, 65, 293.74;2, 30874, 68, 308.40;3, 30862, 68, 333.28
1787996382,0, 17242, 68, 252.62;1, 16736, 61, 294.77;2, 16734, 26, 169.13;3, 16736, 100, 225.13
1787996387,0, 31370, 67, 281.65;1, 30864, 30, 324.76;2, 30872, 99, 289.97;3, 30864, 80, 305.39
1787996392,0, 31370, 69, 293.28;1, 30864, 66, 330.08;2, 30872, 70, 281.23;3, 30864, 70, 336.68
1787996397,0, 17206, 100, 107.43;1, 16700, 100, 118.26;2, 16698, 100, 102.39;3, 16700, 0, 78.49
1787996402,0, 17206, 100, 106.91;1, 16700, 100, 117.46;2, 16698, 100, 102.02;3, 16700, 0, 72.59
1787996407,0, 17206, 100, 106.01;1, 16700, 100, 116.73;2, 16698, 100, 101.94;3, 16700, 0, 71.95
1787996412,0, 17206, 100, 105.21;1, 16700, 100, 116.23;2, 16698, 100, 101.78;3, 16700, 0, 64.50
1787996417,0, 17206, 100, 104.97;1, 16700, 100, 116.35;2, 16698, 100, 101.58;3, 16700, 0, 15.38
1787996422,0, 17206, 100, 104.81;1, 16700, 100, 116.08;2, 16698, 100, 101.29;3, 16700, 0, 14.95
1787996427,0, 17206, 100, 104.14;1, 16700, 100, 115.76;2, 16698, 100, 101.16;3, 16700, 0, 14.22
1787996432,0, 31368, 67, 281.70;1, 30862, 63, 286.31;2, 30874, 68, 272.58;3, 30864, 68, 293.27
1787996437,0, 31368, 68, 289.43;1, 30862, 65, 299.23;2, 30874, 69, 279.21;3, 30864, 71, 301.23
1787996442,0, 29978, 74, 282.60;1, 30862, 46, 273.98;2, 30438, 71, 271.57;3, 30554, 66, 284.87
1787996448,0, 16322, 100, 105.53;1, 30862, 65, 295.74;2, 30872, 67, 305.87;3, 15818, 69, 328.68
1787996453,0, 16678, 20, 139.46;1, 17040, 57, 229.00;2, 17040, 65, 272.42;3, 16744, 53, 169.63
1787996458,0, 31368, 68, 287.48;1, 30862, 64, 320.29;2, 30872, 69, 286.29;3, 30862, 69, 299.17
1787996463,0, 17138, 100, 145.04;1, 16936, 42, 329.44;2, 16532, 0, 129.06;3, 16760, 88, 162.43
1787996468,0, 31370, 66, 286.36;1, 30864, 63, 307.86;2, 30872, 68, 287.32;3, 30862, 68, 298.01
1787996473,0, 17014, 47, 199.03;1, 16560, 30, 212.01;2, 16538, 63, 191.54;3, 16506, 48, 214.54
1787996478,0, 31370, 67, 286.86;1, 30862, 65, 294.62;2, 30872, 70, 280.99;3, 30862, 67, 325.89
1787996483,0, 17504, 56, 172.91;1, 16980, 0, 181.93;2, 17000, 0, 139.40;3, 16988, 0, 155.90
1787996488,0, 31370, 64, 282.14;1, 30862, 64, 303.78;2, 30872, 70, 288.14;3, 30862, 67, 331.67
1787996493,0, 16522, 68, 297.80;1, 15958, 65, 289.43;2, 16130, 70, 256.54;3, 16030, 100, 251.04
1787996498,0, 16324, 64, 294.25;1, 15816, 63, 324.00;2, 15826, 67, 262.67;3, 30862, 67, 318.77
1787996503,0, 31382, 67, 238.30;1, 30878, 64, 274.42;2, 30886, 58, 235.25;3, 30876, 67, 265.49
1787996508,0, 31382, 69, 298.29;1, 30878, 66, 334.63;2, 30886, 72, 289.62;3, 15818, 100, 117.25
1787996514,0, 17580, 24, 353.68;1, 17074, 68, 356.22;2, 17070, 75, 318.34;3, 16640, 66, 260.90
1787996519,0, 31370, 67, 294.30;1, 30864, 63, 328.83;2, 30876, 68, 313.32;3, 15818, 68, 333.30
1787996524,0, 17548, 66, 279.47;1, 16708, 48, 218.90;2, 16786, 50, 246.41;3, 16566, 65, 207.18
1787996529,0, 16324, 100, 123.24;1, 30864, 64, 328.75;2, 15828, 100, 104.66;3, 15818, 100, 136.71
1787996534,0, 31370, 74, 265.46;1, 30864, 64, 268.55;2, 30874, 68, 263.21;3, 30864, 67, 288.09
1787996539,0, 31370, 69, 298.16;1, 15818, 100, 121.24;2, 30874, 71, 316.77;3, 30864, 69, 306.30
1787996544,0, 17226, 100, 110.72;1, 16094, 0, 73.91;2, 16718, 100, 102.87;3, 16720, 100, 116.17
1787996549,0, 17226, 100, 109.45;1, 16094, 0, 73.46;2, 16718, 100, 102.64;3, 16720, 100, 115.37
1787996554,0, 17226, 100, 108.78;1, 16094, 0, 73.18;2, 16718, 100, 102.53;3, 16720, 100, 114.87
1787996559,0, 17226, 100, 107.89;1, 16094, 0, 30.84;2, 16718, 100, 102.32;3, 16720, 100, 114.38
1787996564,0, 17226, 100, 107.19;1, 16094, 0, 13.65;2, 16718, 100, 102.07;3, 16720, 100, 114.32
1787996569,0, 31370, 65, 306.13;1, 30864, 63, 283.48;2, 30874, 68, 279.31;3, 30864, 67, 312.30
1787996574,0, 31370, 68, 294.06;1, 30864, 65, 296.15;2, 30874, 72, 287.47;3, 30864, 69, 334.98
1787996579,0, 17226, 100, 97.58;1, 16720, 86, 118.28;2, 16718, 100, 102.40;3, 16722, 0, 72.84
1787996585,0, 31370, 67, 318.17;1, 30864, 64, 293.08;2, 30876, 66, 307.84;3, 30864, 67, 326.24
1787996590,0, 16324, 100, 109.15;1, 30864, 67, 330.84;2, 15830, 70, 315.35;3, 15818, 72, 340.14
1787996595,0, 31370, 68, 255.55;1, 30864, 21, 330.79;2, 30874, 99, 287.05;3, 30864, 79, 339.17
1787996600,0, 31370, 68, 293.77;1, 30864, 66, 300.44;2, 30874, 70, 283.40;3, 30864, 69, 304.47
1787996605,0, 17594, 62, 306.39;1, 17088, 55, 322.99;2, 17084, 70, 296.18;3, 17088, 73, 318.51
1787996610,0, 31370, 67, 308.51;1, 30866, 66, 299.42;2, 30876, 70, 280.90;3, 30864, 68, 301.06
1787996615,0, 16924, 0, 142.15;1, 16676, 100, 110.97;2, 16672, 0, 129.26;3, 16676, 0, 94.71
1787996620,0, 19444, 9, 259.94;1, 27044, 74, 315.11;2, 27956, 59, 291.78;3, 27946, 71, 306.36
1787996625,0, 31370, 69, 295.17;1, 30864, 66, 331.34;2, 30876, 70, 284.42;3, 30866, 70, 307.75
1787996630,0, 17228, 100, 107.87;1, 16722, 100, 120.02;2, 16718, 0, 85.87;3, 16720, 3, 84.57
1787996635,0, 31370, 67, 291.29;1, 30864, 62, 317.63;2, 30874, 68, 278.86;3, 30864, 68, 313.77
1787996640,0, 31370, 69, 328.48;1, 15818, 100, 121.13;2, 30874, 70, 317.11;3, 15818, 100, 116.40
1787996645,0, 17182, 100, 110.59;1, 16064, 100, 119.69;2, 16674, 0, 68.65;3, 16074, 100, 115.67
1787996651,0, 17182, 100, 109.82;1, 16064, 100, 119.27;2, 16674, 0, 67.29;3, 16074, 100, 115.31
1787996656,0, 17182, 100, 109.60;1, 16064, 100, 118.93;2, 16674, 0, 67.08;3, 16074, 100, 115.35
1787996661,0, 29980, 61, 273.37;1, 29474, 35, 194.19;2, 29484, 29, 260.78;3, 29474, 45, 192.44
1787996666,0, 16324, 100, 109.47;1, 30864, 65, 295.92;2, 30874, 71, 284.59;3, 30864, 70, 303.59
1787996671,0, 16452, 100, 109.28;1, 16722, 0, 97.59;2, 16718, 100, 91.02;3, 16722, 0, 85.78
1787996676,0, 16452, 100, 108.96;1, 16722, 100, 118.74;2, 16718, 100, 102.71;3, 16722, 0, 72.36
1787996681,0, 16452, 100, 107.83;1, 16722, 100, 118.66;2, 16718, 100, 102.58;3, 16722, 0, 72.40
1787996686,0, 16452, 100, 107.85;1, 16722, 100, 118.55;2, 16718, 100, 102.51;3, 16722, 0, 63.49
1787996691,0, 31370, 67, 287.61;1, 30864, 63, 292.22;2, 30874, 69, 285.21;3, 30866, 68, 328.86
1787996696,0, 31370, 70, 296.72;1, 30864, 65, 299.23;2, 30874, 70, 286.01;3, 30866, 69, 337.41
1787996701,0, 17598, 19, 306.41;1, 17088, 62, 334.23;2, 17084, 70, 291.41;3, 17092, 80, 320.89
1787996706,0, 31370, 67, 303.38;1, 30866, 63, 298.12;2, 30876, 69, 313.05;3, 15818, 67, 311.26
1787996711,0, 16800, 0, 92.84;1, 16134, 100, 117.53;2, 16674, 100, 99.25;3, 16246, 0, 93.46
1787996716,0, 16800, 0, 65.47;1, 16134, 100, 119.43;2, 16674, 100, 102.68;3, 16246, 100, 114.89
1787996722,0, 31370, 67, 287.96;1, 30864, 59, 287.23;2, 30878, 68, 280.79;3, 30864, 67, 298.39
1787996727,0, 31370, 70, 296.42;1, 30864, 64, 327.57;2, 15832, 69, 286.76;3, 15818, 100, 114.67
1787996732,0, 31372, 18, 302.61;1, 30864, 67, 307.58;2, 30874, 68, 276.20;3, 30864, 99, 256.08
1787996737,0, 31372, 69, 328.38;1, 30864, 59, 300.18;2, 30874, 69, 285.41;3, 30864, 70, 306.90
1787996742,0, 17598, 31, 326.97;1, 17088, 54, 334.39;2, 17084, 81, 310.76;3, 17088, 76, 316.32
1787996747,0, 16324, 100, 111.90;1, 30864, 64, 314.18;2, 30874, 69, 284.36;3, 30864, 69, 304.31
1787996752,0, 16584, 100, 110.95;1, 16216, 100, 120.68;2, 16718, 0, 86.90;3, 16722, 100, 109.24
1787996757,0, 31370, 67, 283.19;1, 30864, 64, 295.36;2, 30874, 68, 284.07;3, 30864, 67, 314.34
1787996762,0, 31370, 69, 297.65;1, 30864, 64, 299.15;2, 30874, 69, 286.31;3, 30864, 70, 306.65
1787996767,0, 17228, 0, 68.20;1, 16722, 100, 120.86;2, 16718, 100, 105.61;3, 16922, 15, 95.93
1787996772,0, 31370, 68, 291.12;1, 30864, 64, 312.01;2, 15828, 68, 273.02;3, 15818, 100, 185.85
1787996777,0, 31370, 70, 329.54;1, 15818, 100, 122.25;2, 15828, 100, 104.55;3, 15818, 100, 116.28
1787996782,0, 31372, 66, 297.96;1, 30864, 62, 294.08;2, 30876, 69, 278.69;3, 30864, 67, 298.02
1787996787,0, 31372, 68, 297.21;1, 30864, 65, 302.46;2, 30876, 69, 316.28;3, 30864, 71, 307.46
1787996793,0, 17550, 71, 304.04;1, 17044, 79, 304.63;2, 17044, 71, 294.88;3, 17044, 69, 310.69
1787996798,0, 31372, 67, 296.99;1, 30864, 65, 302.45;2, 30874, 69, 282.84;3, 30864, 69, 303.24
1787996803,0, 17182, 0, 153.69;1, 16676, 0, 189.76;2, 16672, 100, 134.61;3, 16676, 100, 157.28
1787996808,0, 31372, 67, 294.00;1, 30866, 63, 298.73;2, 30876, 69, 281.72;3, 30866, 68, 302.85
1787996813,0, 31372, 69, 301.22;1, 15820, 100, 124.41;2, 30876, 70, 319.31;3, 30866, 70, 341.32
1787996818,0, 17576, 68, 315.68;1, 16680, 53, 272.55;2, 17070, 82, 304.45;3, 17074, 62, 324.85
1787996823,0, 31372, 68, 297.40;1, 30864, 64, 301.34;2, 30874, 68, 285.28;3, 30864, 69, 306.75
1787996828,0, 17182, 0, 95.87;1, 16676, 100, 122.66;2, 16672, 100, 92.07;3, 16676, 0, 99.57
1787996833,0, 31370, 64, 322.17;1, 30864, 63, 297.01;2, 30874, 67, 284.60;3, 30864, 67, 317.39
1787996838,0, 31370, 68, 331.20;1, 15818, 100, 123.72;2, 30874, 68, 316.84;3, 30864, 69, 306.77
1787996843,0, 17532, 54, 282.46;1, 16572, 45, 229.80;2, 17022, 55, 258.23;3, 17026, 69, 277.97
1787996848,0, 31370, 67, 330.24;1, 30864, 63, 330.86;2, 30874, 69, 318.39;3, 15818, 100, 117.66
1787996853,0, 17596, 67, 183.81;1, 16650, 51, 199.06;2, 17086, 100, 187.41;3, 16494, 47, 156.59
1787996858,0, 31370, 66, 293.49;1, 30864, 63, 296.54;2, 30874, 67, 282.87;3, 30866, 68, 302.31
1787996864,0, 16324, 68, 237.49;1, 15858, 65, 305.13;2, 15882, 68, 286.45;3, 15986, 100, 298.52
1787996869,0, 31370, 65, 306.77;1, 30864, 63, 286.83;2, 30874, 50, 267.17;3, 30864, 66, 292.25
1787996874,0, 31370, 68, 330.95;1, 30864, 64, 313.24;2, 30874, 70, 318.86;3, 30864, 69, 337.58
1787996879,0, 17548, 58, 276.29;1, 17042, 62, 301.57;2, 17042, 70, 262.44;3, 17042, 53, 282.55
1787996884,0, 31370, 67, 298.17;1, 30866, 63, 299.84;2, 30874, 70, 286.44;3, 30864, 69, 305.54
1787996889,0, 17228, 0, 98.94;1, 16722, 100, 116.58;2, 16718, 0, 89.08;3, 16722, 100, 115.46
1787996894,0, 31372, 66, 306.09;1, 30864, 63, 295.99;2, 30874, 68, 282.70;3, 30864, 68, 305.20
1787996899,0, 31372, 68, 332.08;1, 30864, 65, 305.90;2, 30874, 70, 287.14;3, 30864, 69, 341.27
1787996904,0, 17230, 0, 70.18;1, 16722, 100, 121.72;2, 16718, 100, 104.07;3, 16722, 100, 118.32
1787996909,0, 17230, 0, 69.31;1, 16722, 100, 121.05;2, 16718, 100, 103.41;3, 16722, 100, 117.69
1787996914,0, 17578, 79, 300.39;1, 17072, 61, 303.87;2, 17068, 73, 284.46;3, 17072, 76, 309.47
1787996919,0, 31370, 67, 293.27;1, 30864, 63, 328.97;2, 30874, 68, 314.49;3, 30864, 68, 333.22
1787996924,0, 17198, 30, 188.61;1, 16692, 0, 168.79;2, 16690, 84, 146.44;3, 16692, 100, 155.82
1787996929,0, 31370, 67, 292.50;1, 30864, 63, 298.96;2, 30874, 66, 280.05;3, 30864, 66, 302.36
1787996935,0, 31370, 70, 306.21;1, 30864, 66, 305.94;2, 15828, 100, 107.19;3, 30864, 70, 309.80
1787996940,0, 17550, 61, 227.41;1, 17040, 59, 199.88;2, 16718, 72, 204.57;3, 17040, 51, 174.81
1787996945,0, 31370, 66, 295.11;1, 30866, 64, 300.37;2, 30874, 68, 284.39;3, 30864, 69, 306.26
1787996950,0, 17244, 69, 246.59;1, 16738, 66, 305.90;2, 16736, 81, 207.24;3, 16738, 100, 230.65
1787996955,0, 17244, 0, 69.40;1, 16738, 0, 74.75;2, 16736, 0, 70.87;3, 16738, 100, 118.23
1787996960,0, 31370, 66, 288.23;1, 30866, 63, 295.84;2, 30876, 67, 287.91;3, 30864, 67, 319.40
1787996965,0, 31370, 68, 329.22;1, 15820, 100, 122.82;2, 15830, 100, 106.65;3, 30864, 70, 310.01
1787996970,0, 31370, 66, 280.03;1, 30864, 99, 272.62;2, 30876, 58, 235.33;3, 30864, 18, 288.60
1787996975,0, 31370, 68, 332.37;1, 30864, 64, 330.45;2, 15828, 100, 105.92;3, 30864, 68, 341.41
1787996980,0, 17598, 78, 331.30;1, 17092, 64, 338.28;2, 16158, 65, 171.03;3, 17092, 76, 336.45
1787996985,0, 31370, 69, 298.89;1, 30864, 63, 327.63;2, 30876, 68, 282.04;3, 30864, 69, 339.24
1787996990,0, 17516, 100, 204.96;1, 17022, 66, 275.37;2, 17012, 85, 173.39;3, 17014, 72, 188.42
1787996995,0, 31370, 67, 293.10;1, 30864, 63, 318.58;2, 30874, 68, 281.94;3, 30864, 68, 303.73
1787997001,0, 16324, 69, 333.70;1, 30864, 65, 334.37;2, 15828, 71, 287.31;3, 15818, 71, 313.50
1787997006,0, 31370, 66, 295.67;1, 30864, 63, 327.08;2, 30874, 68, 291.54;3, 30864, 68, 319.50
1787997011,0, 31370, 70, 303.04;1, 30864, 65, 335.77;2, 30874, 71, 289.18;3, 30864, 71, 312.96
1787997016,0, 17576, 71, 320.58;1, 17070, 71, 297.42;2, 17066, 66, 311.45;3, 17070, 69, 330.35
1787997021,0, 31370, 66, 319.27;1, 30866, 63, 330.29;2, 15828, 68, 312.69;3, 30864, 68, 337.31
1787997026,0, 17064, 37, 197.01;1, 16540, 39, 216.00;2, 16492, 54, 187.92;3, 16760, 43, 246.82
1787997031,0, 31370, 68, 327.93;1, 30864, 66, 304.69;2, 30874, 69, 313.38;3, 30864, 70, 340.14
1787997036,0, 17444, 74, 139.11;1, 16938, 0, 102.57;2, 16936, 100, 100.05;3, 16938, 0, 105.19
1787997041,0, 31370, 67, 294.08;1, 30864, 63, 296.36;2, 30874, 67, 278.30;3, 30864, 67, 301.54
1787997046,0, 31370, 69, 306.77;1, 30864, 66, 317.13;2, 26982, 70, 286.24;3, 15818, 62, 308.48
1787997051,0, 31370, 99, 281.91;1, 30864, 59, 298.36;2, 30874, 67, 277.65;3, 30864, 68, 308.90
1787997056,0, 31370, 68, 300.57;1, 30864, 64, 302.38;2, 30874, 70, 289.87;3, 30864, 70, 309.67
1787997061,0, 17578, 56, 168.98;1, 17072, 57, 241.06;2, 17068, 100, 168.54;3, 17072, 64, 195.74
1787997067,0, 31370, 67, 294.23;1, 30866, 64, 300.79;2, 30874, 67, 280.75;3, 30864, 67, 303.83
1787997072,0, 16994, 69, 238.92;1, 16086, 65, 304.31;2, 16484, 70, 310.58;3, 16488, 94, 288.57
1787997077,0, 17414, 100, 130.59;1, 16904, 100, 122.12;2, 16916, 72, 129.08;3, 16918, 0, 74.69
1787997082,0, 31370, 65, 292.34;1, 30864, 63, 298.76;2, 30876, 67, 282.86;3, 15818, 100, 119.35
1787997087,0, 24090, 69, 332.88;1, 30864, 66, 335.63;2, 15830, 69, 319.06;3, 15818, 100, 117.99
1787997092,0, 31370, 73, 293.46;1, 30864, 48, 300.26;2, 30876, 71, 281.14;3, 30864, 41, 214.05
1787997097,0, 31370, 68, 300.48;1, 30864, 64, 333.96;2, 30876, 70, 290.32;3, 30864, 68, 308.83
1787997102,0, 17228, 100, 112.41;1, 16722, 0, 78.89;2, 16718, 100, 104.72;3, 16722, 0, 80.52
1787997107,0, 31370, 66, 292.99;1, 30864, 64, 305.36;2, 30874, 67, 289.35;3, 30866, 67, 315.10
1787997112,0, 31370, 69, 332.15;1, 15818, 100, 123.74;2, 15828, 100, 107.03;3, 15820, 100, 117.83
1787997117,0, 31372, 65, 294.81;1, 30864, 72, 273.64;2, 30874, 67, 296.95;3, 15818, 100, 225.99
1787997122,0, 16326, 27, 191.46;1, 19712, 27, 191.12;2, 20620, 61, 177.42;3, 19838, 29, 135.95
1787997127,0, 31372, 69, 299.57;1, 30866, 65, 301.80;2, 30874, 68, 286.57;3, 30864, 69, 307.42
1787997133,0, 17182, 100, 99.04;1, 16676, 100, 121.96;2, 16674, 0, 88.77;3, 16676, 0, 95.41
1787997138,0, 17532, 100, 179.81;1, 17012, 56, 151.00;2, 17026, 0, 75.71;3, 17026, 88, 116.53
1787997143,0, 31370, 66, 304.63;1, 30866, 64, 300.09;2, 30874, 68, 292.61;3, 30864, 68, 301.05
1787997148,0, 16324, 69, 331.35;1, 30866, 66, 335.89;2, 15828, 100, 215.06;3, 15818, 68, 281.28
1787997153,0, 31370, 62, 303.59;1, 30864, 99, 305.57;2, 30876, 68, 278.56;3, 30866, 17, 297.69
1787997158,0, 16324, 100, 113.83;1, 15818, 100, 123.51;2, 30876, 71, 289.31;3, 30866, 70, 341.05
1787997163,0, 17086, 49, 225.85;1, 16574, 47, 228.58;2, 17084, 64, 299.65;3, 17088, 69, 324.96
1787997168,0, 31370, 67, 299.62;1, 30864, 64, 330.52;2, 30876, 70, 319.20;3, 30864, 69, 306.25
1787997173,0, 17594, 74, 306.53;1, 17088, 61, 275.91;2, 17084, 78, 234.26;3, 17088, 46, 221.80
1787997178,0, 31370, 68, 297.36;1, 30864, 63, 299.31;2, 30876, 67, 287.13;3, 30864, 68, 320.92
1787997183,0, 16980, 39, 218.37;1, 16722, 65, 326.40;2, 16720, 100, 185.87;3, 16722, 0, 190.70
1787997188,0, 16980, 100, 113.66;1, 16722, 0, 74.71;2, 16720, 0, 71.56;3, 16722, 100, 119.10
1787997193,0, 16980, 100, 113.35;1, 16722, 100, 121.49;2, 16720, 0, 70.32;3, 16722, 100, 118.35
1787997198,0, 31370, 66, 285.18;1, 30864, 60, 293.38;2, 30876, 67, 283.31;3, 30864, 67, 305.82
1787997204,0, 31370, 69, 299.81;1, 30864, 65, 332.69;2, 30876, 69, 318.94;3, 30864, 69, 306.87
1787997209,0, 17532, 41, 280.90;1, 17026, 54, 286.94;2, 17022, 47, 253.78;3, 17026, 65, 262.92
1787997214,0, 31370, 67, 294.99;1, 30864, 64, 299.33;2, 30874, 69, 283.31;3, 30864, 69, 304.67
1787997219,0, 17244, 100, 214.46;1, 16740, 61, 338.52;2, 16736, 0, 161.41;3, 16738, 89, 172.99
1787997224,0, 31370, 67, 293.94;1, 30864, 62, 298.99;2, 30874, 67, 286.40;3, 15818, 67, 237.28
1787997229,0, 31370, 67, 328.22;1, 30864, 63, 332.57;2, 30874, 70, 319.86;3, 15818, 100, 118.49
1787997234,0, 17562, 57, 293.13;1, 17056, 51, 321.53;2, 17048, 63, 283.70;3, 16146, 60, 170.08
1787997239,0, 31370, 67, 298.26;1, 30864, 64, 304.18;2, 30874, 69, 288.66;3, 30866, 69, 306.52
1787997244,0, 17532, 67, 294.46;1, 17026, 52, 291.93;2, 17022, 79, 237.67;3, 17026, 55, 242.02
1787997249,0, 16324, 70, 316.03;1, 30864, 63, 302.34;2, 30876, 68, 288.33;3, 15820, 100, 118.58
1787997254,0, 16614, 0, 129.52;1, 16702, 67, 305.79;2, 16700, 29, 145.80;3, 15910, 0, 119.33
1787997259,0, 31370, 98, 207.21;1, 30866, 58, 309.15;2, 30874, 77, 290.91;3, 30866, 64, 206.15
1787997264,0, 31370, 68, 299.67;1, 30866, 65, 304.88;2, 30874, 70, 290.11;3, 30866, 69, 306.27
1787997269,0, 17196, 100, 104.19;1, 16690, 0, 84.30;2, 16686, 0, 81.00;3, 16690, 0, 86.07
1787997275,0, 17546, 58, 303.29;1, 17040, 40, 304.93;2, 17036, 76, 287.15;3, 17040, 73, 302.61
1787997280,0, 16324, 100, 113.34;1, 15820, 100, 124.61;2, 30874, 69, 319.43;3, 30864, 69, 335.55
1787997285,0, 16656, 24, 146.37;1, 16160, 28, 149.88;2, 17026, 71, 264.08;3, 16628, 49, 163.21
1787997290,0, 31370, 67, 293.29;1, 30864, 64, 300.46;2, 30874, 67, 286.63;3, 30864, 67, 329.71
1787997295,0, 17198, 68, 245.17;1, 16692, 65, 334.17;2, 16690, 56, 228.66;3, 16692, 100, 226.62
1787997300,0, 31370, 65, 305.39;1, 30864, 63, 290.88;2, 30874, 67, 281.58;3, 30866, 67, 318.52
1787997305,0, 16324, 69, 310.18;1, 30864, 66, 337.62;2, 30874, 70, 288.00;3, 30866, 69, 342.93
1787997310,0, 28450, 61, 282.25;1, 29474, 63, 315.70;2, 29484, 80, 290.11;3, 29476, 70, 304.99
1787997315,0, 31370, 69, 299.64;1, 15818, 63, 330.89;2, 30874, 69, 319.64;3, 15820, 100, 157.49
1787997320,0, 17550, 77, 303.54;1, 16680, 34, 252.78;2, 17040, 66, 278.55;3, 16524, 63, 220.68
1787997325,0, 31370, 68, 300.69;1, 30866, 63, 300.70;2, 30876, 69, 289.39;3, 30864, 68, 337.99
1787997330,0, 17504, 42, 111.16;1, 16996, 0, 138.66;2, 17000, 100, 145.25;3, 17012, 73, 137.37
1787997335,0, 31372, 67, 295.94;1, 30866, 64, 300.22;2, 30876, 68, 287.48;3, 30864, 68, 305.23
1787997341,0, 16326, 70, 303.69;1, 30866, 65, 336.18;2, 15830, 70, 295.90;3, 15818, 70, 300.77
1787997346,0, 17576, 74, 315.65;1, 17070, 70, 331.53;2, 17066, 79, 303.65;3, 17070, 66, 322.66
1787997351,0, 31370, 68, 296.45;1, 30864, 65, 300.44;2, 30874, 68, 289.68;3, 30864, 68, 306.27
1787997356,0, 17244, 69, 299.06;1, 16738, 86, 268.61;2, 16736, 89, 158.06;3, 16738, 100, 168.06
1787997361,0, 31372, 52, 283.51;1, 30864, 63, 314.89;2, 30876, 68, 285.47;3, 30864, 87, 295.64
1787997366,0, 31372, 66, 294.04;1, 30864, 65, 307.08;2, 30876, 71, 294.06;3, 30864, 69, 309.84
1787997371,0, 17230, 0, 78.46;1, 16724, 100, 123.11;2, 16722, 0, 78.51;3, 16724, 0, 75.04
1787997376,0, 17580, 70, 319.67;1, 17074, 46, 353.99;2, 17070, 68, 321.26;3, 17074, 80, 355.81
1787997381,0, 31370, 69, 302.40;1, 30864, 65, 302.15;2, 30876, 69, 289.42;3, 30864, 71, 311.86
1787997386,0, 17244, 0, 94.23;1, 16738, 0, 105.40;2, 16736, 0, 90.93;3, 16738, 0, 96.98
1787997391,0, 17244, 0, 69.91;1, 16738, 0, 74.73;2, 16736, 100, 104.50;3, 16738, 100, 118.52
1787997396,0, 17244, 0, 68.86;1, 16738, 100, 121.51;2, 16736, 100, 103.92;3, 16738, 100, 117.48
1787997401,0, 17244, 0, 57.73;1, 16738, 100, 121.03;2, 16736, 100, 103.71;3, 16738, 100, 116.68
1787997406,0, 17594, 67, 303.70;1, 17088, 64, 314.55;2, 17084, 78, 311.21;3, 17088, 60, 327.10
1787997411,0, 31372, 67, 294.59;1, 30866, 63, 328.84;2, 30876, 68, 283.80;3, 30864, 68, 304.40
1787997417,0, 17414, 100, 131.34;1, 16904, 100, 136.93;2, 16910, 0, 96.46;3, 16916, 100, 105.23
1787997422,0, 31370, 65, 308.30;1, 30864, 65, 299.60;2, 30874, 66, 293.28;3, 15820, 100, 122.35
1787997427,0, 17322, 63, 246.01;1, 16638, 85, 151.98;2, 16444, 37, 147.01;3, 15986, 27, 132.85
1787997432,0, 31370, 67, 311.09;1, 23788, 62, 305.37;2, 15830, 67, 303.70;3, 30864, 68, 313.81
1787997437,0, 16898, 47, 180.34;1, 16360, 39, 188.00;2, 16366, 25, 174.89;3, 16348, 57, 189.34
1787997442,0, 31370, 68, 308.15;1, 30864, 65, 303.01;2, 15828, 100, 106.53;3, 15818, 100, 117.25
1787997447,0, 17594, 34, 319.59;1, 17088, 64, 322.83;2, 16464, 58, 202.51;3, 16522, 43, 215.21
1787997452,0, 31370, 69, 299.82;1, 30864, 63, 298.78;2, 30874, 68, 282.42;3, 30864, 68, 303.73
1787997457,0, 17358, 72, 174.12;1, 16762, 0, 160.67;2, 17022, 72, 173.60;3, 17026, 100, 197.96
1787997462,0, 31370, 66, 321.13;1, 30864, 62, 296.82;2, 30874, 67, 315.80;3, 30864, 66, 335.61
1787997467,0, 16492, 70, 317.50;1, 15960, 65, 333.77;2, 16296, 69, 236.06;3, 16036, 100, 118.44
1787997472,0, 31372, 67, 282.52;1, 30864, 99, 294.36;2, 30874, 67, 278.02;3, 30864, 66, 318.16
1787997477,0, 31372, 70, 316.27;1, 30864, 65, 305.24;2, 30874, 70, 306.30;3, 30864, 69, 339.53
1787997483,0, 17462, 0, 71.80;1, 16952, 100, 122.92;2, 16960, 0, 85.04;3, 16964, 0, 74.75
1787997488,0, 31382, 66, 329.46;1, 30876, 64, 302.37;2, 30886, 68, 286.10;3, 30876, 68, 302.82
1787997493,0, 16324, 71, 337.79;1, 30876, 66, 317.36;2, 15828, 67, 279.12;3, 15818, 100, 278.33
1787997498,0, 17232, 100, 115.31;1, 16726, 100, 123.08;2, 16722, 0, 72.21;3, 16476, 0, 74.08
1787997503,0, 17232, 100, 114.07;1, 16726, 100, 122.44;2, 16722, 100, 103.92;3, 16476, 0, 73.13
1787997508,0, 17232, 100, 113.43;1, 16726, 100, 121.95;2, 16722, 100, 103.55;3, 16476, 0, 72.75
1787997513,0, 17232, 100, 112.10;1, 16726, 100, 120.97;2, 16722, 100, 103.26;3, 16476, 0, 17.98
1787997518,0, 31370, 8, 309.67;1, 30864, 61, 282.82;2, 30876, 67, 285.92;3, 30864, 99, 296.01
1787997523,0, 31370, 68, 299.08;1, 30864, 65, 301.01;2, 15830, 100, 276.24;3, 30864, 70, 305.87
1787997528,0, 17548, 63, 280.56;1, 17042, 52, 292.34;2, 16768, 55, 236.95;3, 17042, 68, 293.87
1787997533,0, 31372, 66, 291.00;1, 30864, 64, 330.90;2, 30876, 69, 315.84;3, 30864, 71, 307.44
1787997538,0, 17326, 55, 112.18;1, 17028, 0, 109.80;2, 17036, 0, 141.35;3, 16884, 55, 161.35
1787997543,0, 16324, 64, 323.36;1, 30864, 63, 327.86;2, 30874, 68, 315.65;3, 30864, 68, 302.98
1787997548,0, 16536, 100, 113.17;1, 16200, 100, 154.60;2, 16736, 71, 322.70;3, 16416, 34, 176.87
1787997554,0, 31370, 66, 310.23;1, 30864, 62, 295.90;2, 30874, 67, 300.59;3, 30864, 67, 327.24
1787997559,0, 31370, 70, 303.60;1, 30864, 66, 306.92;2, 15828, 100, 108.07;3, 30864, 71, 345.17
1787997564,0, 31370, 27, 299.60;1, 30866, 63, 312.53;2, 15828, 100, 216.24;3, 30864, 62, 315.75
1787997569,0, 31370, 17, 222.03;1, 30866, 62, 218.21;2, 30876, 66, 230.90;3, 30864, 74, 286.88
1787997574,0, 31370, 68, 301.81;1, 30866, 65, 334.83;2, 15830, 100, 107.32;3, 15818, 100, 118.33
1787997579,0, 17226, 100, 114.64;1, 16570, 0, 75.22;2, 16156, 0, 70.06;3, 15914, 0, 73.85
1787997584,0, 17226, 100, 113.30;1, 16570, 0, 74.48;2, 16156, 0, 68.97;3, 15914, 0, 73.65
1787997589,0, 17226, 100, 112.47;1, 16570, 0, 74.53;2, 16156, 0, 68.54;3, 15914, 0, 73.05
1787997594,0, 17226, 100, 111.65;1, 16570, 0, 32.74;2, 16156, 0, 33.78;3, 15914, 0, 35.93
1787997599,0, 17226, 100, 111.31;1, 16570, 0, 14.13;2, 16156, 0, 13.96;3, 15914, 0, 15.64
1787997604,0, 17226, 100, 111.21;1, 16570, 0, 14.03;2, 16156, 0, 13.47;3, 15914, 0, 15.49
1787997609,0, 17226, 100, 110.31;1, 16570, 0, 13.30;2, 16156, 0, 12.41;3, 15914, 0, 14.95
1787997614,0, 17226, 100, 110.21;1, 16570, 0, 13.74;2, 16156, 0, 12.13;3, 15914, 0, 15.00
1787997620,0, 17226, 100, 109.60;1, 16570, 0, 13.23;2, 16156, 0, 12.10;3, 15914, 0, 14.18
1787997625,0, 17226, 100, 109.45;1, 16570, 0, 13.25;2, 16156, 0, 11.60;3, 15914, 0, 14.17
1787997630,0, 17226, 100, 108.67;1, 16570, 0, 13.08;2, 16156, 0, 11.35;3, 15914, 0, 13.98
1787997635,0, 17226, 100, 108.30;1, 16570, 0, 13.19;2, 16156, 0, 11.05;3, 15914, 0, 13.87
1787997640,0, 17226, 100, 107.37;1, 16570, 0, 12.68;2, 16156, 0, 10.39;3, 15914, 0, 13.67
1787997645,0, 17226, 100, 107.46;1, 16570, 0, 13.15;2, 16156, 0, 9.84;3, 15914, 0, 13.62
1787997650,0, 17226, 100, 106.89;1, 16570, 0, 12.62;2, 16156, 0, 9.95;3, 15914, 0, 13.49
1787997655,0, 17226, 100, 106.87;1, 16570, 0, 12.93;2, 16156, 0, 9.43;3, 15914, 0, 13.30
1787997660,0, 17226, 100, 106.50;1, 16570, 0, 12.70;2, 16156, 0, 9.61;3, 15914, 0, 12.91
1787997665,0, 17226, 100, 106.62;1, 16570, 0, 13.26;2, 16156, 0, 9.83;3, 15914, 0, 13.33
1787997670,0, 17226, 100, 106.33;1, 16570, 0, 12.58;2, 16156, 0, 9.42;3, 15914, 0, 12.65
1787997675,0, 17226, 100, 106.14;1, 16570, 0, 12.84;2, 16156, 0, 9.50;3, 15914, 0, 12.55
1787997680,0, 17226, 100, 105.81;1, 16570, 0, 12.57;2, 16156, 0, 8.88;3, 15914, 0, 12.61
1787997686,0, 17226, 100, 105.86;1, 16570, 0, 12.61;2, 16156, 0, 8.56;3, 15914, 0, 12.61
1787997691,0, 17226, 100, 105.45;1, 16570, 0, 12.61;2, 16156, 0, 8.45;3, 15914, 0, 12.11
1787997696,0, 17226, 100, 105.68;1, 16570, 0, 12.47;2, 16156, 0, 8.43;3, 15914, 0, 12.53
1787997701,0, 17226, 100, 105.58;1, 16570, 0, 12.54;2, 16156, 0, 8.37;3, 15914, 100, 106.51
1787997706,0, 17576, 66, 310.33;1, 16890, 57, 296.45;2, 16558, 50, 217.00;3, 16132, 31, 175.25
1787997711,0, 31370, 68, 289.53;1, 30864, 63, 317.76;2, 30874, 70, 302.09;3, 30864, 68, 293.83
1787997716,0, 17182, 100, 106.62;1, 16676, 100, 115.44;2, 16674, 100, 92.97;3, 16676, 0, 88.07
1787997721,0, 17532, 100, 182.79;1, 17026, 53, 253.10;2, 17022, 75, 189.47;3, 17026, 68, 199.27
1787997726,0, 31370, 67, 289.16;1, 30866, 63, 288.01;2, 30876, 69, 271.20;3, 30864, 67, 291.15
1787997731,0, 16856, 74, 131.39;1, 16690, 66, 287.24;2, 16688, 100, 229.08;3, 16690, 69, 234.86
1787997736,0, 31370, 66, 306.49;1, 30864, 65, 301.38;2, 30874, 67, 275.95;3, 30866, 57, 278.87
1787997741,0, 31370, 69, 295.79;1, 30864, 66, 300.65;2, 30874, 68, 276.45;3, 30866, 71, 333.49
1787997746,0, 17228, 0, 67.15;1, 16722, 100, 116.84;2, 16718, 100, 101.16;3, 16724, 0, 70.36
1787997751,0, 29980, 74, 303.19;1, 29476, 26, 270.29;2, 29484, 72, 287.80;3, 29474, 65, 302.45
1787997757,0, 31370, 68, 291.87;1, 30866, 64, 309.36;2, 15828, 54, 201.49;3, 30864, 71, 303.28
1787997762,0, 17578, 60, 229.72;1, 17072, 64, 234.22;2, 16626, 100, 147.48;3, 17072, 70, 194.37
1787997767,0, 31372, 66, 292.38;1, 30866, 62, 291.77;2, 30874, 68, 275.77;3, 30864, 68, 297.88
1787997772,0, 17198, 70, 236.91;1, 16692, 61, 327.14;2, 16690, 29, 215.66;3, 16692, 100, 209.72
1787997777,0, 17198, 100, 111.57;1, 16692, 100, 118.25;2, 16690, 0, 65.96;3, 16692, 100, 114.28
1787997782,0, 16572, 66, 300.12;1, 30864, 63, 309.98;2, 30874, 68, 274.86;3, 30864, 68, 296.19
1787997787,0, 16324, 100, 111.20;1, 30864, 64, 300.23;2, 15828, 100, 101.70;3, 30864, 71, 308.57
1787997792,0, 29980, 60, 193.86;1, 29474, 63, 298.88;2, 29484, 41, 182.64;3, 29474, 79, 330.24
1787997797,0, 31370, 67, 326.24;1, 30864, 65, 302.08;2, 30874, 68, 311.93;3, 15818, 70, 274.30
1787997802,0, 17472, 21, 253.87;1, 17092, 72, 270.56;2, 17088, 57, 289.30;3, 16668, 98, 182.30
1787997807,0, 31370, 68, 326.92;1, 30864, 64, 298.60;2, 30874, 66, 308.19;3, 30864, 67, 334.01
1787997812,0, 16640, 0, 134.26;1, 16298, 100, 157.78;2, 16718, 14, 200.68;3, 16722, 0, 199.51
1787997817,0, 31370, 64, 197.60;1, 15818, 62, 275.99;2, 30874, 67, 292.13;3, 15818, 100, 213.70
1787997823,0, 31370, 65, 222.12;1, 30866, 63, 255.97;2, 30874, 18, 231.00;3, 30864, 67, 245.19
1787997828,0, 16324, 100, 112.37;1, 30866, 63, 324.50;2, 30874, 68, 312.51;3, 30864, 70, 341.41
1787997833,0, 17090, 44, 219.33;1, 16854, 55, 267.93;2, 17042, 65, 269.18;3, 17046, 70, 287.76
1787997838,0, 31370, 68, 297.38;1, 30864, 65, 301.50;2, 30874, 69, 295.74;3, 30864, 70, 307.01
1787997843,0, 17244, 0, 95.07;1, 16738, 0, 102.05;2, 16736, 0, 87.00;3, 16738, 0, 100.04
1787997848,0, 17244, 0, 68.79;1, 16738, 100, 120.68;2, 16736, 100, 103.35;3, 16738, 100, 117.08
1787997853,0, 17244, 0, 67.53;1, 16738, 100, 120.32;2, 16736, 100, 103.11;3, 16738, 100, 116.82
1787997858,0, 17244, 0, 67.15;1, 16738, 100, 119.99;2, 16736, 100, 102.89;3, 16738, 100, 115.89
1787997863,0, 17594, 74, 306.52;1, 17088, 64, 337.90;2, 17088, 78, 294.67;3, 17092, 64, 316.68
1787997868,0, 31370, 67, 292.31;1, 30864, 65, 302.05;2, 30874, 70, 286.40;3, 30864, 71, 307.51
1787997873,0, 17244, 100, 111.58;1, 16738, 0, 100.00;2, 16736, 0, 86.92;3, 16738, 0, 98.88
1787997878,0, 31370, 8, 281.65;1, 30864, 67, 321.85;2, 30874, 75, 282.47;3, 30864, 80, 331.55
1787997883,0, 16374, 100, 111.20;1, 15862, 100, 121.03;2, 15928, 70, 316.42;3, 15862, 100, 116.72
1787997888,0, 17080, 39, 197.96;1, 16370, 31, 172.37;2, 16756, 84, 229.75;3, 16424, 31, 196.41
1787997894,0, 31370, 69, 296.55;1, 30864, 65, 301.40;2, 15828, 100, 105.69;3, 30866, 69, 337.57
1787997899,0, 17226, 0, 236.98;1, 16722, 100, 240.84;2, 16010, 100, 121.63;3, 16722, 0, 174.97
1787997904,0, 31370, 66, 291.81;1, 15818, 64, 294.29;2, 30876, 67, 285.40;3, 30864, 67, 308.89
1787997909,0, 31370, 67, 298.65;1, 15818, 100, 121.28;2, 15830, 68, 279.95;3, 15818, 100, 199.73
1787997914,0, 17546, 70, 313.14;1, 16148, 26, 171.69;2, 16842, 64, 278.38;3, 16784, 63, 261.78
1787997919,0, 31370, 68, 325.79;1, 30864, 66, 302.80;2, 30874, 69, 287.33;3, 30864, 69, 331.07
1787997924,0, 17228, 0, 95.29;1, 16512, 0, 101.10;2, 16720, 0, 85.64;3, 16722, 30, 107.24
1787997929,0, 17580, 67, 289.08;1, 17062, 62, 308.26;2, 17072, 81, 275.70;3, 17074, 59, 301.80
1787997934,0, 31370, 67, 297.64;1, 30864, 64, 300.57;2, 30874, 69, 283.30;3, 30864, 68, 305.92
1787997939,0, 17182, 100, 110.33;1, 16676, 0, 173.12;2, 16674, 100, 143.46;3, 16676, 0, 153.85
1787997944,0, 31370, 99, 294.99;1, 30864, 58, 278.83;2, 30874, 73, 295.12;3, 30864, 72, 314.66
1787997949,0, 31370, 68, 333.45;1, 15818, 64, 244.95;2, 15828, 100, 105.89;3, 15818, 100, 118.65
1787997954,0, 17228, 100, 115.46;1, 16204, 100, 121.14;2, 16016, 100, 103.33;3, 16122, 0, 74.30
1787997959,0, 17228, 100, 114.81;1, 16204, 100, 120.67;2, 16016, 100, 103.23;3, 16122, 0, 73.62
1787997964,0, 17228, 100, 114.25;1, 16204, 100, 120.17;2, 16016, 100, 103.16;3, 16122, 0, 73.38
1787997970,0, 17228, 100, 113.61;1, 16204, 100, 119.87;2, 16016, 100, 102.97;3, 16122, 0, 42.30
1787997975,0, 17228, 100, 112.80;1, 16204, 100, 119.60;2, 16016, 100, 102.90;3, 16122, 0, 15.17
1787997980,0, 17578, 69, 275.67;1, 16636, 50, 199.94;2, 16268, 48, 133.38;3, 16548, 52, 84.03
1787997985,0, 31370, 67, 294.97;1, 30864, 63, 294.57;2, 30874, 68, 278.22;3, 30866, 67, 300.07
1787997990,0, 17182, 100, 224.71;1, 16676, 60, 298.43;2, 16672, 35, 209.15;3, 16676, 100, 176.74
1787997995,0, 18974, 30, 294.81;1, 27944, 47, 303.77;2, 28212, 75, 281.85;3, 29002, 72, 290.72
1787998000,0, 16326, 100, 114.52;1, 30864, 65, 332.30;2, 15828, 100, 104.56;3, 30864, 68, 336.61
1787998005,0, 17038, 39, 201.76;1, 16712, 43, 247.16;2, 16410, 73, 173.11;3, 17026, 59, 286.82
1787998010,0, 31372, 66, 293.67;1, 30864, 64, 298.54;2, 30874, 69, 280.12;3, 30864, 69, 303.20
1787998015,0, 17182, 68, 139.81;1, 16676, 0, 191.96;2, 16672, 0, 139.58;3, 16676, 72, 154.01
1787998020,0, 17532, 35, 290.60;1, 17026, 52, 313.70;2, 17022, 63, 261.19;3, 17026, 69, 292.57
1787998025,0, 31370, 66, 325.25;1, 30864, 63, 304.25;2, 30876, 68, 283.32;3, 30864, 70, 307.55
1787998030,0, 17598, 71, 208.09;1, 16668, 98, 154.66;2, 17084, 100, 159.62;3, 17088, 54, 180.28
1787998035,0, 31370, 67, 296.88;1, 30864, 63, 296.42;2, 30876, 67, 282.34;3, 30866, 67, 302.90
1787998041,0, 16324, 70, 304.87;1, 30864, 65, 331.48;2, 15830, 70, 268.83;3, 15820, 85, 289.71
1787998046,0, 31370, 66, 301.65;1, 30864, 64, 293.43;2, 30874, 38, 280.52;3, 30866, 67, 298.56
1787998051,0, 31370, 67, 329.85;1, 30864, 65, 307.81;2, 30874, 71, 291.73;3, 30866, 70, 310.58
1787998056,0, 17598, 74, 309.74;1, 17092, 65, 345.70;2, 17084, 76, 299.82;3, 17088, 76, 334.90
1787998061,0, 31370, 68, 334.04;1, 15818, 65, 335.51;2, 30876, 70, 319.53;3, 30864, 70, 342.53
1787998066,0, 17336, 62, 281.53;1, 16602, 50, 254.17;2, 17084, 67, 307.07;3, 17088, 60, 325.78
1787998071,0, 31370, 67, 298.86;1, 30864, 64, 332.42;2, 30876, 70, 287.93;3, 30864, 68, 304.77
1787998076,0, 17182, 0, 140.06;1, 16300, 100, 120.19;2, 16674, 100, 100.27;3, 16676, 0, 123.73
1787998081,0, 31372, 68, 281.60;1, 30866, 14, 282.37;2, 30876, 99, 284.64;3, 30866, 70, 295.93
1787998086,0, 31372, 69, 335.90;1, 30866, 64, 303.34;2, 30876, 70, 321.14;3, 15820, 70, 278.56
1787998091,0, 17364, 61, 259.78;1, 17042, 61, 311.31;2, 17042, 55, 287.51;3, 16680, 61, 252.92
1787998096,0, 16324, 100, 115.38;1, 30864, 65, 303.70;2, 30874, 69, 321.46;3, 15820, 100, 211.84
1787998101,0, 16484, 100, 106.84;1, 16724, 0, 105.15;2, 16722, 100, 105.46;3, 16176, 100, 115.92
1787998106,0, 16484, 100, 113.82;1, 16724, 0, 74.67;2, 16722, 100, 103.89;3, 16176, 100, 117.60
1787998112,0, 16484, 100, 112.52;1, 16724, 0, 74.31;2, 16722, 100, 103.45;3, 16176, 100, 117.32
1787998117,0, 16484, 100, 112.15;1, 16724, 0, 74.07;2, 16722, 100, 103.32;3, 16176, 100, 116.56
1787998122,0, 31370, 66, 288.36;1, 30864, 63, 292.70;2, 30876, 66, 279.41;3, 30864, 68, 300.32
1787998127,0, 31370, 68, 296.97;1, 30864, 64, 300.88;2, 30876, 70, 287.11;3, 30864, 71, 338.56
1787998132,0, 17532, 55, 286.14;1, 17026, 43, 309.22;2, 17022, 54, 293.44;3, 17026, 77, 312.38
1787998137,0, 31370, 68, 298.02;1, 30864, 65, 331.76;2, 30874, 68, 316.11;3, 30864, 70, 308.75
1787998142,0, 17244, 0, 95.65;1, 16740, 100, 121.59;2, 16736, 100, 99.78;3, 16740, 100, 118.03
1787998147,0, 31372, 68, 296.91;1, 30864, 63, 297.05;2, 30874, 68, 283.38;3, 30866, 68, 301.48
1787998152,0, 31372, 70, 311.38;1, 30864, 65, 305.28;2, 15828, 100, 275.56;3, 30866, 69, 341.34
1787998157,0, 17246, 100, 113.31;1, 16738, 0, 74.74;2, 16442, 0, 70.63;3, 16740, 0, 74.63
1787998162,0, 17246, 100, 112.79;1, 16738, 0, 74.35;2, 16442, 100, 103.79;3, 16740, 100, 117.49
1787998167,0, 17598, 78, 321.34;1, 17092, 64, 338.38;2, 16962, 76, 277.90;3, 17088, 83, 327.85
1787998172,0, 31372, 68, 298.69;1, 30864, 63, 328.70;2, 30874, 69, 320.02;3, 15818, 100, 117.80
1787998177,0, 17244, 0, 96.39;1, 16738, 100, 136.31;2, 16568, 0, 87.49;3, 16074, 100, 117.57
1787998183,0, 17594, 74, 307.22;1, 17092, 56, 340.46;2, 16890, 76, 265.21;3, 16464, 36, 199.71
1787998188,0, 16326, 100, 112.64;1, 30864, 65, 321.97;2, 30874, 67, 314.26;3, 30864, 70, 305.99
1787998193,0, 16384, 0, 102.09;1, 16738, 100, 109.43;2, 16294, 0, 110.91;3, 16738, 0, 104.23
1787998198,0, 31372, 66, 273.79;1, 30864, 63, 297.39;2, 30874, 67, 280.34;3, 30864, 67, 315.62
1787998203,0, 31372, 68, 297.98;1, 30864, 65, 301.66;2, 30874, 72, 292.04;3, 30864, 69, 310.02
1787998208,0, 17182, 0, 69.39;1, 16676, 100, 122.53;2, 16672, 100, 103.84;3, 16676, 100, 118.00
1787998213,0, 31370, 61, 280.61;1, 30864, 58, 314.40;2, 30874, 83, 266.39;3, 30864, 56, 277.96
1787998218,0, 31370, 69, 331.55;1, 30864, 65, 302.84;2, 30874, 69, 285.20;3, 30864, 69, 308.60
1787998223,0, 17578, 100, 183.55;1, 17072, 66, 258.62;2, 17068, 71, 190.53;3, 17072, 55, 219.10
1787998228,0, 31370, 66, 295.62;1, 30864, 63, 300.98;2, 30874, 69, 285.03;3, 30864, 68, 338.43
1787998233,0, 17246, 56, 269.31;1, 16740, 65, 329.80;2, 16736, 100, 236.62;3, 16740, 65, 230.60
1787998238,0, 29980, 27, 303.66;1, 29474, 82, 341.31;2, 29484, 59, 272.47;3, 29476, 26, 283.85
1787998243,0, 31370, 68, 330.36;1, 30864, 64, 302.54;2, 30874, 69, 288.54;3, 30866, 68, 340.79
1787998249,0, 17582, 40, 250.08;1, 17072, 58, 242.32;2, 17072, 70, 271.45;3, 17072, 69, 299.44
1787998254,0, 31370, 67, 297.83;1, 30866, 64, 301.30;2, 30874, 67, 285.76;3, 30864, 69, 307.23
1787998259,0, 17196, 88, 273.84;1, 16690, 0, 289.11;2, 16688, 100, 223.06;3, 16690, 3, 209.30
1787998264,0, 17196, 100, 114.15;1, 16690, 0, 75.21;2, 16688, 100, 94.04;3, 16690, 100, 119.78
1787998269,0, 17546, 71, 304.15;1, 17040, 56, 316.90;2, 17040, 74, 282.31;3, 17044, 68, 300.24
1787998274,0, 31370, 67, 296.27;1, 30864, 64, 332.33;2, 30874, 70, 286.95;3, 30864, 68, 307.96
1787998279,0, 17578, 67, 291.44;1, 17072, 61, 262.29;2, 17068, 56, 291.66;3, 17074, 69, 315.02
1787998284,0, 16324, 100, 115.28;1, 30864, 63, 323.23;2, 30874, 69, 294.35;3, 15820, 100, 177.99
1787998289,0, 16520, 100, 114.13;1, 16180, 100, 122.84;2, 16284, 0, 71.69;3, 16048, 0, 74.54
1787998294,0, 16520, 100, 112.92;1, 16180, 100, 121.73;2, 16284, 0, 69.71;3, 16048, 100, 117.97
1787998299,0, 31370, 66, 291.04;1, 30864, 63, 296.75;2, 30876, 68, 289.02;3, 30864, 66, 303.34
1787998304,0, 31370, 68, 332.21;1, 15818, 100, 121.87;2, 30876, 70, 322.16;3, 30864, 69, 342.01
1787998309,0, 17228, 0, 69.00;1, 16054, 100, 120.44;2, 16720, 100, 103.58;3, 16722, 100, 118.28
1787998314,0, 17578, 53, 285.65;1, 16432, 24, 191.27;2, 17068, 57, 272.58;3, 17076, 79, 292.56
1787998319,0, 31370, 68, 325.42;1, 30864, 63, 297.55;2, 30876, 68, 282.27;3, 30866, 67, 336.19
1787998325,0, 17228, 0, 228.32;1, 16722, 100, 226.48;2, 16400, 100, 142.71;3, 16722, 100, 183.41
1787998330,0, 31370, 67, 276.76;1, 30864, 63, 299.39;2, 30874, 66, 281.77;3, 30866, 68, 304.56
1787998335,0, 31370, 68, 332.14;1, 15818, 100, 123.28;2, 15828, 100, 106.43;3, 15820, 100, 201.83
1787998340,0, 17228, 100, 113.77;1, 16328, 0, 74.43;2, 16202, 0, 70.08;3, 16356, 0, 74.33
1787998345,0, 17576, 74, 324.14;1, 16596, 51, 259.39;2, 16628, 64, 220.11;3, 16802, 58, 276.42
1787998350,0, 31370, 67, 297.68;1, 30864, 63, 297.82;2, 30874, 68, 308.24;3, 30864, 69, 306.65
1787998355,0, 17196, 0, 105.04;1, 16690, 0, 108.86;2, 16354, 0, 87.86;3, 16690, 0, 96.75
1787998360,0, 31382, 72, 285.72;1, 30876, 64, 295.47;2, 30888, 69, 278.80;3, 30878, 68, 312.07
1787998365,0, 31382, 66, 295.21;1, 30876, 67, 306.50;2, 30888, 72, 290.98;3, 30878, 71, 311.14
1787998370,0, 17580, 78, 349.62;1, 17074, 65, 358.10;2, 17070, 73, 315.03;3, 17074, 85, 352.58
1787998375,0, 31370, 68, 330.03;1, 30864, 64, 301.15;2, 30876, 69, 288.16;3, 30864, 69, 308.61
1787998380,0, 17228, 0, 98.32;1, 16722, 0, 106.24;2, 16720, 0, 89.72;3, 16722, 0, 149.52
1787998385,0, 17228, 0, 70.72;1, 16722, 0, 74.61;2, 16720, 100, 104.42;3, 16722, 100, 119.33
1787998390,0, 17228, 100, 113.81;1, 16722, 0, 74.54;2, 16720, 100, 103.95;3, 16722, 100, 118.69
1787998396,0, 17578, 65, 294.79;1, 17072, 59, 303.89;2, 17068, 66, 282.10;3, 17072, 63, 317.10
1787998401,0, 31372, 68, 304.52;1, 30864, 64, 306.78;2, 30874, 69, 288.17;3, 30864, 69, 309.97
1787998406,0, 17246, 0, 96.24;1, 16740, 100, 121.87;2, 16736, 0, 88.90;3, 16738, 100, 107.15
1787998411,0, 16398, 66, 228.76;1, 15892, 67, 256.06;2, 15890, 67, 267.58;3, 15918, 66, 307.93
1787998416,0, 31372, 66, 293.14;1, 30866, 65, 296.96;2, 30874, 67, 279.94;3, 30866, 68, 302.58
1787998421,0, 31372, 68, 302.65;1, 15820, 100, 122.68;2, 15828, 100, 105.80;3, 15820, 100, 119.27
1787998426,0, 17200, 0, 70.22;1, 16214, 0, 74.26;2, 16110, 0, 69.59;3, 16364, 0, 74.68
1787998431,0, 17200, 0, 69.42;1, 16214, 0, 74.08;2, 16110, 0, 68.53;3, 16364, 0, 74.32
1787998436,0, 17200, 0, 68.80;1, 16214, 100, 119.63;2, 16110, 0, 68.09;3, 16364, 100, 117.13
1787998441,0, 17200, 100, 111.10;1, 16214, 100, 119.59;2, 16110, 0, 16.05;3, 16364, 100, 116.76
1787998446,0, 17200, 100, 110.72;1, 16214, 100, 119.44;2, 16110, 0, 14.44;3, 16364, 100, 116.26
1787998451,0, 17200, 100, 110.49;1, 16214, 100, 118.96;2, 16110, 0, 13.89;3, 16364, 100, 116.25
1787998456,0, 17200, 100, 109.89;1, 16214, 100, 119.12;2, 16110, 0, 13.59;3, 16364, 100, 115.47
1787998461,0, 31370, 66, 297.06;1, 15818, 62, 289.22;2, 30874, 67, 278.98;3, 30866, 67, 307.67
1787998466,0, 16324, 68, 324.57;1, 15818, 100, 119.78;2, 30874, 69, 313.59;3, 15820, 100, 115.65
1787998472,0, 31370, 93, 278.33;1, 30864, 24, 173.86;2, 30876, 70, 270.55;3, 30866, 68, 237.46
1787998477,0, 16324, 100, 195.56;1, 30864, 67, 301.38;2, 30876, 69, 313.55;3, 15820, 100, 115.85
1787998482,0, 16726, 0, 80.75;1, 16738, 100, 95.01;2, 16736, 0, 74.78;3, 16058, 0, 75.45
1787998487,0, 16726, 0, 68.00;1, 16738, 100, 118.92;2, 16736, 0, 67.47;3, 16058, 100, 115.21
1787998492,0, 16726, 0, 67.77;1, 16738, 100, 118.87;2, 16736, 100, 102.67;3, 16058, 100, 115.15
1787998497,0, 16726, 0, 33.11;1, 16738, 100, 118.72;2, 16736, 100, 102.69;3, 16058, 100, 115.16
1787998502,0, 17174, 54, 246.70;1, 17088, 65, 343.20;2, 17084, 74, 312.19;3, 16436, 56, 203.51
1787998507,0, 31370, 66, 322.30;1, 30864, 63, 294.52;2, 30874, 69, 281.69;3, 30866, 68, 336.19
1787998512,0, 17228, 0, 107.82;1, 16412, 0, 98.02;2, 16720, 0, 86.33;3, 16722, 0, 94.53
1787998517,0, 31370, 86, 277.88;1, 30864, 63, 300.67;2, 30874, 67, 268.00;3, 30864, 66, 285.78
1787998522,0, 31370, 68, 298.02;1, 30864, 66, 302.07;2, 30874, 69, 285.58;3, 30864, 68, 337.55
1787998527,0, 17228, 100, 111.72;1, 16722, 0, 74.20;2, 16718, 0, 69.36;3, 16722, 100, 117.55
1787998532,0, 17578, 70, 275.57;1, 17072, 43, 286.57;2, 17068, 64, 260.75;3, 17074, 75, 293.34
1787998537,0, 31370, 67, 295.15;1, 30864, 64, 299.45;2, 30874, 69, 282.97;3, 30864, 67, 303.29
1787998542,0, 17244, 0, 188.02;1, 16738, 66, 266.99;2, 16736, 73, 147.40;3, 16738, 0, 155.07
1787998548,0, 31372, 67, 278.01;1, 30864, 64, 330.56;2, 30874, 69, 273.27;3, 30864, 68, 312.51
1787998553,0, 31372, 68, 330.39;1, 30864, 65, 333.36;2, 30874, 70, 315.99;3, 30864, 70, 309.65
1787998558,0, 17490, 67, 310.82;1, 17078, 49, 346.06;2, 17074, 62, 325.92;3, 17074, 82, 340.95
1787998563,0, 16324, 100, 113.64;1, 30864, 64, 332.74;2, 15828, 100, 105.93;3, 15818, 100, 118.53
1787998568,0, 16744, 22, 182.12;1, 16772, 57, 282.52;2, 16152, 43, 153.93;3, 16204, 28, 170.89
1787998573,0, 31372, 67, 295.38;1, 30864, 65, 301.99;2, 15828, 100, 203.88;3, 30864, 69, 308.95
1787998578,0, 17228, 100, 110.53;1, 16720, 0, 105.59;2, 16262, 100, 101.76;3, 16720, 100, 119.74
1787998583,0, 31370, 66, 294.72;1, 30864, 64, 334.88;2, 30874, 68, 282.62;3, 30864, 69, 306.58
1787998588,0, 31370, 69, 303.69;1, 15818, 65, 298.42;2, 30874, 72, 291.25;3, 15818, 70, 255.19
1787998593,0, 17576, 57, 199.01;1, 16968, 0, 138.06;2, 17066, 83, 107.98;3, 16984, 100, 141.58
1787998598,0, 31370, 66, 292.04;1, 30864, 64, 300.64;2, 30874, 69, 282.11;3, 30864, 68, 303.79
1787998603,0, 31370, 68, 331.52;1, 15818, 94, 214.12;2, 15828, 71, 289.55;3, 15818, 100, 286.48
1787998608,0, 31370, 66, 276.35;1, 30864, 95, 286.59;2, 30874, 67, 273.01;3, 30864, 68, 324.13
1787998614,0, 31370, 69, 302.69;1, 30864, 67, 308.01;2, 30874, 71, 290.91;3, 30864, 72, 313.76
1787998619,0, 17594, 75, 263.78;1, 17088, 62, 319.45;2, 17084, 54, 246.84;3, 17088, 76, 295.13
1787998624,0, 31370, 67, 296.81;1, 30864, 64, 301.50;2, 30874, 67, 283.15;3, 30866, 68, 305.32
1787998629,0, 17228, 82, 242.55;1, 16722, 49, 313.31;2, 16718, 69, 228.20;3, 16722, 88, 226.57
1787998634,0, 17228, 100, 114.93;1, 16722, 100, 122.72;2, 16718, 100, 104.51;3, 16722, 0, 74.76
1787998639,0, 31372, 69, 266.26;1, 30864, 20, 286.57;2, 30874, 68, 286.32;3, 30864, 77, 301.61
1787998644,0, 31372, 68, 302.80;1, 30864, 64, 311.25;2, 30874, 71, 289.64;3, 30864, 68, 310.13
1787998649,0, 17226, 70, 105.50;1, 16722, 100, 122.84;2, 16718, 0, 79.52;3, 16720, 0, 85.13
1787998654,0, 29980, 19, 328.43;1, 29474, 57, 310.61;2, 29484, 70, 311.88;3, 29474, 69, 313.78
1787998659,0, 31370, 67, 330.73;1, 30864, 65, 321.94;2, 30874, 70, 319.01;3, 30864, 70, 310.40
1787998664,0, 17196, 0, 71.30;1, 16368, 0, 78.39;2, 16414, 100, 104.24;3, 16690, 0, 80.83
1787998669,0, 17196, 100, 113.58;1, 16368, 100, 121.93;2, 16414, 100, 103.92;3, 16690, 0, 74.22
1787998674,0, 31370, 66, 270.33;1, 30864, 60, 277.77;2, 30874, 67, 312.17;3, 30866, 67, 321.76
1787998679,0, 17044, 27, 215.62;1, 16126, 31, 191.67;2, 16268, 28, 176.23;3, 16196, 32, 185.28
1787998685,0, 31370, 67, 297.60;1, 30864, 65, 302.83;2, 30874, 69, 283.77;3, 30866, 68, 339.05
1787998690,0, 17226, 0, 157.08;1, 16720, 100, 112.11;2, 16718, 0, 146.93;3, 16722, 0, 146.31
1787998695,0, 16500, 100, 186.65;1, 16078, 19, 248.32;2, 16002, 100, 175.99;3, 15972, 31, 126.27
1787998700,0, 16324, 66, 231.63;1, 30864, 65, 301.93;2, 30880, 67, 281.02;3, 30864, 67, 300.52
1787998705,0, 16636, 100, 114.03;1, 16668, 83, 112.02;2, 16416, 38, 120.22;3, 16720, 0, 137.23
1787998710,0, 16324, 100, 119.09;1, 15818, 64, 331.29;2, 15830, 100, 183.57;3, 15818, 68, 247.08
1787998715,0, 31370, 65, 292.66;1, 30864, 62, 277.41;2, 30874, 67, 287.42;3, 30866, 67, 300.87
1787998720,0, 31370, 69, 298.61;1, 30864, 61, 301.45;2, 30874, 70, 286.43;3, 30866, 70, 309.41
1787998725,0, 17532, 15, 293.83;1, 17026, 50, 299.34;2, 17022, 63, 283.45;3, 17026, 62, 286.25
1787998730,0, 31370, 67, 326.78;1, 30864, 64, 302.22;2, 30874, 67, 283.06;3, 30866, 68, 329.98
1787998735,0, 16962, 100, 144.16;1, 16482, 0, 153.20;2, 16674, 100, 148.85;3, 16676, 0, 151.99
1787998740,0, 31370, 66, 294.18;1, 30864, 63, 297.74;2, 30874, 67, 282.83;3, 30866, 67, 302.34
1787998745,0, 16916, 47, 185.09;1, 16634, 50, 235.83;2, 16518, 45, 194.58;3, 16738, 60, 256.37
1787998750,0, 31370, 67, 294.56;1, 30864, 63, 301.72;2, 15828, 67, 253.46;3, 15818, 100, 195.30
1787998756,0, 17182, 0, 185.84;1, 16676, 64, 288.13;2, 16096, 44, 121.67;3, 16074, 0, 124.82
1787998761,0, 17532, 40, 272.32;1, 17030, 63, 302.60;2, 16510, 34, 182.14;3, 16470, 34, 191.96
1787998766,0, 31370, 68, 298.45;1, 30864, 64, 304.46;2, 30874, 69, 284.91;3, 30864, 69, 309.30
1787998771,0, 17182, 100, 114.06;1, 16676, 0, 106.28;2, 16672, 0, 87.85;3, 16676, 100, 105.78
1787998776,0, 31370, 65, 309.54;1, 30866, 62, 311.67;2, 30874, 67, 281.85;3, 30864, 67, 285.41
1787998781,0, 17060, 47, 206.50;1, 16486, 33, 209.82;2, 16390, 44, 176.66;3, 16500, 50, 211.93
1787998786,0, 31370, 68, 298.65;1, 30864, 64, 301.89;2, 30874, 69, 285.57;3, 30864, 69, 308.00
1787998791,0, 17094, 50, 173.23;1, 16566, 36, 153.45;2, 16684, 56, 188.25;3, 16566, 39, 186.58
1787998796,0, 31370, 67, 293.97;1, 30864, 63, 299.96;2, 30874, 67, 281.85;3, 30864, 67, 335.22
1787998801,0, 17182, 69, 288.26;1, 16676, 65, 305.49;2, 16672, 100, 222.32;3, 16398, 100, 119.22
1787998806,0, 17532, 61, 296.35;1, 17026, 58, 289.74;2, 17022, 46, 277.15;3, 16900, 58, 273.25
1787998811,0, 31370, 65, 290.86;1, 30864, 65, 303.58;2, 30874, 69, 286.10;3, 30864, 68, 306.10
1787998816,0, 17182, 0, 144.70;1, 16676, 0, 167.42;2, 16672, 0, 89.68;3, 16676, 0, 97.02
1787998822,0, 31370, 54, 284.38;1, 30866, 64, 305.46;2, 30874, 48, 245.07;3, 30866, 80, 272.52
1787998827,0, 31370, 68, 306.62;1, 30866, 64, 300.93;2, 15828, 100, 106.42;3, 30866, 69, 309.24
1787998832,0, 17182, 0, 92.28;1, 16676, 100, 122.75;2, 15856, 100, 103.74;3, 16676, 100, 119.67
1787998837,0, 17182, 0, 69.68;1, 16676, 100, 121.88;2, 15856, 100, 103.43;3, 16676, 100, 118.49
1787998842,0, 17182, 0, 69.17;1, 16676, 100, 121.64;2, 15856, 100, 103.21;3, 16676, 100, 117.77
1787998847,0, 17536, 55, 285.90;1, 17030, 60, 295.69;2, 16052, 22, 135.57;3, 17026, 73, 307.07
1787998852,0, 31370, 69, 298.64;1, 30866, 64, 301.79;2, 30874, 69, 293.15;3, 30864, 70, 308.62
1787998857,0, 17196, 0, 95.31;1, 16690, 0, 103.09;2, 16688, 0, 85.96;3, 16690, 0, 95.99
1787998862,0, 17196, 0, 68.10;1, 16690, 0, 74.32;2, 16688, 100, 103.03;3, 16690, 0, 74.39
1787998867,0, 17196, 100, 110.45;1, 16690, 0, 74.05;2, 16688, 100, 102.84;3, 16690, 0, 73.58
1787998872,0, 17546, 100, 172.52;1, 17044, 60, 228.69;2, 17042, 59, 197.22;3, 17040, 64, 229.48
1787998877,0, 31370, 67, 293.16;1, 30864, 64, 297.35;2, 30876, 68, 292.48;3, 30864, 68, 301.68
1787998882,0, 17246, 0, 262.63;1, 16220, 100, 152.45;2, 16736, 80, 305.04;3, 16740, 71, 311.40
1787998887,0, 31370, 66, 291.04;1, 30864, 63, 295.28;2, 30874, 66, 278.62;3, 30864, 68, 300.98
1787998892,0, 31370, 68, 328.91;1, 30864, 65, 302.22;2, 30874, 70, 287.58;3, 30864, 70, 308.15
1787998898,0, 17548, 70, 213.19;1, 17042, 65, 201.87;2, 17038, 54, 215.67;3, 17042, 79, 240.41
1787998903,0, 31370, 67, 325.51;1, 30864, 64, 330.90;2, 30874, 68, 282.79;3, 30864, 68, 308.11
1787998908,0, 17244, 100, 266.68;1, 16738, 0, 309.06;2, 16736, 71, 250.32;3, 16738, 77, 262.10
1787998913,0, 17594, 67, 332.30;1, 17308, 65, 340.85;2, 18478, 74, 312.50;3, 18852, 60, 333.71
1787998918,0, 31372, 68, 331.37;1, 30864, 64, 301.16;2, 30876, 69, 319.80;3, 30864, 68, 308.04
1787998923,0, 17578, 100, 196.37;1, 17072, 46, 170.21;2, 17068, 67, 219.63;3, 17070, 72, 254.28
1787998928,0, 31370, 66, 294.50;1, 30864, 63, 296.82;2, 30874, 69, 302.13;3, 30864, 66, 303.15
1787998933,0, 31370, 69, 301.89;1, 15818, 65, 332.08;2, 15828, 100, 232.27;3, 15818, 100, 119.75
1787998938,0, 17198, 0, 71.30;1, 16692, 100, 122.31;2, 16690, 100, 104.71;3, 16236, 0, 74.83
1787998943,0, 17198, 100, 113.57;1, 16692, 100, 120.93;2, 16690, 100, 104.00;3, 16236, 0, 74.60
1787998948,0, 17198, 100, 112.99;1, 16692, 100, 120.72;2, 16690, 100, 103.69;3, 16236, 0, 74.12
1787998953,0, 17198, 100, 111.58;1, 16692, 100, 119.74;2, 16690, 100, 103.30;3, 16236, 0, 18.98
1787998958,0, 17198, 100, 111.35;1, 16692, 100, 120.05;2, 16690, 100, 102.99;3, 16236, 0, 16.38
1787998963,0, 17198, 100, 110.15;1, 16692, 100, 119.26;2, 16690, 100, 102.91;3, 16236, 0, 15.26
1787998968,0, 17198, 100, 109.91;1, 16692, 100, 118.42;2, 16690, 100, 102.68;3, 16236, 0, 15.07
1787998974,0, 31370, 67, 295.53;1, 30864, 63, 311.12;2, 30874, 69, 283.86;3, 30866, 66, 295.24
1787998979,0, 31370, 69, 329.25;1, 30864, 65, 302.64;2, 15828, 100, 104.71;3, 30866, 69, 306.24
1787998984,0, 17594, 77, 319.18;1, 17088, 63, 330.92;2, 16710, 53, 229.96;3, 17088, 77, 305.98
1787998989,0, 16700, 25, 154.57;1, 16172, 34, 151.63;2, 16230, 100, 134.52;3, 16194, 70, 148.50
1787998994,0, 31372, 67, 310.03;1, 30864, 62, 310.98;2, 30874, 65, 279.44;3, 30868, 68, 300.77
1787998999,0, 17182, 64, 268.24;1, 16154, 0, 141.73;2, 16134, 0, 117.03;3, 16418, 38, 137.60
1787999004,0, 17182, 0, 68.08;1, 16154, 100, 119.16;2, 16134, 100, 103.19;3, 16418, 100, 115.96
1787999009,0, 17182, 0, 67.08;1, 16154, 100, 119.14;2, 16134, 100, 102.98;3, 16418, 100, 115.48
1787999014,0, 17532, 41, 189.25;1, 16562, 34, 214.39;2, 16576, 49, 162.53;3, 16710, 46, 205.44
1787999019,0, 31372, 67, 290.13;1, 30864, 63, 296.64;2, 30874, 69, 281.91;3, 30864, 69, 301.30
1787999024,0, 17226, 20, 253.72;1, 16720, 66, 313.34;2, 16718, 100, 216.82;3, 16720, 70, 216.53
1787999029,0, 17226, 100, 110.94;1, 16720, 100, 119.98;2, 16718, 100, 102.87;3, 16720, 0, 73.26
1787999034,0, 17226, 100, 110.23;1, 16720, 100, 119.21;2, 16718, 100, 102.73;3, 16720, 0, 72.80
1787999039,0, 17576, 76, 215.17;1, 17070, 100, 200.28;2, 17066, 61, 235.26;3, 17070, 79, 253.26
1787999044,0, 16324, 100, 215.15;1, 30864, 64, 328.16;2, 30876, 68, 312.43;3, 30866, 67, 333.68
1787999050,0, 16612, 100, 123.91;1, 16420, 0, 147.07;2, 16824, 0, 133.93;3, 16576, 100, 148.21
1787999055,0, 31370, 66, 288.31;1, 30864, 62, 291.02;2, 30876, 67, 300.07;3, 30864, 68, 300.55
1787999060,0, 31370, 69, 326.43;1, 30864, 64, 300.46;2, 15830, 69, 318.76;3, 15818, 100, 184.84
1787999065,0, 31370, 4, 282.87;1, 30864, 62, 305.40;2, 30874, 53, 268.29;3, 30864, 99, 288.18
1787999070,0, 31370, 68, 297.92;1, 30864, 65, 302.81;2, 30874, 71, 290.60;3, 30864, 68, 337.07
1787999075,0, 17532, 12, 285.95;1, 17026, 51, 294.04;2, 17022, 50, 272.52;3, 17030, 68, 278.61
1787999080,0, 31370, 67, 327.31;1, 30864, 64, 301.38;2, 30878, 68, 285.25;3, 30864, 69, 304.78
1787999085,0, 17476, 86, 156.24;1, 16962, 0, 212.02;2, 16962, 4, 140.47;3, 16978, 0, 172.26
1787999090,0, 31370, 67, 308.36;1, 30864, 63, 297.31;2, 30876, 68, 282.23;3, 15818, 66, 289.33
1787999095,0, 16630, 100, 134.94;1, 16216, 42, 145.04;2, 16620, 0, 257.56;3, 15990, 93, 127.63
1787999100,0, 31370, 66, 276.08;1, 30864, 99, 281.74;2, 30874, 68, 277.88;3, 30864, 17, 239.62
1787999105,0, 31370, 68, 325.55;1, 30864, 65, 305.17;2, 30874, 71, 290.68;3, 30864, 69, 310.35
1787999110,0, 17228, 100, 113.89;1, 16722, 100, 122.37;2, 16718, 100, 104.43;3, 16722, 0, 74.43
1787999116,0, 18768, 55, 310.04;1, 26572, 63, 321.67;2, 26764, 75, 293.54;3, 27346, 76, 313.35
1787999121,0, 16324, 100, 113.64;1, 30864, 65, 334.46;2, 15828, 100, 106.65;3, 15820, 100, 117.44
1787999126,0, 31370, 69, 206.28;1, 30866, 63, 287.68;2, 30876, 32, 187.71;3, 30864, 68, 220.92
1787999131,0, 31370, 69, 310.29;1, 30866, 64, 334.26;2, 30876, 70, 291.24;3, 15818, 100, 118.23
1787999136,0, 17400, 54, 289.75;1, 17094, 80, 326.03;2, 17090, 69, 319.27;3, 16620, 59, 251.28
1787999141,0, 31370, 67, 331.04;1, 30864, 64, 304.21;2, 30874, 70, 289.71;3, 30864, 70, 342.31
1787999146,0, 17228, 0, 96.50;1, 16722, 5, 107.66;2, 16718, 0, 90.36;3, 16722, 0, 96.89
1787999151,0, 31370, 70, 295.15;1, 30864, 82, 293.05;2, 30874, 67, 285.74;3, 30866, 26, 302.35
1787999156,0, 31370, 69, 302.22;1, 30864, 64, 304.80;2, 30874, 69, 289.21;3, 30866, 70, 312.75
1787999161,0, 17546, 100, 188.48;1, 17040, 54, 235.59;2, 17036, 57, 190.05;3, 17040, 62, 214.79
1787999166,0, 31370, 68, 299.69;1, 30864, 65, 303.87;2, 30874, 67, 285.22;3, 30864, 67, 332.56
1787999171,0, 17226, 91, 258.23;1, 16722, 66, 339.11;2, 16718, 57, 283.72;3, 16212, 100, 118.04
1787999176,0, 31370, 67, 280.14;1, 30864, 80, 309.41;2, 30874, 66, 271.74;3, 30866, 67, 310.36
1787999182,0, 16436, 100, 114.37;1, 16270, 100, 123.56;2, 15996, 0, 88.77;3, 16044, 0, 95.74
1787999187,0, 16436, 100, 113.37;1, 16270, 100, 122.48;2, 15996, 0, 70.53;3, 16044, 0, 74.42
1787999192,0, 16436, 100, 112.37;1, 16270, 100, 122.16;2, 15996, 0, 69.16;3, 16044, 0, 73.65
1787999197,0, 16436, 100, 111.57;1, 16270, 100, 121.14;2, 15996, 0, 68.83;3, 16044, 0, 73.63
1787999202,0, 16436, 100, 111.14;1, 16270, 100, 120.93;2, 15996, 0, 14.63;3, 16044, 0, 16.20
1787999207,0, 16436, 100, 110.32;1, 16270, 100, 120.34;2, 15996, 0, 14.47;3, 16044, 0, 15.48
1787999212,0, 16436, 100, 109.80;1, 16270, 100, 119.77;2, 15996, 0, 13.70;3, 16044, 100, 113.61
1787999217,0, 16436, 100, 109.54;1, 16270, 100, 118.91;2, 15996, 0, 14.09;3, 16044, 100, 113.71
1787999222,0, 16436, 100, 108.43;1, 16270, 100, 118.75;2, 15996, 0, 12.77;3, 16044, 100, 113.43
1787999227,0, 16436, 100, 108.42;1, 16270, 100, 118.54;2, 15996, 0, 12.53;3, 16044, 100, 113.71
1787999232,0, 16436, 100, 107.87;1, 16270, 100, 117.73;2, 15996, 0, 11.93;3, 16044, 100, 113.73
1787999237,0, 16436, 100, 108.50;1, 16270, 100, 118.10;2, 15996, 0, 11.11;3, 16044, 100, 113.44
1787999242,0, 16436, 100, 108.07;1, 16270, 100, 117.84;2, 15996, 0, 11.66;3, 16044, 100, 113.35
1787999247,0, 29982, 32, 165.83;1, 29474, 45, 249.78;2, 29486, 30, 181.21;3, 29474, 61, 202.49
1787999252,0, 16326, 100, 109.14;1, 30864, 65, 329.52;2, 30876, 69, 311.35;3, 30864, 69, 333.38
1787999258,0, 17064, 24, 223.38;1, 17074, 69, 332.86;2, 17070, 75, 297.70;3, 17074, 79, 316.10
1787999263,0, 31370, 67, 289.25;1, 30864, 63, 296.68;2, 30874, 68, 276.63;3, 30864, 68, 300.33
1787999268,0, 17182, 0, 148.08;1, 16676, 0, 150.21;2, 16672, 0, 131.82;3, 16676, 0, 147.82
1787999273,0, 31370, 20, 256.23;1, 30864, 64, 304.32;2, 30874, 63, 271.67;3, 30864, 99, 279.38
1787999278,0, 31370, 69, 328.27;1, 15818, 100, 121.34;2, 15828, 100, 102.85;3, 15818, 100, 115.97
1787999283,0, 17546, 8, 167.84;1, 16576, 34, 152.44;2, 16468, 100, 115.35;3, 16562, 51, 128.96
1787999288,0, 31370, 66, 291.94;1, 30864, 64, 293.98;2, 30876, 67, 275.08;3, 30864, 67, 299.49
1787999293,0, 16324, 69, 298.79;1, 30864, 66, 302.77;2, 15830, 100, 257.85;3, 15818, 70, 269.11
1787999298,0, 17548, 19, 280.08;1, 17042, 55, 282.83;2, 17038, 70, 266.84;3, 17042, 67, 284.83
1787999303,0, 31370, 68, 297.72;1, 30864, 63, 299.04;2, 30874, 69, 280.00;3, 30864, 69, 305.69
1787999308,0, 17228, 0, 102.17;1, 16722, 100, 112.58;2, 16718, 0, 85.67;3, 16722, 0, 95.62
1787999313,0, 31370, 66, 292.43;1, 30864, 63, 296.83;2, 30874, 66, 282.01;3, 15818, 66, 308.08
1787999318,0, 16962, 46, 183.61;1, 16568, 35, 209.49;2, 16594, 42, 201.94;3, 16164, 27, 161.43
1787999323,0, 31384, 67, 298.49;1, 30878, 65, 332.25;2, 30888, 70, 286.13;3, 30880, 71, 307.77
1787999329,0, 17250, 0, 95.79;1, 16746, 0, 150.35;2, 16742, 0, 86.53;3, 16744, 0, 95.38
1787999334,0, 31370, 7, 326.15;1, 30864, 73, 378.80;2, 30874, 77, 308.22;3, 30864, 95, 325.88
1787999339,0, 16526, 0, 95.65;1, 16186, 0, 98.47;2, 16070, 0, 86.43;3, 15890, 100, 117.35
1787999344,0, 16898, 32, 182.09;1, 16468, 38, 214.39;2, 16470, 39, 176.79;3, 16100, 35, 154.56
1787999349,0, 31384, 68, 297.36;1, 30878, 66, 305.14;2, 30888, 69, 285.52;3, 30878, 69, 304.57
1787999354,0, 17246, 0, 158.84;1, 16740, 0, 173.44;2, 16738, 32, 156.94;3, 16740, 0, 165.34
1787999359,0, 31370, 15, 313.24;1, 30866, 72, 351.89;2, 30876, 66, 290.28;3, 30864, 43, 299.70
1787999364,0, 31370, 68, 316.46;1, 30866, 64, 303.13;2, 30876, 69, 286.85;3, 30864, 69, 339.24
1787999369,0, 17578, 74, 298.75;1, 17072, 77, 250.60;2, 17070, 52, 271.76;3, 17074, 72, 305.24
1787999374,0, 31370, 67, 296.29;1, 30864, 62, 312.12;2, 30874, 67, 304.04;3, 30866, 67, 334.80
1787999379,0, 16942, 100, 148.96;1, 16690, 44, 266.00;2, 16688, 0, 151.03;3, 16690, 100, 193.39
1787999384,0, 16942, 0, 70.85;1, 16690, 100, 122.35;2, 16688, 100, 103.91;3, 16690, 0, 74.63
1787999389,0, 16942, 0, 69.78;1, 16690, 100, 121.67;2, 16688, 100, 103.73;3, 16690, 100, 117.65
1787999394,0, 31370, 66, 283.06;1, 30864, 63, 305.78;2, 30876, 99, 270.21;3, 30866, 66, 291.21
1787999400,0, 16926, 33, 187.26;1, 16174, 25, 175.74;2, 16348, 39, 175.79;3, 16136, 24, 171.07
1787999405,0, 31370, 69, 299.73;1, 30864, 66, 304.46;2, 30878, 70, 286.12;3, 30866, 71, 310.52
1787999410,0, 17226, 0, 95.81;1, 16720, 0, 103.16;2, 16718, 0, 87.30;3, 16722, 0, 95.02
1787999415,0, 17226, 100, 86.99;1, 16720, 100, 121.65;2, 16718, 100, 103.57;3, 16722, 0, 73.91
1787999420,0, 17226, 100, 111.66;1, 16720, 100, 120.80;2, 16718, 100, 103.36;3, 16722, 0, 73.21
1787999425,0, 17226, 100, 110.61;1, 16720, 100, 119.90;2, 16718, 100, 103.02;3, 16722, 0, 72.44
1787999430,0, 31370, 65, 289.15;1, 30864, 64, 296.86;2, 30876, 69, 292.16;3, 30864, 69, 302.11
1787999435,0, 31370, 68, 327.82;1, 30864, 66, 303.85;2, 30876, 70, 319.05;3, 30864, 70, 341.41
1787999440,0, 17228, 0, 78.62;1, 16722, 100, 120.64;2, 16720, 0, 68.38;3, 16722, 0, 73.47
1787999445,0, 17582, 56, 291.99;1, 17072, 41, 301.46;2, 17068, 50, 281.59;3, 17076, 73, 302.30
1787999450,0, 31370, 68, 296.13;1, 30864, 64, 329.59;2, 30876, 69, 283.56;3, 30864, 69, 311.12
1787999455,0, 17244, 0, 92.36;1, 16738, 100, 116.64;2, 16736, 0, 87.21;3, 16738, 0, 95.09
1787999460,0, 31370, 66, 278.25;1, 30864, 99, 302.92;2, 30874, 67, 280.92;3, 30864, 17, 303.67
1787999465,0, 31370, 69, 298.25;1, 30864, 64, 301.07;2, 30874, 69, 286.39;3, 30864, 69, 304.90
1787999471,0, 17182, 0, 69.57;1, 16676, 0, 79.66;2, 16672, 100, 103.67;3, 16676, 0, 74.23
1787999476,0, 17532, 66, 283.66;1, 17026, 62, 282.38;2, 17022, 63, 270.84;3, 17026, 71, 290.79
1787999481,0, 16324, 100, 113.09;1, 30866, 63, 327.92;2, 15828, 100, 105.88;3, 30864, 68, 338.73
1787999486,0, 16698, 46, 165.19;1, 16678, 47, 231.71;2, 16352, 37, 171.83;3, 16572, 72, 227.61
1787999491,0, 31370, 67, 295.09;1, 30866, 64, 331.13;2, 30874, 67, 281.84;3, 30864, 69, 304.08
1787999496,0, 17404, 0, 126.55;1, 16900, 0, 103.59;2, 16900, 100, 101.27;3, 16916, 100, 117.79
1787999501,0, 31370, 68, 297.13;1, 30864, 63, 296.72;2, 30876, 67, 295.82;3, 30864, 68, 302.22
1787999506,0, 31370, 69, 304.83;1, 30864, 65, 304.64;2, 15830, 71, 319.61;3, 30864, 69, 308.22
1787999511,0, 17558, 74, 276.25;1, 17052, 78, 248.44;2, 17048, 49, 280.21;3, 17052, 75, 298.99
1787999516,0, 31370, 66, 293.89;1, 30866, 64, 299.89;2, 30874, 68, 284.61;3, 30864, 68, 305.73
1787999521,0, 17196, 60, 249.14;1, 16690, 52, 265.86;2, 16686, 0, 195.61;3, 16690, 100, 201.00
1787999526,0, 31370, 66, 307.24;1, 30864, 54, 296.00;2, 30874, 67, 274.60;3, 30864, 98, 293.40
1787999531,0, 16324, 100, 113.48;1, 30864, 62, 325.63;2, 30874, 70, 291.08;3, 15818, 100, 118.61
1787999536,0, 16440, 100, 112.88;1, 16722, 0, 74.93;2, 16718, 100, 104.58;3, 16082, 100, 118.18
1787999542,0, 16440, 100, 111.96;1, 16722, 0, 74.55;2, 16718, 100, 103.90;3, 16082, 100, 118.03
1787999547,0, 16632, 75, 112.10;1, 17018, 0, 74.29;2, 17010, 100, 133.75;3, 16292, 47, 127.73
1787999552,0, 31370, 67, 292.54;1, 30864, 64, 295.83;2, 30874, 68, 282.21;3, 30864, 67, 300.02
1787999557,0, 16324, 69, 298.30;1, 30864, 66, 304.05;2, 15828, 69, 288.82;3, 15818, 68, 306.81
1787999562,0, 17182, 0, 74.25;1, 16676, 100, 121.49;2, 16672, 0, 69.70;3, 16676, 100, 117.36
1787999567,0, 31370, 65, 301.48;1, 30864, 63, 290.59;2, 30874, 99, 270.54;3, 30864, 67, 286.00
1787999572,0, 31370, 68, 297.27;1, 30864, 66, 304.14;2, 30874, 71, 289.73;3, 30864, 69, 305.65
1787999577,0, 17578, 76, 306.27;1, 17072, 61, 300.04;2, 17068, 64, 287.81;3, 17072, 75, 306.45
1787999582,0, 31370, 67, 295.20;1, 30864, 64, 302.73;2, 30876, 70, 287.39;3, 30864, 67, 336.75
1787999587,0, 17228, 0, 142.18;1, 16722, 0, 104.28;2, 16720, 0, 89.96;3, 16722, 0, 103.94
1787999592,0, 17228, 0, 69.09;1, 16722, 0, 74.53;2, 16720, 100, 104.54;3, 16722, 100, 118.76
1787999597,0, 31370, 67, 277.06;1, 30864, 89, 296.61;2, 30874, 68, 274.69;3, 30864, 26, 293.99
1787999602,0, 31370, 67, 294.64;1, 30864, 65, 300.94;2, 30874, 69, 288.09;3, 30864, 68, 340.62
1787999607,0, 17244, 100, 85.18;1, 16738, 100, 121.83;2, 16736, 100, 104.20;3, 16738, 0, 74.89
1787999613,0, 17244, 100, 112.55;1, 16738, 100, 121.67;2, 16736, 100, 103.74;3, 16738, 0, 74.19
1787999618,0, 17244, 100, 112.29;1, 16738, 100, 121.08;2, 16736, 100, 103.47;3, 16738, 0, 73.87
1787999623,0, 17244, 100, 111.97;1, 16738, 100, 120.51;2, 16736, 100, 103.42;3, 16738, 0, 39.75
1787999628,0, 17594, 58, 307.42;1, 17088, 56, 325.53;2, 17084, 69, 302.50;3, 17088, 83, 316.23
1787999633,0, 31370, 68, 293.27;1, 30864, 63, 298.20;2, 30876, 69, 284.74;3, 30864, 67, 301.74
1787999638,0, 17244, 100, 106.23;1, 16738, 0, 101.94;2, 16736, 0, 131.97;3, 16738, 0, 147.34
1787999643,0, 31370, 7, 280.51;1, 30866, 6, 302.59;2, 30876, 76, 283.14;3, 30864, 97, 297.30
1787999648,0, 31370, 68, 297.96;1, 30866, 64, 300.43;2, 30876, 70, 317.93;3, 30864, 69, 307.69
1787999653,0, 17228, 0, 81.46;1, 16722, 100, 97.84;2, 16720, 100, 104.16;3, 16722, 0, 80.46
1787999658,0, 17228, 100, 112.61;1, 16722, 100, 121.27;2, 16720, 100, 103.70;3, 16722, 0, 73.78
1787999663,0, 17228, 100, 111.88;1, 16722, 100, 120.44;2, 16720, 100, 103.41;3, 16722, 0, 73.57
1787999668,0, 31370, 54, 271.64;1, 30864, 30, 298.51;2, 30874, 69, 288.30;3, 30864, 68, 287.05
1787999673,0, 31370, 68, 298.36;1, 30864, 64, 297.69;2, 30874, 69, 286.00;3, 30864, 69, 305.99
1787999678,0, 17532, 77, 278.33;1, 17026, 58, 285.43;2, 17022, 67, 251.92;3, 17026, 51, 267.50
1787999683,0, 16324, 100, 113.51;1, 15818, 100, 122.51;2, 15828, 100, 106.31;3, 30864, 68, 337.78
1787999689,0, 16598, 25, 140.42;1, 16174, 0, 147.37;2, 16108, 35, 129.20;3, 17076, 72, 252.48
1787999694,0, 31370, 67, 297.08;1, 30866, 63, 295.76;2, 30874, 66, 299.47;3, 30864, 67, 304.02
1787999699,0, 16324, 84, 303.93;1, 30866, 66, 305.07;2, 15828, 100, 106.64;3, 15818, 100, 270.35
1787999704,0, 17600, 80, 314.18;1, 17088, 65, 342.02;2, 16808, 56, 251.30;3, 17088, 76, 307.32
1787999709,0, 16324, 67, 325.55;1, 30864, 63, 330.39;2, 30876, 69, 318.08;3, 30864, 68, 325.97
1787999714,0, 16680, 0, 96.20;1, 16722, 0, 153.01;2, 16720, 0, 137.87;3, 16326, 0, 138.15
1787999719,0, 16680, 100, 113.30;1, 16722, 100, 121.92;2, 16720, 0, 69.74;3, 16326, 100, 118.63
1787999724,0, 17090, 54, 239.88;1, 17072, 63, 323.72;2, 17068, 69, 288.25;3, 16778, 61, 269.64
1787999729,0, 31370, 67, 293.14;1, 30864, 63, 297.85;2, 30874, 68, 282.79;3, 15820, 100, 118.41
1787999734,0, 17182, 22, 159.19;1, 16676, 0, 120.47;2, 16674, 0, 139.05;3, 15936, 12, 127.47
1787999739,0, 31370, 66, 327.45;1, 30864, 62, 295.84;2, 30874, 68, 293.36;3, 30864, 68, 303.83
1787999744,0, 31370, 68, 330.71;1, 15818, 62, 311.99;2, 30874, 69, 320.48;3, 30864, 70, 309.04
1787999749,0, 17582, 67, 310.94;1, 16866, 59, 302.95;2, 17072, 69, 282.38;3, 17072, 57, 311.73
1787999754,0, 31370, 68, 297.94;1, 30866, 65, 305.58;2, 15828, 70, 302.64;3, 30864, 71, 310.70
1787999759,0, 16938, 0, 96.41;1, 16740, 0, 106.47;2, 16184, 0, 88.11;3, 16740, 0, 96.58
1787999765,0, 17436, 66, 293.91;1, 17092, 54, 304.02;2, 16602, 50, 231.27;3, 17092, 66, 340.74
1787999770,0, 31370, 67, 295.74;1, 30864, 64, 299.72;2, 30878, 68, 283.16;3, 30864, 69, 305.04
1787999775,0, 16716, 75, 129.21;1, 16722, 0, 280.04;2, 16718, 100, 207.33;3, 16720, 46, 190.35
1787999780,0, 31370, 83, 260.97;1, 30864, 62, 300.76;2, 30876, 42, 289.67;3, 30864, 65, 300.31
1787999785,0, 31370, 68, 299.11;1, 30864, 65, 302.47;2, 30876, 68, 286.02;3, 30864, 69, 308.71
1787999790,0, 17532, 100, 177.46;1, 17026, 60, 161.87;2, 17022, 0, 172.85;3, 17030, 100, 126.30
1787999795,0, 31370, 67, 295.25;1, 30864, 64, 333.82;2, 30874, 69, 284.73;3, 30866, 68, 306.84
1787999800,0, 17244, 69, 303.64;1, 16412, 100, 171.24;2, 16736, 100, 263.51;3, 16738, 71, 267.56
1787999805,0, 31370, 66, 316.00;1, 30864, 63, 300.95;2, 30876, 68, 295.26;3, 30864, 68, 305.72
1787999810,0, 16324, 100, 115.97;1, 30864, 66, 338.58;2, 15830, 100, 107.77;3, 30864, 70, 346.39
1787999815,0, 16692, 100, 114.46;1, 16740, 0, 74.76;2, 16194, 100, 104.41;3, 16740, 100, 120.47
1787999820,0, 22446, 55, 242.07;1, 27730, 77, 348.27;2, 27826, 40, 228.23;3, 27944, 76, 346.36
1787999825,0, 31370, 66, 299.37;1, 30864, 65, 303.96;2, 30874, 71, 287.18;3, 30864, 70, 310.70
1787999831,0, 17244, 100, 114.42;1, 16738, 0, 105.49;2, 16736, 0, 85.17;3, 16738, 0, 93.61
1787999836,0, 17244, 100, 113.33;1, 16738, 100, 122.72;2, 16736, 0, 69.43;3, 16738, 100, 119.19
1787999841,0, 17444, 100, 112.06;1, 16938, 39, 158.25;2, 16956, 0, 69.09;3, 16962, 78, 122.06
1787999846,0, 16324, 67, 322.14;1, 15818, 100, 123.15;2, 15828, 100, 105.36;3, 30866, 68, 301.92
1787999851,0, 31372, 52, 225.69;1, 30864, 69, 197.33;2, 30876, 23, 141.43;3, 30866, 58, 194.36
1787999856,0, 16770, 57, 196.68;1, 16594, 45, 245.92;2, 16396, 32, 162.50;3, 16536, 55, 211.03
1787999861,0, 31370, 67, 327.36;1, 30864, 63, 297.26;2, 30876, 68, 280.72;3, 30864, 68, 305.76
1787999866,0, 17196, 100, 167.54;1, 16690, 47, 307.25;2, 16688, 0, 170.21;3, 16690, 88, 155.29
1787999871,0, 31370, 39, 280.08;1, 30866, 63, 292.91;2, 30874, 66, 273.80;3, 30866, 59, 293.04
1787999876,0, 31370, 67, 328.03;1, 30866, 64, 331.74;2, 30874, 67, 311.79;3, 15820, 100, 116.85
1787999881,0, 17228, 100, 113.61;1, 16724, 0, 88.96;2, 16720, 100, 101.19;3, 15920, 0, 73.69
1787999886,0, 17228, 100, 112.34;1, 16724, 100, 121.72;2, 16720, 100, 103.72;3, 15920, 0, 72.91
1787999891,0, 17228, 100, 112.26;1, 16724, 100, 120.82;2, 16720, 100, 103.39;3, 15920, 0, 72.98
1787999896,0, 17578, 60, 280.94;1, 17074, 38, 277.19;2, 17070, 76, 271.42;3, 16160, 21, 130.58
1787999902,0, 31370, 67, 292.14;1, 30864, 63, 294.96;2, 30874, 67, 281.87;3, 30866, 68, 301.11
1787999907,0, 17208, 81, 227.02;1, 16702, 65, 298.16;2, 16700, 100, 187.69;3, 16702, 0, 184.49
1787999912,0, 17208, 100, 112.45;1, 16702, 100, 120.97;2, 16700, 0, 69.20;3, 16702, 100, 116.53
1787999917,0, 29980, 71, 302.72;1, 29474, 90, 283.00;2, 29012, 64, 283.43;3, 29004, 22, 281.98
1787999922,0, 31370, 69, 300.27;1, 30864, 65, 302.74;2, 30874, 71, 287.49;3, 30864, 68, 304.35
1787999927,0, 17228, 0, 85.19;1, 16722, 0, 94.15;2, 16718, 0, 84.10;3, 16722, 0, 90.86
1787999932,0, 17578, 77, 280.26;1, 17072, 62, 284.55;2, 17068, 53, 281.70;3, 17076, 70, 225.09
1787999937,0, 16324, 100, 112.24;1, 30864, 63, 304.61;2, 30874, 67, 314.86;3, 15820, 100, 116.80
1787999942,0, 16396, 100, 124.14;1, 16690, 65, 325.50;2, 16196, 0, 130.26;3, 15910, 100, 122.89
1787999947,0, 31370, 65, 299.25;1, 30864, 62, 297.73;2, 30874, 67, 280.32;3, 30868, 67, 297.37
1787999952,0, 31370, 69, 298.71;1, 30864, 63, 300.53;2, 30874, 71, 290.01;3, 30868, 70, 305.78
1787999957,0, 17532, 68, 277.57;1, 17026, 45, 266.40;2, 17022, 58, 202.65;3, 17026, 71, 218.87
1787999962,0, 31370, 67, 292.61;1, 30864, 64, 299.71;2, 30874, 68, 282.00;3, 30864, 68, 302.62
1787999967,0, 16966, 92, 200.07;1, 16722, 64, 322.65;2, 16718, 100, 206.46;3, 16722, 70, 247.90
1787999973,0, 31372, 66, 279.05;1, 30864, 13, 303.83;2, 30874, 91, 274.66;3, 30864, 66, 287.24
1787999978,0, 31372, 68, 298.86;1, 30864, 65, 304.00;2, 30874, 69, 286.30;3, 30864, 69, 310.16
1787999983,0, 17532, 79, 291.62;1, 17026, 61, 290.77;2, 17022, 71, 279.43;3, 17026, 69, 287.25
1787999988,0, 31372, 69, 302.12;1, 30866, 65, 303.43;2, 30874, 68, 286.85;3, 30864, 70, 340.73
1787999993,0, 17244, 0, 100.52;1, 16738, 0, 105.61;2, 16736, 0, 90.67;3, 16738, 0, 97.10
1787999998,0, 17594, 71, 304.87;1, 17088, 65, 313.65;2, 17084, 68, 287.81;3, 17092, 65, 317.09
1788000003,0, 31370, 66, 293.65;1, 30864, 64, 302.68;2, 30874, 69, 286.43;3, 30864, 67, 305.10
1788000008,0, 17208, 100, 213.68;1, 16702, 0, 283.71;2, 16698, 0, 156.96;3, 16456, 55, 151.93
1788000013,0, 17208, 0, 70.12;1, 16702, 100, 122.57;2, 16698, 100, 86.53;3, 16456, 0, 73.95
1788000018,0, 31370, 57, 267.86;1, 30864, 37, 301.83;2, 30876, 99, 257.70;3, 30864, 72, 277.89
1788000023,0, 16324, 100, 112.46;1, 15818, 100, 185.07;2, 30876, 69, 309.65;3, 30864, 70, 308.05
1788000028,0, 16384, 100, 111.62;1, 16246, 0, 74.47;2, 16736, 100, 104.30;3, 16738, 100, 118.51
1788000033,0, 16384, 100, 111.17;1, 16246, 0, 74.35;2, 16736, 100, 103.49;3, 16738, 100, 117.66
1788000038,0, 31370, 65, 259.70;1, 30864, 99, 282.32;2, 30874, 66, 284.31;3, 30864, 16, 296.90
1788000043,0, 16872, 52, 177.33;1, 16388, 100, 194.18;2, 16194, 30, 156.82;3, 16164, 61, 166.28
1788000049,0, 31370, 67, 293.43;1, 30864, 66, 303.91;2, 30874, 69, 288.14;3, 30864, 69, 303.39
1788000054,0, 17228, 0, 94.63;1, 16558, 0, 101.49;2, 16720, 0, 88.20;3, 16722, 0, 95.46
1788000059,0, 17228, 0, 67.97;1, 16558, 0, 74.30;2, 16720, 0, 69.75;3, 16722, 0, 73.88
1788000064,0, 17228, 0, 66.46;1, 16558, 0, 74.18;2, 16720, 0, 68.64;3, 16722, 100, 100.09
1788000069,0, 17228, 0, 66.23;1, 16558, 0, 73.75;2, 16720, 100, 103.19;3, 16722, 100, 116.14
1788000074,0, 17580, 57, 298.95;1, 16872, 67, 289.89;2, 17070, 75, 304.67;3, 17072, 75, 320.01
1788000079,0, 31370, 66, 291.31;1, 30864, 62, 294.40;2, 30874, 69, 284.53;3, 30864, 68, 303.69
1788000084,0, 17198, 0, 93.41;1, 16692, 0, 100.50;2, 16690, 0, 87.55;3, 16692, 100, 110.27
1788000089,0, 31370, 33, 275.78;1, 30864, 64, 293.78;2, 30874, 67, 271.29;3, 30864, 62, 282.35
1788000094,0, 31370, 67, 295.84;1, 30864, 65, 302.57;2, 30874, 70, 317.60;3, 15818, 100, 117.28
1788000099,0, 17244, 0, 75.54;1, 16738, 0, 74.42;2, 16736, 0, 72.15;3, 16128, 0, 74.24
1788000104,0, 17244, 100, 111.00;1, 16738, 100, 120.61;2, 16736, 0, 68.99;3, 16128, 0, 73.53
1788000109,0, 17594, 71, 300.94;1, 17088, 50, 312.95;2, 17086, 79, 304.08;3, 16550, 52, 219.54
1788000114,0, 16324, 100, 145.27;1, 30864, 65, 333.31;2, 15828, 100, 131.16;3, 15818, 100, 116.43
1788000120,0, 17090, 38, 141.53;1, 17074, 0, 154.18;2, 16522, 100, 146.25;3, 16454, 75, 159.95
1788000125,0, 16324, 66, 297.32;1, 30896, 65, 333.56;2, 30906, 69, 313.55;3, 30896, 69, 318.18
1788000130,0, 16616, 95, 110.55;1, 16266, 100, 122.54;2, 16814, 72, 332.57;3, 16320, 29, 172.20
1788000135,0, 16978, 53, 267.66;1, 16664, 66, 331.15;2, 17164, 93, 390.40;3, 16758, 76, 343.29
1788000140,0, 31370, 67, 291.06;1, 30864, 64, 300.40;2, 30874, 69, 282.82;3, 30864, 68, 300.98
1788000145,0, 17198, 0, 168.07;1, 16692, 0, 156.06;2, 16688, 84, 139.04;3, 16692, 0, 151.92
1788000150,0, 16324, 67, 275.55;1, 15818, 100, 226.32;2, 15828, 100, 107.46;3, 30864, 67, 331.83
1788000155,0, 16682, 28, 162.01;1, 16120, 24, 172.18;2, 16030, 22, 137.85;3, 16500, 55, 216.64
1788000160,0, 31370, 68, 295.04;1, 30866, 63, 331.35;2, 30874, 69, 285.10;3, 30864, 69, 306.20
1788000165,0, 17198, 0, 95.41;1, 16692, 100, 123.04;2, 16688, 100, 104.18;3, 16692, 0, 96.58
1788000170,0, 31370, 66, 301.01;1, 30864, 64, 299.52;2, 30876, 67, 300.22;3, 30864, 67, 302.88
1788000175,0, 31370, 69, 300.29;1, 30864, 66, 305.97;2, 30876, 70, 291.27;3, 30864, 70, 311.12
1788000180,0, 17226, 100, 113.29;1, 16720, 0, 75.04;2, 16718, 100, 104.44;3, 16720, 0, 74.81
1788000185,0, 31370, 66, 269.30;1, 30864, 77, 294.44;2, 30874, 66, 274.73;3, 30864, 43, 292.44
1788000191,0, 31370, 68, 332.06;1, 30864, 65, 335.47;2, 30874, 69, 317.30;3, 30864, 69, 339.30
1788000196,0, 17546, 34, 285.29;1, 17040, 62, 316.98;2, 17040, 54, 275.58;3, 17040, 64, 303.30
1788000201,0, 31370, 68, 299.43;1, 30866, 65, 305.06;2, 30878, 69, 287.67;3, 30864, 69, 339.40
1788000206,0, 17182, 0, 97.02;1, 16676, 0, 105.46;2, 16674, 0, 90.43;3, 16676, 0, 97.00
1788000211,0, 17532, 67, 275.36;1, 17026, 61, 302.21;2, 17026, 75, 290.30;3, 17026, 54, 303.89
1788000216,0, 16324, 100, 114.19;1, 30864, 64, 333.34;2, 30874, 69, 297.88;3, 15820, 100, 118.94
1788000221,0, 16924, 41, 194.76;1, 16624, 34, 260.08;2, 16908, 76, 290.68;3, 16252, 30, 201.85
1788000226,0, 31370, 67, 298.20;1, 30864, 63, 333.29;2, 15828, 100, 224.22;3, 30864, 68, 305.14
1788000231,0, 17244, 0, 96.46;1, 16740, 100, 119.34;2, 16168, 100, 101.40;3, 16740, 0, 96.17
1788000236,0, 31372, 79, 296.14;1, 30864, 86, 313.70;2, 30874, 66, 247.17;3, 30864, 38, 287.87
1788000241,0, 16326, 100, 113.01;1, 30864, 65, 334.48;2, 15828, 100, 106.59;3, 15818, 100, 118.42
1788000246,0, 16650, 61, 163.55;1, 17026, 53, 303.35;2, 16576, 65, 212.38;3, 16514, 50, 206.25
1788000251,0, 31372, 68, 297.75;1, 30864, 64, 333.41;2, 30874, 68, 283.19;3, 30864, 69, 317.21
1788000256,0, 17244, 0, 95.74;1, 16738, 0, 106.90;2, 16736, 0, 89.72;3, 16738, 0, 97.24
1788000262,0, 17594, 67, 313.55;1, 17088, 51, 319.32;2, 17084, 78, 310.42;3, 17088, 83, 325.56
1788000267,0, 16980, 57, 181.71;1, 16172, 24, 154.16;2, 16130, 27, 137.61;3, 16204, 84, 154.84
1788000272,0, 16324, 100, 204.49;1, 30866, 64, 303.64;2, 30876, 67, 283.71;3, 30866, 68, 306.56
1788000277,0, 16566, 0, 126.45;1, 16676, 0, 200.42;2, 16674, 85, 166.38;3, 16676, 0, 153.14
1788000282,0, 31384, 68, 296.79;1, 30882, 64, 301.19;2, 30888, 68, 297.93;3, 30878, 69, 297.11
1788000287,0, 31384, 70, 329.64;1, 30882, 66, 304.38;2, 30888, 71, 319.78;3, 30878, 71, 312.70
1788000292,0, 17596, 91, 354.01;1, 17090, 72, 377.16;2, 17086, 79, 343.31;3, 17090, 85, 357.29
1788000297,0, 31370, 67, 295.37;1, 30864, 63, 323.80;2, 30876, 70, 290.52;3, 30864, 68, 341.21
1788000302,0, 17430, 100, 109.08;1, 16932, 100, 116.98;2, 16922, 1, 90.60;3, 16944, 100, 139.27
1788000307,0, 31370, 67, 294.70;1, 30864, 64, 303.89;2, 30874, 67, 286.29;3, 30864, 66, 305.24
1788000312,0, 31370, 68, 301.61;1, 30864, 64, 306.13;2, 30874, 71, 294.59;3, 30864, 70, 313.45
1788000317,0, 17546, 76, 295.97;1, 17040, 57, 303.26;2, 17036, 69, 267.16;3, 17040, 86, 286.12
1788000322,0, 31370, 69, 302.43;1, 30866, 65, 305.52;2, 30874, 67, 286.58;3, 30864, 68, 344.77
1788000327,0, 17228, 0, 128.52;1, 16722, 0, 162.00;2, 16718, 0, 93.12;3, 16256, 0, 136.47
1788000333,0, 31370, 64, 287.32;1, 30864, 63, 309.08;2, 30874, 66, 282.51;3, 30864, 66, 303.42
1788000338,0, 31370, 68, 301.07;1, 30864, 66, 308.47;2, 30874, 69, 288.86;3, 30864, 70, 311.38
1788000343,0, 17578, 62, 295.03;1, 17072, 58, 307.11;2, 17068, 61, 279.01;3, 17072, 81, 299.08
1788000348,0, 31370, 69, 315.35;1, 30864, 65, 307.13;2, 30874, 70, 288.98;3, 30864, 69, 331.31
1788000353,0, 16762, 66, 141.99;1, 16690, 100, 261.47;2, 16482, 100, 187.54;3, 16690, 0, 184.92
1788000358,0, 31370, 64, 299.00;1, 30864, 63, 305.03;2, 30874, 67, 274.36;3, 30866, 66, 319.56
1788000363,0, 31370, 68, 331.52;1, 30864, 66, 308.53;2, 30874, 70, 294.73;3, 30866, 69, 311.78
1788000368,0, 17594, 67, 305.15;1, 17088, 60, 332.71;2, 17084, 71, 298.41;3, 17088, 83, 314.30
1788000373,0, 31370, 65, 292.68;1, 30864, 64, 305.20;2, 15828, 100, 160.77;3, 30864, 68, 310.12
1788000378,0, 17244, 55, 160.99;1, 16738, 0, 135.98;2, 16080, 0, 117.49;3, 16300, 0, 141.09
1788000383,0, 17594, 74, 319.76;1, 17088, 65, 324.46;2, 16478, 65, 183.83;3, 16730, 49, 249.52
1788000388,0, 31370, 68, 298.54;1, 30864, 65, 303.38;2, 30874, 68, 285.75;3, 30864, 67, 306.90
1788000393,0, 17532, 62, 287.28;1, 17026, 53, 292.68;2, 17022, 48, 228.61;3, 17026, 57, 245.55
1788000399,0, 31370, 67, 298.92;1, 30866, 64, 303.16;2, 30874, 66, 283.44;3, 30864, 69, 309.33
1788000404,0, 17182, 80, 242.09;1, 16676, 64, 299.76;2, 16672, 100, 212.03;3, 16676, 0, 194.34
1788000409,0, 17536, 68, 298.60;1, 17026, 47, 302.46;2, 17022, 69, 274.36;3, 17026, 72, 279.33
1788000414,0, 31370, 65, 290.09;1, 30864, 64, 303.98;2, 15828, 100, 126.58;3, 30864, 70, 339.60
1788000419,0, 17196, 0, 97.69;1, 16690, 0, 106.50;2, 16104, 0, 94.51;3, 16690, 84, 99.62
1788000424,0, 31370, 58, 280.35;1, 30864, 64, 303.61;2, 30874, 39, 212.55;3, 30864, 67, 297.14
1788000429,0, 16324, 100, 166.76;1, 30864, 66, 306.50;2, 15828, 100, 106.21;3, 30864, 70, 341.06
1788000434,0, 17252, 62, 278.96;1, 17070, 72, 365.26;2, 16402, 45, 200.72;3, 17074, 80, 334.84
1788000439,0, 31370, 67, 313.61;1, 30864, 64, 332.83;2, 30874, 69, 285.76;3, 30864, 70, 342.16
1788000444,0, 17504, 0, 171.61;1, 17070, 46, 161.80;2, 17066, 68, 199.62;3, 17070, 83, 223.55
1788000449,0, 31370, 66, 294.07;1, 30864, 64, 305.02;2, 30874, 69, 284.06;3, 30866, 67, 337.25
1788000454,0, 31370, 69, 303.92;1, 15818, 66, 339.88;2, 15828, 100, 283.39;3, 15820, 100, 120.80
1788000459,0, 17532, 52, 285.89;1, 17030, 60, 233.17;2, 17026, 58, 183.68;3, 16624, 64, 166.69
1788000464,0, 31372, 66, 295.00;1, 30864, 62, 301.24;2, 30874, 66, 301.04;3, 30864, 67, 302.56
1788000470,0, 16750, 0, 86.35;1, 16208, 0, 98.76;2, 16096, 100, 102.64;3, 16300, 0, 88.90
1788000475,0, 31372, 65, 313.31;1, 30864, 63, 304.14;2, 30876, 66, 280.57;3, 30864, 66, 316.88
1788000480,0, 16326, 100, 113.18;1, 30864, 63, 299.21;2, 30876, 70, 287.90;3, 15818, 100, 119.08
1788000485,0, 16970, 30, 196.19;1, 17072, 73, 299.29;2, 17068, 57, 284.99;3, 16612, 60, 242.93
1788000490,0, 31370, 67, 294.49;1, 30864, 64, 300.97;2, 30874, 67, 282.23;3, 30864, 70, 308.25
1788000495,0, 17226, 0, 166.12;1, 16720, 0, 231.99;2, 16718, 100, 161.76;3, 16720, 100, 167.17
1788000500,0, 31370, 99, 286.36;1, 30866, 61, 307.60;2, 30876, 70, 290.51;3, 30864, 68, 312.42
1788000505,0, 31370, 69, 308.20;1, 30866, 64, 332.56;2, 30876, 70, 313.22;3, 30864, 70, 310.21
1788000510,0, 17228, 0, 70.18;1, 16436, 0, 74.83;2, 16578, 100, 104.08;3, 16722, 100, 119.35
1788000515,0, 17228, 0, 69.10;1, 16436, 100, 122.64;2, 16578, 100, 103.72;3, 16722, 100, 118.76
1788000520,0, 17228, 0, 68.38;1, 16436, 100, 121.82;2, 16578, 100, 103.57;3, 16722, 100, 118.12
1788000525,0, 17578, 23, 308.54;1, 16958, 59, 304.57;2, 16894, 58, 261.37;3, 17076, 68, 295.67
1788000530,0, 31372, 68, 296.10;1, 15818, 100, 123.29;2, 30874, 67, 282.00;3, 30864, 68, 337.49
1788000535,0, 17536, 63, 291.19;1, 16178, 22, 167.39;2, 17026, 64, 245.13;3, 17030, 59, 257.56
1788000541,0, 31372, 66, 306.98;1, 30864, 64, 303.82;2, 30874, 67, 282.15;3, 15818, 100, 119.42
1788000546,0, 16700, 0, 134.83;1, 16700, 60, 265.00;2, 16736, 19, 160.22;3, 16034, 0, 124.75
1788000551,0, 17132, 51, 223.18;1, 17048, 66, 302.93;2, 17088, 53, 293.47;3, 16396, 35, 193.82
1788000556,0, 31370, 67, 293.10;1, 30864, 64, 297.97;2, 30874, 69, 285.33;3, 30864, 69, 305.80
1788000561,0, 17228, 0, 149.13;1, 16722, 0, 128.03;2, 16718, 0, 138.70;3, 16722, 0, 149.60
1788000566,0, 17578, 41, 293.11;1, 17072, 59, 302.73;2, 17068, 73, 284.59;3, 17072, 58, 300.57
1788000571,0, 16324, 100, 111.83;1, 30864, 64, 327.71;2, 30874, 69, 317.62;3, 30864, 70, 340.70
1788000576,0, 16876, 100, 142.79;1, 16938, 52, 162.27;2, 16740, 62, 184.07;3, 17032, 46, 106.05
1788000581,0, 16324, 100, 150.71;1, 30864, 64, 311.13;2, 15828, 100, 120.35;3, 30864, 68, 340.54
1788000586,0, 16506, 100, 110.88;1, 16520, 66, 335.11;2, 15970, 100, 105.89;3, 16506, 100, 183.65
1788000591,0, 16392, 45, 193.47;1, 19838, 72, 345.42;2, 21748, 42, 187.77;3, 21554, 68, 337.89
1788000596,0, 31386, 68, 328.55;1, 30880, 66, 305.66;2, 30892, 71, 317.56;3, 30880, 71, 313.28
1788000601,0, 17262, 100, 99.72;1, 16754, 0, 103.88;2, 16752, 0, 88.20;3, 16756, 0, 98.27
1788000606,0, 17610, 91, 381.73;1, 17104, 81, 399.16;2, 17102, 84, 348.58;3, 17104, 74, 369.29
1788000612,0, 31370, 67, 325.00;1, 30864, 64, 332.10;2, 30874, 69, 288.41;3, 30864, 69, 309.76
1788000617,0, 16786, 100, 111.53;1, 16256, 100, 116.21;2, 16672, 100, 104.39;3, 16470, 0, 85.81
1788000622,0, 31370, 65, 287.79;1, 30864, 63, 310.94;2, 30874, 68, 284.05;3, 30864, 67, 315.54
1788000627,0, 31370, 68, 327.96;1, 15818, 100, 141.82;2, 30874, 70, 321.53;3, 15818, 100, 119.34
1788000632,0, 31370, 65, 287.94;1, 30866, 61, 277.98;2, 30874, 21, 272.45;3, 30864, 67, 252.55
1788000637,0, 16324, 100, 112.30;1, 15820, 100, 121.36;2, 15828, 100, 106.53;3, 30864, 70, 341.90
1788000642,0, 16682, 25, 141.09;1, 16150, 17, 137.31;2, 16406, 100, 119.50;3, 17030, 68, 129.07
1788000647,0, 31370, 66, 291.53;1, 30866, 64, 298.18;2, 30874, 68, 282.35;3, 30864, 67, 304.92
1788000652,0, 16480, 67, 308.28;1, 15972, 65, 330.48;2, 15974, 100, 236.41;3, 15980, 100, 154.35
1788000657,0, 31370, 6, 286.13;1, 30864, 57, 296.09;2, 30876, 67, 275.83;3, 30864, 79, 280.73
1788000662,0, 16482, 100, 106.70;1, 15930, 100, 120.68;2, 16094, 0, 78.50;3, 15976, 100, 108.92
1788000667,0, 31370, 60, 246.43;1, 30864, 64, 284.33;2, 30878, 66, 251.99;3, 30864, 88, 272.16
1788000672,0, 16324, 100, 199.82;1, 30864, 65, 331.09;2, 15832, 100, 105.96;3, 15818, 100, 118.31
1788000677,0, 21470, 66, 266.60;1, 27344, 60, 306.03;2, 27922, 36, 177.71;3, 29002, 18, 212.35
1788000683,0, 16324, 100, 111.87;1, 30864, 65, 317.71;2, 30874, 68, 311.95;3, 30864, 69, 340.83
1788000688,0, 16570, 22, 80.69;1, 16256, 0, 90.83;2, 16674, 0, 76.08;3, 16466, 0, 85.11
1788000693,0, 16960, 42, 150.83;1, 16734, 49, 224.38;2, 17026, 64, 209.35;3, 17004, 42, 229.47
1788000698,0, 16324, 67, 318.34;1, 30864, 63, 326.16;2, 30874, 67, 278.44;3, 30864, 68, 321.99
1788000703,0, 16590, 100, 127.62;1, 16722, 43, 327.12;2, 16720, 67, 255.01;3, 16162, 85, 120.25
1788000708,0, 31370, 66, 293.96;1, 30866, 63, 308.02;2, 30874, 67, 272.89;3, 30864, 69, 306.15
1788000713,0, 16324, 100, 111.71;1, 30866, 66, 336.45;2, 15828, 100, 255.60;3, 15818, 100, 118.08
1788000718,0, 16648, 100, 111.09;1, 16738, 0, 74.64;2, 16568, 0, 70.81;3, 15982, 100, 117.52
1788000723,0, 17086, 49, 205.41;1, 17088, 55, 321.65;2, 16886, 62, 275.61;3, 16206, 62, 184.76
1788000728,0, 16580, 0, 104.90;1, 16084, 0, 103.02;2, 15952, 0, 87.75;3, 15946, 0, 94.83
1788000733,0, 31370, 35, 228.54;1, 30866, 94, 262.35;2, 30874, 67, 226.09;3, 30864, 21, 242.46
1788000738,0, 31370, 69, 297.52;1, 30866, 65, 334.54;2, 30874, 71, 287.40;3, 30864, 70, 308.69
1788000743,0, 17576, 71, 202.34;1, 17004, 0, 135.80;2, 17066, 65, 125.85;3, 17070, 100, 133.95
1788000749,0, 31370, 68, 293.48;1, 30864, 63, 299.86;2, 30876, 67, 279.66;3, 30864, 67, 302.20
1788000754,0, 17196, 63, 326.82;1, 16446, 66, 308.38;2, 16688, 68, 303.88;3, 16690, 84, 308.18
1788000759,0, 17196, 0, 68.68;1, 16446, 0, 74.86;2, 16688, 100, 104.18;3, 16690, 100, 118.09
1788000764,0, 17196, 0, 68.12;1, 16446, 0, 74.33;2, 16688, 100, 103.38;3, 16690, 100, 117.71
1788000769,0, 17196, 0, 67.24;1, 16446, 0, 74.05;2, 16688, 100, 103.21;3, 16690, 100, 116.76
1788000774,0, 17196, 0, 14.50;1, 16446, 0, 13.98;2, 16688, 100, 103.11;3, 16690, 100, 116.46
1788000779,0, 17196, 100, 109.35;1, 16446, 0, 13.99;2, 16688, 100, 103.00;3, 16690, 100, 115.90
1788000784,0, 17196, 100, 108.51;1, 16446, 0, 14.05;2, 16688, 100, 102.87;3, 16690, 100, 115.41
1788000789,0, 17196, 100, 108.92;1, 16446, 0, 13.44;2, 16688, 100, 102.63;3, 16690, 100, 115.46
1788000794,0, 17550, 69, 285.88;1, 16968, 56, 280.68;2, 17036, 69, 271.39;3, 17040, 53, 289.61
1788000799,0, 16324, 100, 109.26;1, 30864, 64, 326.40;2, 15830, 100, 103.91;3, 15820, 100, 115.99
1788000804,0, 31370, 12, 223.46;1, 30864, 53, 276.07;2, 30874, 66, 236.97;3, 30866, 88, 252.54
1788000809,0, 31370, 69, 295.37;1, 30864, 65, 300.40;2, 30874, 68, 284.30;3, 30866, 70, 307.22
1788000814,0, 17532, 76, 183.32;1, 17026, 100, 163.33;2, 17022, 68, 118.68;3, 17026, 100, 139.20
1788000819,0, 31372, 66, 288.85;1, 30866, 64, 296.65;2, 30874, 67, 278.51;3, 30864, 67, 301.01
1788000825,0, 31372, 70, 331.26;1, 30866, 66, 304.04;2, 15828, 69, 285.57;3, 15818, 100, 267.14
1788000830,0, 17246, 100, 110.63;1, 16738, 100, 120.19;2, 16736, 100, 103.46;3, 16528, 0, 74.26
1788000835,0, 31370, 65, 266.96;1, 30864, 99, 298.25;2, 30876, 65, 310.63;3, 30864, 67, 286.18
1788000840,0, 16586, 100, 110.14;1, 16202, 76, 126.44;2, 16338, 100, 104.88;3, 16370, 70, 340.71
1788000845,0, 16586, 100, 109.40;1, 16202, 100, 106.65;2, 16338, 100, 103.11;3, 16370, 0, 74.29
1788000850,0, 29980, 28, 184.75;1, 29476, 33, 233.74;2, 29486, 56, 226.60;3, 29474, 70, 272.84
1788000855,0, 31370, 69, 325.22;1, 30866, 64, 297.43;2, 30876, 68, 311.11;3, 30864, 69, 304.67
1788000860,0, 16966, 0, 85.24;1, 16690, 0, 93.82;2, 16334, 0, 79.15;3, 16690, 100, 117.80
1788000865,0, 16966, 0, 65.83;1, 16690, 100, 118.91;2, 16334, 100, 73.46;3, 16690, 100, 116.79
1788000870,0, 16966, 0, 65.46;1, 16690, 100, 118.50;2, 16334, 100, 102.54;3, 16690, 100, 116.08
1788000875,0, 16966, 0, 28.28;1, 16690, 100, 117.92;2, 16334, 100, 102.54;3, 16690, 100, 115.54
1788000880,0, 16966, 0, 13.17;1, 16690, 100, 117.99;2, 16334, 100, 102.41;3, 16690, 100, 114.85
1788000885,0, 16966, 0, 12.92;1, 16690, 100, 117.79;2, 16334, 100, 102.07;3, 16690, 100, 114.54
1788000890,0, 16966, 0, 12.56;1, 16690, 100, 117.85;2, 16334, 100, 101.67;3, 16690, 100, 114.20
1788000896,0, 16966, 0, 12.55;1, 16690, 100, 116.87;2, 16334, 100, 101.92;3, 16690, 100, 114.12
1788000901,0, 16966, 0, 12.62;1, 16690, 100, 117.00;2, 16334, 100, 101.72;3, 16690, 100, 113.96
1788000906,0, 16966, 0, 12.56;1, 16690, 100, 117.04;2, 16334, 100, 101.84;3, 16690, 100, 113.74
1788000911,0, 16966, 0, 12.23;1, 16690, 100, 116.79;2, 16334, 100, 101.32;3, 16690, 100, 113.59
1788000916,0, 16966, 0, 12.16;1, 16690, 100, 116.39;2, 16334, 100, 101.46;3, 16690, 100, 113.54
1788000921,0, 16966, 0, 11.86;1, 16690, 100, 116.16;2, 16334, 100, 101.00;3, 16690, 100, 113.23
1788000926,0, 16966, 0, 11.74;1, 16690, 100, 116.08;2, 16334, 100, 101.22;3, 16690, 100, 113.41
1788000931,0, 16966, 0, 11.77;1, 16690, 100, 116.22;2, 16334, 100, 101.21;3, 16690, 100, 113.32
1788000936,0, 16966, 0, 11.62;1, 16690, 100, 116.33;2, 16334, 100, 101.11;3, 16690, 100, 113.09
1788000941,0, 16966, 0, 11.92;1, 16690, 100, 116.24;2, 16334, 100, 100.95;3, 16690, 100, 113.40
1788000946,0, 16966, 0, 11.98;1, 16690, 100, 115.87;2, 16334, 100, 101.02;3, 16690, 100, 113.39
1788000951,0, 16966, 0, 11.72;1, 16690, 100, 116.21;2, 16334, 100, 100.46;3, 16690, 100, 113.02
1788000956,0, 16966, 0, 11.45;1, 16690, 100, 116.32;2, 16334, 100, 100.69;3, 16690, 100, 113.05
1788000961,0, 16966, 0, 11.54;1, 16690, 100, 115.97;2, 16334, 100, 100.30;3, 16690, 100, 112.95
1788000966,0, 16966, 0, 11.45;1, 16690, 100, 116.19;2, 16334, 100, 100.94;3, 16690, 100, 112.85
1788000972,0, 16966, 0, 11.82;1, 16690, 100, 116.39;2, 16334, 100, 100.55;3, 16690, 100, 112.58
1788000977,0, 16966, 0, 11.37;1, 16690, 100, 116.30;2, 16334, 100, 100.49;3, 16690, 100, 112.43
1788000982,0, 17508, 61, 282.00;1, 17040, 57, 285.18;2, 16792, 71, 242.45;3, 17044, 56, 305.02
1788000987,0, 31372, 67, 279.58;1, 30864, 65, 295.38;2, 30874, 70, 277.29;3, 30866, 67, 300.16
1788000992,0, 17182, 0, 132.60;1, 16676, 0, 97.40;2, 16672, 0, 92.67;3, 16676, 100, 147.81
1788000997,0, 17182, 0, 60.87;1, 16676, 100, 117.24;2, 16672, 100, 101.61;3, 16676, 100, 113.24
1788001002,0, 16324, 100, 103.94;1, 15818, 100, 240.67;2, 30874, 65, 276.61;3, 30864, 68, 296.84
1788001007,0, 16324, 100, 103.32;1, 15818, 100, 117.41;2, 30874, 70, 311.13;3, 30864, 70, 304.07
1788001012,0, 31370, 80, 246.75;1, 30866, 64, 241.38;2, 30874, 68, 267.87;3, 30864, 67, 282.81
1788001017,0, 31370, 68, 284.66;1, 30866, 65, 328.49;2, 30874, 70, 279.83;3, 30864, 69, 305.62
1788001022,0, 17196, 100, 103.22;1, 16690, 100, 117.58;2, 16686, 0, 66.91;3, 16690, 0, 84.99
1788001027,0, 31372, 64, 284.81;1, 30864, 57, 296.60;2, 30874, 19, 241.26;3, 30864, 54, 264.22
1788001032,0, 31372, 68, 287.41;1, 30864, 65, 296.79;2, 30874, 67, 277.88;3, 30864, 68, 302.38
1788001037,0, 17182, 100, 105.20;1, 16676, 100, 117.82;2, 16672, 0, 77.65;3, 16676, 100, 111.62
1788001043,0, 17532, 66, 270.70;1, 17026, 51, 283.39;2, 17022, 69, 274.59;3, 17026, 80, 292.24
1788001048,0, 16324, 100, 106.11;1, 15818, 100, 117.89;2, 15828, 100, 102.37;3, 30864, 70, 320.36
1788001053,0, 16746, 33, 169.02;1, 16142, 26, 168.39;2, 16186, 55, 166.04;3, 17088, 78, 326.40
1788001058,0, 31370, 66, 284.32;1, 30864, 64, 293.65;2, 30874, 68, 277.39;3, 30864, 69, 301.75
1788001063,0, 17182, 0, 231.89;1, 16676, 0, 211.35;2, 16674, 100, 182.87;3, 16676, 0, 182.73
1788001068,0, 17182, 100, 105.92;1, 16676, 0, 73.23;2, 16674, 100, 102.65;3, 16676, 0, 74.10
1788001073,0, 31372, 66, 283.39;1, 30864, 63, 314.75;2, 30878, 66, 275.20;3, 30864, 67, 298.67
1788001078,0, 16326, 100, 107.11;1, 30864, 65, 329.47;2, 30878, 69, 281.72;3, 30864, 70, 337.94
1788001083,0, 31372, 25, 248.49;1, 30864, 63, 290.04;2, 30876, 67, 267.05;3, 30864, 99, 289.56
1788001088,0, 31372, 67, 287.63;1, 30864, 66, 301.07;2, 30876, 70, 284.26;3, 30864, 70, 309.01
1788001093,0, 17576, 0, 160.55;1, 17070, 59, 178.51;2, 17066, 78, 210.96;3, 17070, 78, 225.23
1788001098,0, 16324, 100, 108.87;1, 15818, 100, 121.76;2, 30874, 69, 281.69;3, 15818, 100, 118.60
1788001103,0, 31370, 71, 229.56;1, 30864, 62, 284.23;2, 30874, 66, 249.81;3, 30866, 79, 265.40
1788001108,0, 31370, 68, 302.14;1, 30864, 66, 333.03;2, 15828, 68, 285.63;3, 30866, 69, 337.36
1788001114,0, 17198, 0, 66.25;1, 16692, 100, 119.92;2, 16368, 0, 69.07;3, 16692, 0, 74.43
1788001119,0, 25534, 69, 279.98;1, 29474, 55, 292.32;2, 29484, 54, 230.46;3, 29478, 57, 277.07
1788001124,0, 31370, 67, 290.83;1, 30864, 64, 298.50;2, 30874, 68, 300.09;3, 30868, 69, 305.49
1788001129,0, 17182, 100, 109.00;1, 16676, 0, 88.59;2, 16674, 0, 84.43;3, 16676, 0, 91.23
1788001134,0, 17532, 54, 292.42;1, 17026, 56, 285.31;2, 17026, 70, 285.20;3, 17026, 81, 303.42
1788001139,0, 20698, 21, 137.10;1, 23280, 24, 150.56;2, 24480, 38, 134.37;3, 24052, 19, 147.48
1788001144,0, 31370, 67, 321.78;1, 30864, 65, 329.99;2, 15828, 100, 119.78;3, 15818, 100, 115.60
1788001149,0, 17228, 0, 84.59;1, 16722, 0, 93.66;2, 16154, 100, 83.74;3, 16048, 0, 93.16
1788001154,0, 17576, 67, 306.17;1, 17074, 63, 338.10;2, 16594, 51, 214.11;3, 16418, 38, 207.32
1788001159,0, 31372, 67, 324.19;1, 30864, 65, 300.44;2, 30874, 69, 283.91;3, 30864, 68, 302.88
1788001164,0, 16750, 100, 109.61;1, 16676, 0, 99.09;2, 16672, 0, 85.55;3, 16676, 100, 111.68
1788001169,0, 31370, 64, 288.78;1, 30866, 64, 299.79;2, 30874, 67, 287.95;3, 30864, 67, 326.12
1788001174,0, 31370, 68, 325.30;1, 30866, 66, 304.46;2, 30874, 70, 314.69;3, 30864, 70, 338.95
1788001180,0, 17576, 58, 309.89;1, 17070, 64, 317.93;2, 17030, 81, 299.48;3, 17070, 73, 321.89
1788001185,0, 31370, 66, 293.40;1, 30864, 64, 299.68;2, 30874, 69, 285.19;3, 30864, 68, 304.52
1788001190,0, 17182, 100, 155.32;1, 16676, 84, 227.40;2, 16672, 0, 134.94;3, 16676, 100, 155.55
1788001195,0, 31370, 12, 268.86;1, 30864, 61, 305.09;2, 30876, 72, 257.50;3, 30864, 60, 272.93
1788001200,0, 16324, 100, 125.59;1, 15818, 100, 122.59;2, 30876, 69, 285.11;3, 30864, 70, 340.27
1788001205,0, 16722, 0, 79.73;1, 16298, 0, 74.53;2, 16722, 0, 76.59;3, 16726, 100, 119.28
1788001210,0, 16722, 0, 68.17;1, 16298, 100, 120.38;2, 16722, 100, 102.63;3, 16726, 100, 118.61
1788001215,0, 17134, 65, 258.63;1, 16548, 53, 254.63;2, 17070, 72, 318.97;3, 17074, 84, 349.06
1788001220,0, 31370, 68, 294.14;1, 30864, 65, 303.19;2, 30876, 69, 285.78;3, 30864, 69, 305.69
1788001225,0, 17244, 100, 111.82;1, 16738, 100, 121.67;2, 16736, 100, 99.37;3, 16738, 0, 96.27
1788001230,0, 31372, 65, 278.57;1, 30864, 63, 302.70;2, 30876, 68, 283.00;3, 30866, 68, 334.99
1788001235,0, 31372, 69, 299.70;1, 30864, 65, 334.66;2, 15830, 100, 105.82;3, 15820, 100, 119.05
1788001240,0, 17578, 27, 292.40;1, 17072, 59, 297.74;2, 16532, 63, 198.82;3, 16714, 56, 233.76
1788001245,0, 16388, 67, 326.73;1, 15874, 65, 289.58;2, 15828, 100, 104.59;3, 15840, 100, 117.56
1788001251,0, 17116, 28, 230.32;1, 16590, 42, 234.12;2, 16056, 22, 149.39;3, 16248, 61, 186.50
1788001256,0, 16624, 0, 94.08;1, 16118, 0, 100.28;2, 16054, 0, 84.19;3, 16066, 0, 92.82
1788001261,0, 16624, 0, 67.23;1, 16118, 0, 73.97;2, 16054, 0, 67.33;3, 16066, 0, 73.09
1788001266,0, 16624, 0, 66.54;1, 16118, 0, 73.82;2, 16054, 0, 66.33;3, 16066, 0, 72.69
1788001271,0, 16624, 0, 66.10;1, 16118, 0, 70.69;2, 16054, 0, 54.38;3, 16066, 0, 71.50
1788001276,0, 16624, 0, 13.01;1, 16118, 0, 13.15;2, 16054, 0, 13.21;3, 16066, 0, 15.12
1788001281,0, 16624, 0, 13.25;1, 16118, 100, 116.59;2, 16054, 100, 63.50;3, 16066, 0, 15.13
1788001286,0, 16624, 0, 13.05;1, 16118, 100, 116.92;2, 16054, 100, 101.30;3, 16066, 0, 14.58
1788001291,0, 16624, 0, 12.49;1, 16118, 100, 116.14;2, 16054, 100, 101.34;3, 16066, 0, 14.07
1788001296,0, 16624, 0, 12.58;1, 16118, 100, 116.81;2, 16054, 100, 101.28;3, 16066, 0, 13.97
1788001301,0, 16624, 0, 12.37;1, 16118, 100, 116.24;2, 16054, 100, 101.15;3, 16066, 0, 13.85
1788001306,0, 16624, 100, 104.04;1, 16118, 100, 115.89;2, 16054, 100, 100.91;3, 16066, 0, 13.83
1788001311,0, 16624, 100, 103.58;1, 16118, 100, 115.76;2, 16054, 100, 101.42;3, 16066, 0, 13.30
1788001316,0, 16624, 100, 103.86;1, 16118, 100, 116.19;2, 16054, 100, 101.06;3, 16066, 0, 13.14
1788001321,0, 16624, 100, 104.17;1, 16118, 100, 115.68;2, 16054, 100, 100.75;3, 16066, 0, 13.01
1788001327,0, 16624, 100, 103.97;1, 16118, 100, 116.13;2, 16054, 100, 101.00;3, 16066, 0, 13.21
1788001332,0, 16624, 100, 104.09;1, 16118, 100, 115.92;2, 16054, 100, 100.95;3, 16066, 0, 13.02
1788001337,0, 16624, 100, 104.11;1, 16118, 100, 116.07;2, 16054, 100, 101.11;3, 16066, 0, 12.99
1788001342,0, 16624, 100, 104.28;1, 16118, 100, 115.88;2, 16054, 100, 101.06;3, 16066, 0, 12.48
1788001347,0, 16624, 100, 104.52;1, 16118, 100, 116.02;2, 16054, 100, 100.74;3, 16066, 0, 12.63
1788001352,0, 16624, 100, 104.46;1, 16118, 100, 115.31;2, 16054, 100, 100.16;3, 16066, 0, 12.73
1788001357,0, 16624, 100, 103.94;1, 16118, 100, 115.28;2, 16054, 100, 100.32;3, 16066, 0, 12.68
1788001362,0, 16624, 100, 103.84;1, 16118, 100, 115.47;2, 16054, 100, 100.88;3, 16066, 0, 12.64
1788001367,0, 16624, 100, 104.07;1, 16118, 100, 115.85;2, 16054, 100, 100.59;3, 16066, 0, 12.36
1788001372,0, 16624, 100, 104.23;1, 16118, 100, 115.72;2, 16054, 100, 100.61;3, 16066, 0, 12.65
1788001377,0, 16624, 100, 103.89;1, 16118, 100, 115.83;2, 16054, 100, 100.74;3, 16066, 0, 11.97
1788001382,0, 16624, 100, 104.04;1, 16118, 100, 115.40;2, 16054, 100, 100.75;3, 16066, 0, 11.92
1788001387,0, 16624, 100, 103.28;1, 16118, 100, 115.07;2, 16054, 100, 100.63;3, 16066, 0, 11.65
1788001392,0, 16624, 100, 102.94;1, 16118, 100, 115.13;2, 16054, 100, 100.28;3, 16066, 0, 11.80
1788001397,0, 16624, 100, 103.19;1, 16118, 100, 114.56;2, 16054, 100, 100.48;3, 16066, 0, 12.39
1788001402,0, 16992, 50, 223.63;1, 16486, 43, 238.44;2, 16476, 60, 202.39;3, 16452, 42, 216.43
1788001408,0, 31370, 68, 284.80;1, 30864, 64, 291.73;2, 30874, 68, 275.50;3, 30866, 67, 290.67
1788001413,0, 17196, 100, 91.06;1, 16690, 0, 94.33;2, 16686, 100, 99.37;3, 16690, 0, 85.75
1788001418,0, 17196, 100, 104.31;1, 16690, 100, 115.39;2, 16686, 100, 100.38;3, 16690, 0, 67.94
1788001423,0, 31370, 67, 282.81;1, 30864, 65, 290.12;2, 30874, 66, 270.77;3, 30864, 68, 290.54
1788001428,0, 16324, 100, 105.30;1, 30864, 66, 298.06;2, 30874, 68, 306.65;3, 15818, 100, 108.31
1788001433,0, 16632, 0, 62.99;1, 16738, 0, 73.32;2, 16736, 0, 64.92;3, 16280, 0, 68.75
1788001438,0, 16632, 100, 104.34;1, 16738, 100, 116.33;2, 16736, 100, 101.01;3, 16280, 0, 68.02
1788001443,0, 17050, 47, 203.39;1, 17088, 68, 309.20;2, 17084, 49, 287.26;3, 16696, 57, 241.64
1788001448,0, 31370, 67, 282.12;1, 30864, 64, 292.68;2, 30876, 67, 305.98;3, 15818, 100, 108.53
1788001453,0, 16890, 0, 86.47;1, 16224, 0, 94.85;2, 16206, 0, 80.15;3, 15956, 0, 96.69
1788001458,0, 16324, 89, 252.01;1, 30864, 63, 262.49;2, 30876, 66, 249.71;3, 30864, 67, 269.85
1788001463,0, 16324, 100, 105.10;1, 15818, 100, 116.94;2, 30876, 68, 304.15;3, 30864, 68, 328.06
1788001468,0, 16408, 100, 105.25;1, 16334, 0, 74.59;2, 16424, 100, 101.76;3, 16890, 100, 111.19
1788001473,0, 31370, 66, 313.88;1, 30864, 64, 292.24;2, 30874, 67, 276.27;3, 30866, 67, 293.06
1788001479,0, 16324, 100, 105.91;1, 30864, 66, 300.88;2, 30874, 69, 280.30;3, 15820, 70, 334.87
1788001484,0, 17178, 47, 225.27;1, 17072, 61, 304.49;2, 17068, 72, 268.53;3, 17072, 62, 304.44
1788001489,0, 16598, 59, 157.21;1, 16092, 22, 168.90;2, 16088, 27, 151.05;3, 16212, 46, 181.60
1788001494,0, 31372, 67, 286.89;1, 30866, 64, 295.46;2, 30874, 69, 280.69;3, 30864, 69, 332.59
1788001499,0, 17208, 100, 98.85;1, 16702, 100, 117.28;2, 16700, 0, 85.00;3, 16702, 100, 114.33
1788001504,0, 31370, 67, 278.16;1, 30866, 63, 293.54;2, 30876, 99, 269.48;3, 30864, 68, 282.36
1788001509,0, 31370, 69, 328.38;1, 30866, 64, 297.82;2, 30876, 71, 285.11;3, 30864, 71, 306.60
1788001514,0, 17228, 0, 65.38;1, 16720, 100, 119.08;2, 16718, 0, 74.14;3, 16720, 0, 75.21
1788001519,0, 17576, 83, 320.43;1, 17070, 63, 304.82;2, 17066, 54, 300.55;3, 17070, 79, 327.12
1788001524,0, 31370, 67, 288.70;1, 30866, 63, 292.39;2, 30876, 68, 301.83;3, 30866, 68, 331.10
1788001529,0, 17196, 100, 208.29;1, 16690, 64, 323.16;2, 16688, 0, 157.41;3, 16250, 100, 144.67
1788001534,0, 17196, 100, 106.37;1, 16690, 0, 76.58;2, 16688, 0, 67.17;3, 16250, 100, 113.91
1788001539,0, 17196, 100, 105.79;1, 16690, 100, 117.36;2, 16688, 0, 66.07;3, 16250, 100, 113.98
1788001544,0, 17196, 100, 105.66;1, 16690, 100, 117.31;2, 16688, 0, 65.51;3, 16250, 100, 113.21
1788001549,0, 17550, 71, 278.25;1, 17044, 63, 292.47;2, 17040, 75, 276.21;3, 16722, 67, 249.78
1788001555,0, 31370, 68, 286.31;1, 30864, 66, 294.90;2, 30876, 67, 275.20;3, 30864, 69, 297.89
1788001560,0, 17226, 0, 89.42;1, 16720, 0, 96.99;2, 16718, 0, 84.46;3, 16720, 100, 109.88
1788001565,0, 31370, 65, 284.55;1, 30864, 63, 308.41;2, 30876, 68, 275.18;3, 30864, 67, 294.94
1788001570,0, 31370, 67, 316.43;1, 30864, 66, 294.70;2, 15830, 100, 145.97;3, 15818, 100, 115.78
1788001575,0, 17578, 61, 280.06;1, 17072, 60, 303.43;2, 16774, 66, 245.39;3, 16764, 50, 260.14
1788001580,0, 31370, 65, 288.30;1, 30864, 65, 330.49;2, 30874, 68, 279.62;3, 30864, 69, 303.27
1788001585,0, 17200, 0, 92.68;1, 16694, 100, 116.93;2, 16690, 95, 135.98;3, 16694, 0, 110.89
1788001590,0, 31370, 36, 272.19;1, 30864, 64, 295.09;2, 30874, 67, 263.64;3, 30864, 99, 291.73
1788001595,0, 31370, 68, 311.35;1, 30864, 65, 299.66;2, 30874, 69, 281.83;3, 30864, 71, 308.42
1788001600,0, 17532, 66, 283.68;1, 17026, 43, 291.55;2, 17022, 79, 269.03;3, 17026, 62, 275.48
1788001605,0, 16324, 69, 202.93;1, 30864, 64, 299.54;2, 30874, 67, 281.02;3, 30864, 69, 314.39
1788001610,0, 16576, 0, 120.16;1, 16280, 0, 136.98;2, 16672, 0, 151.97;3, 16442, 0, 143.70
1788001615,0, 16576, 0, 67.12;1, 16280, 0, 74.34;2, 16672, 100, 102.97;3, 16442, 100, 116.19
1788001620,0, 16576, 0, 66.74;1, 16280, 100, 120.22;2, 16672, 100, 103.03;3, 16442, 100, 116.08
1788001626,0, 16576, 0, 65.44;1, 16280, 100, 119.37;2, 16672, 100, 102.92;3, 16442, 100, 115.80
1788001631,0, 16576, 0, 13.13;1, 16280, 100, 118.76;2, 16672, 100, 102.51;3, 16442, 100, 115.19
1788001636,0, 16576, 0, 12.82;1, 16280, 100, 118.23;2, 16672, 100, 102.35;3, 16442, 100, 114.86
1788001641,0, 16576, 0, 12.77;1, 16280, 100, 117.42;2, 16672, 100, 102.02;3, 16442, 100, 114.14
1788001646,0, 16576, 0, 12.76;1, 16280, 100, 117.16;2, 16672, 100, 102.00;3, 16442, 100, 114.25
1788001651,0, 16576, 0, 12.52;1, 16280, 100, 116.62;2, 16672, 100, 102.00;3, 16442, 100, 114.14
1788001656,0, 16576, 0, 12.31;1, 16280, 100, 116.85;2, 16672, 100, 101.51;3, 16442, 100, 113.18
1788001661,0, 16576, 0, 12.09;1, 16280, 100, 115.97;2, 16672, 100, 101.63;3, 16442, 100, 112.73
1788001666,0, 16576, 0, 11.86;1, 16280, 100, 116.08;2, 16672, 100, 101.24;3, 16442, 100, 112.39
1788001671,0, 16576, 0, 11.93;1, 16280, 100, 116.71;2, 16672, 100, 101.04;3, 16442, 100, 111.87
1788001676,0, 16576, 0, 11.79;1, 16280, 100, 115.60;2, 16672, 100, 100.51;3, 16442, 100, 112.32
1788001681,0, 16576, 0, 11.72;1, 16280, 100, 115.92;2, 16672, 100, 100.68;3, 16442, 100, 111.76
1788001686,0, 16576, 0, 11.55;1, 16280, 100, 115.40;2, 16672, 100, 100.47;3, 16442, 100, 112.17
1788001691,0, 16576, 0, 11.90;1, 16280, 100, 115.88;2, 16672, 100, 100.55;3, 16442, 100, 112.28
1788001696,0, 16576, 0, 11.87;1, 16280, 100, 115.78;2, 16672, 100, 100.33;3, 16442, 100, 111.96
1788001702,0, 16576, 0, 11.87;1, 16280, 100, 115.44;2, 16672, 100, 100.02;3, 16442, 100, 111.20
1788001707,0, 16576, 0, 11.87;1, 16280, 100, 115.17;2, 16672, 100, 100.13;3, 16442, 100, 111.46
1788001712,0, 16576, 0, 11.65;1, 16280, 100, 114.78;2, 16672, 100, 99.93;3, 16442, 100, 111.29
1788001717,0, 16576, 0, 11.47;1, 16280, 100, 115.17;2, 16672, 100, 100.01;3, 16442, 100, 111.44
1788001722,0, 16576, 0, 11.59;1, 16280, 100, 115.45;2, 16672, 100, 100.08;3, 16442, 100, 111.38
1788001727,0, 16576, 0, 11.50;1, 16280, 100, 114.61;2, 16672, 100, 100.31;3, 16442, 100, 111.29
1788001732,0, 16576, 0, 11.52;1, 16280, 100, 115.15;2, 16672, 100, 100.16;3, 16442, 100, 110.81
1788001737,0, 16966, 46, 181.13;1, 16776, 52, 251.46;2, 17022, 74, 278.44;3, 16956, 82, 285.31
1788001742,0, 31370, 65, 277.18;1, 30864, 64, 289.57;2, 30874, 68, 274.21;3, 30864, 68, 299.36
1788001747,0, 17228, 0, 88.89;1, 16722, 100, 108.64;2, 16718, 100, 95.99;3, 16722, 0, 91.11
1788001752,0, 31370, 66, 277.59;1, 30864, 64, 288.30;2, 30876, 69, 274.51;3, 30864, 67, 295.17
1788001757,0, 31370, 67, 283.73;1, 30864, 66, 295.40;2, 30876, 68, 277.69;3, 30864, 70, 302.98
1788001762,0, 29980, 24, 280.23;1, 29474, 56, 269.42;2, 29484, 64, 272.00;3, 29474, 72, 290.33
1788001767,0, 16324, 84, 187.31;1, 30864, 63, 293.41;2, 30874, 70, 279.68;3, 15818, 100, 114.89
1788001773,0, 17110, 44, 207.25;1, 17040, 41, 265.12;2, 17036, 61, 212.45;3, 16568, 46, 189.75
1788001778,0, 31370, 67, 283.90;1, 30864, 64, 294.91;2, 30874, 67, 275.12;3, 30864, 67, 295.87
1788001783,0, 17182, 28, 216.15;1, 16222, 100, 141.82;2, 16672, 73, 203.56;3, 16676, 0, 199.34
1788001788,0, 17182, 100, 104.94;1, 16222, 100, 118.00;2, 16672, 100, 102.50;3, 16676, 0, 72.75
1788001793,0, 17182, 100, 105.10;1, 16222, 100, 117.49;2, 16672, 100, 102.48;3, 16676, 0, 72.92
1788001798,0, 17182, 100, 104.89;1, 16222, 100, 117.19;2, 16672, 100, 102.37;3, 16676, 0, 72.21
1788001803,0, 17182, 100, 104.49;1, 16222, 100, 116.68;2, 16672, 100, 102.17;3, 16676, 0, 16.11
1788001808,0, 17182, 100, 104.19;1, 16222, 100, 116.44;2, 16672, 100, 101.53;3, 16676, 0, 15.14
1788001813,0, 17182, 100, 103.50;1, 16222, 100, 115.50;2, 16672, 100, 101.80;3, 16676, 0, 15.02
1788001818,0, 17182, 100, 103.58;1, 16222, 100, 115.53;2, 16672, 100, 101.51;3, 16676, 0, 14.61
1788001823,0, 17182, 100, 104.01;1, 16222, 100, 116.09;2, 16672, 100, 101.12;3, 16676, 0, 14.23
1788001828,0, 17182, 100, 103.43;1, 16222, 100, 115.45;2, 16672, 100, 100.75;3, 16676, 0, 13.98
1788001833,0, 17182, 100, 103.57;1, 16222, 100, 115.23;2, 16672, 100, 100.57;3, 16676, 0, 13.71
1788001838,0, 17536, 68, 259.98;1, 16676, 40, 219.81;2, 17022, 59, 261.07;3, 17026, 72, 277.08
1788001843,0, 16324, 67, 284.00;1, 30864, 64, 323.43;2, 30876, 68, 271.26;3, 30864, 67, 295.00
1788001848,0, 17096, 100, 97.18;1, 16976, 100, 121.79;2, 16986, 0, 84.12;3, 16980, 0, 96.65
1788001854,0, 31370, 67, 314.92;1, 30864, 63, 321.46;2, 30876, 69, 276.75;3, 30864, 67, 292.79
1788001859,0, 16324, 70, 319.45;1, 30864, 65, 324.54;2, 15830, 71, 284.03;3, 15818, 69, 295.50
1788001864,0, 17580, 81, 224.41;1, 17070, 100, 191.93;2, 17066, 73, 226.55;3, 17070, 84, 259.63
1788001869,0, 31370, 66, 283.50;1, 30864, 64, 292.17;2, 30874, 68, 277.15;3, 30864, 66, 295.65
1788001874,0, 17198, 68, 300.57;1, 16320, 35, 151.27;2, 16688, 69, 264.06;3, 16692, 89, 264.99
1788001879,0, 17552, 63, 277.08;1, 16800, 53, 256.13;2, 17038, 66, 257.79;3, 17042, 52, 286.58
1788001884,0, 31370, 66, 319.81;1, 15818, 100, 204.96;2, 30876, 70, 311.69;3, 15818, 100, 138.57
1788001889,0, 17244, 100, 107.25;1, 16174, 0, 87.77;2, 16736, 0, 83.54;3, 16158, 0, 86.35
1788001894,0, 31370, 65, 299.86;1, 30864, 62, 294.99;2, 30874, 67, 278.64;3, 30864, 67, 273.28
1788001899,0, 31370, 68, 325.23;1, 15818, 100, 118.04;2, 15828, 100, 103.40;3, 30864, 69, 335.57
1788001904,0, 17536, 58, 273.86;1, 16396, 33, 183.30;2, 16416, 40, 166.83;3, 17030, 79, 284.36
1788001909,0, 31370, 66, 288.86;1, 30864, 65, 296.40;2, 30874, 67, 279.45;3, 30864, 69, 333.40
1788001914,0, 17196, 0, 148.67;1, 16690, 0, 103.55;2, 16688, 0, 133.66;3, 16690, 0, 144.16
1788001919,0, 17546, 67, 196.35;1, 17040, 43, 277.36;2, 17040, 68, 215.11;3, 17040, 61, 238.51
1788001925,0, 31370, 68, 291.66;1, 30866, 63, 292.31;2, 30874, 66, 277.52;3, 30864, 67, 299.82
1788001930,0, 17196, 7, 228.76;1, 16690, 66, 287.84;2, 16688, 100, 194.00;3, 16690, 69, 242.34
1788001935,0, 17196, 100, 109.85;1, 16690, 100, 118.21;2, 16688, 100, 103.01;3, 16690, 0, 73.17
1788001940,0, 17396, 100, 109.03;1, 16890, 100, 117.75;2, 16888, 100, 102.73;3, 16890, 0, 73.02
1788001945,0, 16326, 100, 109.77;1, 15818, 100, 295.22;2, 30874, 66, 302.69;3, 15820, 100, 115.25
1788001950,0, 16592, 47, 126.23;1, 16202, 34, 156.23;2, 16744, 28, 168.30;3, 16054, 46, 134.72
1788001955,0, 31374, 67, 311.90;1, 30864, 63, 293.44;2, 30874, 67, 277.53;3, 30864, 68, 298.24
1788001960,0, 16644, 100, 128.35;1, 16692, 53, 318.24;2, 16412, 100, 123.32;3, 16360, 100, 115.65
1788001965,0, 31374, 60, 260.66;1, 30864, 62, 281.47;2, 30874, 68, 288.48;3, 30864, 67, 250.32
1788001970,0, 31374, 63, 321.48;1, 30864, 65, 328.13;2, 15828, 100, 227.96;3, 15818, 100, 115.60
1788001975,0, 16966, 0, 66.63;1, 16450, 0, 74.21;2, 16328, 0, 69.02;3, 16224, 0, 72.55
1788001980,0, 16966, 0, 64.98;1, 16450, 0, 73.73;2, 16328, 0, 67.69;3, 16224, 0, 72.50
1788001985,0, 16966, 0, 65.53;1, 16450, 0, 73.23;2, 16328, 0, 67.02;3, 16224, 0, 71.67
1788001990,0, 16966, 0, 13.98;1, 16450, 10, 69.09;2, 16328, 0, 15.37;3, 16224, 0, 31.75
1788001996,0, 16966, 0, 13.27;1, 16450, 100, 117.24;2, 16328, 0, 13.74;3, 16224, 100, 112.89
1788002001,0, 16966, 0, 12.66;1, 16450, 100, 117.07;2, 16328, 0, 12.67;3, 16224, 100, 112.57
1788002006,0, 16966, 0, 12.43;1, 16450, 100, 116.94;2, 16328, 0, 12.62;3, 16224, 100, 112.16
1788002011,0, 17508, 61, 272.02;1, 16984, 49, 235.81;2, 16780, 68, 228.92;3, 16672, 42, 226.65
1788002016,0, 31372, 67, 284.23;1, 30864, 63, 324.30;2, 30876, 68, 306.28;3, 30864, 67, 296.54
1788002021,0, 17182, 100, 243.80;1, 16558, 100, 152.48;2, 16278, 54, 124.57;3, 16676, 100, 187.27
1788002026,0, 17532, 70, 269.28;1, 16880, 50, 278.81;2, 16772, 63, 231.00;3, 17026, 62, 295.39
1788002031,0, 31372, 66, 286.44;1, 30864, 64, 291.60;2, 30874, 70, 279.23;3, 30864, 67, 297.56
1788002036,0, 17208, 92, 99.52;1, 16702, 0, 145.25;2, 16698, 0, 130.69;3, 16702, 0, 143.13
1788002041,0, 31370, 69, 281.27;1, 30864, 76, 279.09;2, 30874, 67, 269.33;3, 30864, 35, 286.27
1788002046,0, 16324, 68, 236.48;1, 15818, 100, 137.66;2, 30874, 70, 310.66;3, 30864, 68, 335.04
1788002051,0, 17192, 74, 230.64;1, 16530, 57, 216.70;2, 17068, 43, 289.26;3, 17072, 82, 296.63
1788002056,0, 31370, 67, 320.13;1, 15818, 100, 181.79;2, 30874, 68, 310.63;3, 30864, 69, 336.04
1788002061,0, 16928, 0, 96.55;1, 16168, 100, 117.04;2, 16248, 0, 77.46;3, 16722, 100, 116.50
1788002067,0, 31370, 65, 272.11;1, 30866, 37, 214.67;2, 30874, 15, 213.92;3, 30864, 63, 263.54
1788002072,0, 31370, 68, 291.24;1, 30866, 66, 302.73;2, 15828, 100, 278.46;3, 30864, 69, 306.98
1788002077,0, 17230, 100, 108.93;1, 16724, 0, 87.30;2, 16314, 100, 102.91;3, 16724, 0, 88.57
1788002082,0, 17580, 78, 338.25;1, 17074, 67, 352.17;2, 16776, 57, 252.41;3, 17074, 82, 333.43
1788002087,0, 31370, 67, 290.41;1, 30864, 63, 317.70;2, 30874, 69, 316.42;3, 30864, 67, 313.57
1788002092,0, 17208, 0, 93.08;1, 16702, 100, 101.77;2, 16700, 100, 97.68;3, 16702, 100, 100.10
1788002097,0, 31372, 66, 288.09;1, 30864, 62, 290.06;2, 30876, 68, 279.26;3, 30864, 67, 299.42
1788002102,0, 16326, 70, 308.55;1, 30864, 65, 329.45;2, 30876, 70, 287.72;3, 15818, 70, 339.86
1788002107,0, 16876, 100, 109.25;1, 16408, 100, 108.13;2, 16690, 0, 67.86;3, 16452, 0, 73.75
1788002112,0, 17364, 64, 258.03;1, 16918, 57, 278.26;2, 17038, 63, 269.40;3, 16974, 67, 290.38
1788002117,0, 31372, 68, 292.89;1, 30866, 64, 294.23;2, 30874, 70, 282.40;3, 30864, 69, 337.27
1788002122,0, 17228, 0, 152.16;1, 16720, 0, 117.53;2, 16718, 0, 136.72;3, 16722, 0, 141.53
1788002127,0, 17228, 0, 66.01;1, 16720, 100, 118.18;2, 16718, 100, 71.15;3, 16722, 100, 116.53
1788002132,0, 31370, 64, 294.16;1, 30864, 63, 288.51;2, 30876, 66, 276.19;3, 30864, 66, 301.43
1788002138,0, 31370, 67, 291.50;1, 30864, 65, 296.94;2, 30876, 70, 282.05;3, 30864, 70, 305.95
1788002143,0, 17198, 0, 66.67;1, 16692, 100, 119.20;2, 16690, 0, 67.21;3, 16692, 0, 73.58
1788002148,0, 31370, 84, 256.81;1, 30864, 55, 278.27;2, 30874, 60, 266.48;3, 30864, 67, 290.98
1788002153,0, 31370, 68, 294.45;1, 30864, 63, 295.86;2, 30874, 69, 282.31;3, 30864, 69, 304.35
1788002158,0, 17244, 100, 110.64;1, 16738, 100, 119.80;2, 16736, 0, 79.03;3, 16738, 0, 82.43
1788002163,0, 31370, 66, 283.17;1, 30864, 63, 297.86;2, 30874, 64, 273.02;3, 30864, 68, 285.16
1788002168,0, 31370, 68, 296.92;1, 30864, 65, 331.43;2, 30874, 70, 285.58;3, 30864, 70, 307.89
1788002173,0, 17226, 100, 111.28;1, 16722, 100, 119.94;2, 16718, 100, 103.05;3, 16720, 0, 76.62
1788002178,0, 17576, 58, 297.82;1, 17074, 63, 330.01;2, 17066, 67, 298.58;3, 17070, 75, 317.73
1788002183,0, 16324, 67, 315.52;1, 30864, 63, 293.42;2, 30874, 69, 281.89;3, 30866, 67, 302.00
1788002188,0, 16644, 0, 121.83;1, 16676, 0, 245.41;2, 16672, 0, 132.95;3, 16676, 0, 143.97
1788002193,0, 16644, 0, 65.77;1, 16676, 100, 107.79;2, 16672, 0, 67.25;3, 16676, 0, 73.49
1788002198,0, 16644, 0, 65.46;1, 16676, 100, 119.43;2, 16672, 0, 66.82;3, 16676, 0, 73.11
1788002203,0, 16944, 0, 65.09;1, 16878, 100, 118.70;2, 16884, 100, 102.28;3, 16896, 100, 114.89
1788002209,0, 31370, 65, 284.69;1, 30866, 63, 287.57;2, 30874, 67, 299.24;3, 30866, 66, 296.93
1788002214,0, 26964, 70, 326.31;1, 30866, 65, 297.51;2, 15828, 70, 289.99;3, 15820, 69, 240.14
1788002219,0, 31370, 65, 268.03;1, 30864, 64, 292.10;2, 30874, 53, 261.29;3, 30866, 67, 269.03
1788002224,0, 16324, 100, 109.15;1, 30864, 64, 329.51;2, 15828, 100, 103.45;3, 15820, 100, 116.37
1788002229,0, 16546, 0, 65.62;1, 16474, 100, 120.27;2, 15912, 0, 67.05;3, 15950, 100, 115.51
1788002234,0, 16912, 36, 177.17;1, 16772, 54, 267.39;2, 16142, 45, 149.49;3, 16222, 42, 182.19
1788002239,0, 31370, 67, 286.95;1, 30864, 64, 298.63;2, 30874, 68, 277.64;3, 30866, 70, 304.22
1788002244,0, 17228, 60, 255.58;1, 16722, 0, 252.25;2, 16718, 100, 202.96;3, 16722, 0, 160.34
1788002249,0, 31370, 74, 283.05;1, 30864, 69, 281.23;2, 30874, 61, 258.52;3, 30866, 21, 272.78
1788002254,0, 31370, 69, 297.67;1, 30864, 65, 302.27;2, 30874, 70, 285.08;3, 30866, 69, 309.27
1788002259,0, 17244, 0, 77.54;1, 16738, 0, 90.71;2, 16736, 0, 73.44;3, 16740, 0, 76.24
1788002264,0, 17244, 0, 66.00;1, 16738, 0, 74.01;2, 16736, 0, 68.20;3, 16740, 0, 72.43
1788002269,0, 17244, 0, 65.64;1, 16738, 0, 73.97;2, 16736, 0, 67.14;3, 16740, 0, 73.39
1788002274,0, 17244, 0, 27.36;1, 16738, 0, 52.02;2, 16736, 0, 34.47;3, 16740, 0, 33.36
1788002280,0, 17244, 0, 13.63;1, 16738, 0, 13.65;2, 16736, 0, 13.88;3, 16740, 0, 15.98
1788002285,0, 17244, 0, 13.12;1, 16738, 0, 13.93;2, 16736, 0, 13.20;3, 16740, 0, 16.03
1788002290,0, 17244, 0, 13.09;1, 16738, 100, 116.96;2, 16736, 0, 12.02;3, 16740, 0, 15.35
1788002295,0, 17244, 0, 12.62;1, 16738, 100, 116.29;2, 16736, 0, 11.14;3, 16740, 100, 53.40
1788002300,0, 23786, 75, 300.20;1, 29004, 21, 299.23;2, 29484, 72, 290.39;3, 29476, 88, 315.06
1788002305,0, 31370, 68, 287.25;1, 30866, 65, 295.17;2, 30874, 68, 276.35;3, 30866, 69, 315.77
1788002310,0, 17196, 0, 88.02;1, 16690, 44, 92.98;2, 16686, 0, 83.94;3, 16690, 0, 91.46
1788002315,0, 17196, 20, 82.62;1, 16690, 100, 116.90;2, 16686, 100, 101.33;3, 16690, 0, 71.09
1788002320,0, 17196, 100, 104.50;1, 16690, 100, 116.72;2, 16686, 100, 101.61;3, 16690, 0, 70.47
1788002325,0, 17196, 100, 104.15;1, 16690, 100, 116.54;2, 16686, 100, 101.00;3, 16690, 0, 54.96
1788002330,0, 31370, 97, 268.74;1, 30864, 61, 279.98;2, 30874, 67, 263.42;3, 30864, 64, 278.11
1788002335,0, 31370, 68, 287.62;1, 30864, 65, 294.74;2, 30874, 72, 282.54;3, 30864, 70, 301.77
1788002340,0, 17558, 46, 273.79;1, 17052, 60, 293.67;2, 17048, 63, 267.13;3, 17052, 74, 287.78
1788002346,0, 16324, 100, 216.80;1, 30864, 64, 294.66;2, 30876, 70, 286.04;3, 30864, 69, 318.15
1788002351,0, 16594, 0, 63.24;1, 16392, 51, 99.04;2, 16396, 0, 65.96;3, 16174, 0, 72.24
1788002356,0, 16594, 100, 105.17;1, 16392, 100, 116.85;2, 16396, 0, 65.08;3, 16174, 0, 71.69
1788002361,0, 16594, 100, 104.72;1, 16392, 100, 116.61;2, 16396, 0, 64.85;3, 16174, 0, 71.11
1788002366,0, 16594, 100, 105.18;1, 16392, 100, 116.71;2, 16396, 0, 29.99;3, 16174, 0, 17.43
1788002371,0, 16594, 100, 104.47;1, 16392, 100, 116.11;2, 16396, 0, 10.61;3, 16174, 0, 15.02
1788002376,0, 16594, 100, 104.58;1, 16392, 100, 116.26;2, 16396, 0, 11.16;3, 16174, 100, 111.21
1788002381,0, 16594, 100, 104.01;1, 16392, 100, 116.05;2, 16396, 0, 11.36;3, 16174, 100, 112.00
1788002386,0, 16996, 30, 182.82;1, 16668, 46, 241.12;2, 16682, 58, 224.59;3, 16586, 79, 230.59
1788002391,0, 16324, 100, 104.93;1, 15818, 100, 154.23;2, 30876, 70, 275.86;3, 15818, 93, 192.20
1788002396,0, 16432, 0, 83.08;1, 16104, 0, 94.84;2, 16674, 100, 101.01;3, 16162, 100, 112.64
1788002401,0, 16432, 0, 62.25;1, 16104, 0, 72.44;2, 16674, 100, 100.74;3, 16162, 100, 112.59
1788002406,0, 31372, 66, 267.28;1, 30866, 63, 306.75;2, 30874, 69, 279.09;3, 30864, 67, 285.55
1788002412,0, 31372, 68, 289.51;1, 30866, 65, 298.50;2, 30874, 70, 311.80;3, 30864, 70, 301.99
1788002417,0, 17196, 0, 63.64;1, 16690, 0, 73.54;2, 16688, 100, 93.19;3, 16690, 0, 71.93
1788002422,0, 17546, 76, 286.24;1, 17040, 56, 297.25;2, 17036, 65, 276.86;3, 17040, 80, 296.33
1788002427,0, 31370, 67, 297.06;1, 30864, 64, 327.37;2, 30874, 68, 308.90;3, 23402, 68, 300.93
1788002432,0, 17546, 57, 138.88;1, 17040, 0, 105.75;2, 17036, 100, 155.75;3, 16616, 37, 157.61
1788002437,0, 31370, 68, 286.68;1, 30866, 65, 294.77;2, 30874, 66, 275.50;3, 30864, 67, 297.25
1788002442,0, 16324, 71, 294.90;1, 30866, 66, 302.55;2, 15828, 72, 286.49;3, 15818, 73, 307.42
1788002447,0, 17576, 68, 294.21;1, 17070, 63, 323.62;2, 17066, 69, 300.02;3, 17070, 62, 323.62
1788002452,0, 31370, 68, 289.90;1, 30864, 66, 319.40;2, 30874, 69, 279.85;3, 30864, 70, 303.31
1788002457,0, 17228, 0, 89.71;1, 16722, 100, 107.91;2, 16718, 100, 94.17;3, 16722, 100, 115.27
1788002462,0, 31370, 66, 286.66;1, 30864, 63, 293.69;2, 30874, 68, 278.91;3, 30864, 68, 298.13
1788002467,0, 31370, 69, 325.86;1, 30864, 66, 301.90;2, 15828, 100, 102.50;3, 30864, 70, 309.94
1788002472,0, 17244, 0, 65.47;1, 16738, 100, 111.91;2, 16132, 100, 102.50;3, 16738, 0, 73.71
1788002477,0, 31370, 99, 275.36;1, 30866, 63, 292.36;2, 15830, 100, 208.13;3, 30864, 68, 290.06
1788002483,0, 16324, 100, 108.48;1, 28776, 66, 334.35;2, 15830, 100, 101.78;3, 15818, 100, 115.85
1788002488,0, 31370, 66, 288.85;1, 30864, 63, 298.14;2, 30876, 69, 294.31;3, 30864, 66, 310.48
1788002493,0, 31370, 70, 329.93;1, 30864, 66, 334.17;2, 30876, 70, 315.37;3, 15818, 100, 114.94
1788002498,0, 31370, 99, 301.06;1, 30864, 61, 300.07;2, 30874, 79, 282.86;3, 30864, 1, 223.64
1788002503,0, 31370, 68, 292.96;1, 30864, 65, 300.25;2, 30874, 70, 287.14;3, 30864, 70, 305.88
1788002508,0, 17214, 0, 84.18;1, 16708, 0, 84.58;2, 16704, 0, 79.55;3, 16708, 0, 86.05
1788002513,0, 17214, 0, 66.84;1, 16708, 0, 74.36;2, 16704, 100, 102.85;3, 16708, 0, 73.39
1788002518,0, 17214, 100, 109.46;1, 16708, 0, 74.09;2, 16704, 100, 102.80;3, 16708, 0, 72.88
1788002523,0, 17214, 100, 109.08;1, 16708, 0, 35.32;2, 16704, 100, 102.65;3, 16708, 100, 115.34
1788002528,0, 31370, 66, 298.33;1, 30864, 64, 288.28;2, 30874, 69, 296.62;3, 30864, 67, 287.61
1788002533,0, 31370, 69, 299.06;1, 30864, 66, 303.79;2, 30874, 71, 313.18;3, 30864, 70, 307.88
1788002538,0, 17228, 0, 67.45;1, 16722, 0, 74.55;2, 16438, 0, 67.65;3, 16722, 0, 73.46
1788002543,0, 17228, 0, 66.27;1, 16722, 0, 74.26;2, 16438, 0, 67.27;3, 16722, 0, 72.83
1788002548,0, 17228, 0, 66.04;1, 16722, 0, 73.98;2, 16438, 0, 66.21;3, 16722, 0, 72.93
1788002554,0, 17228, 0, 29.25;1, 16722, 0, 35.08;2, 16438, 0, 16.08;3, 16722, 0, 34.12
1788002559,0, 17228, 100, 106.52;1, 16722, 100, 118.09;2, 16438, 0, 12.28;3, 16722, 100, 113.94
1788002564,0, 17228, 100, 106.52;1, 16722, 100, 117.81;2, 16438, 0, 12.35;3, 16722, 100, 113.79
1788002569,0, 17228, 100, 106.62;1, 16722, 100, 117.57;2, 16438, 0, 12.13;3, 16722, 100, 113.29
1788002574,0, 17578, 69, 281.79;1, 17072, 64, 317.94;2, 16966, 52, 270.32;3, 17072, 63, 302.37
1788002579,0, 31370, 69, 321.52;1, 30864, 65, 294.72;2, 30874, 67, 277.92;3, 30864, 70, 333.39
1788002584,0, 17228, 0, 91.15;1, 16722, 0, 96.39;2, 16718, 0, 84.25;3, 16722, 0, 93.24
1788002589,0, 17534, 100, 107.48;1, 17028, 65, 157.96;2, 17024, 100, 101.53;3, 17040, 7, 72.34
1788002594,0, 31370, 65, 282.51;1, 30864, 63, 291.64;2, 30874, 67, 275.12;3, 30864, 66, 312.61
1788002599,0, 16324, 69, 324.02;1, 30864, 66, 329.47;2, 15828, 100, 278.07;3, 15818, 100, 113.86
1788002604,0, 31370, 71, 276.52;1, 30864, 19, 273.26;2, 30874, 63, 272.44;3, 30864, 81, 257.08
1788002609,0, 31370, 66, 322.74;1, 15818, 100, 118.93;2, 30874, 71, 312.38;3, 30864, 69, 305.56
1788002614,0, 17228, 100, 109.10;1, 16104, 0, 73.88;2, 16486, 0, 69.65;3, 16720, 0, 72.37
1788002619,0, 17228, 100, 107.54;1, 16104, 0, 73.53;2, 16486, 100, 102.19;3, 16720, 100, 113.89
1788002625,0, 17228, 100, 107.36;1, 16104, 0, 73.02;2, 16486, 100, 101.77;3, 16720, 100, 113.96
1788002630,0, 17228, 100, 107.21;1, 16104, 0, 32.31;2, 16486, 100, 101.72;3, 16720, 100, 113.75
1788002635,0, 17228, 100, 106.83;1, 16104, 0, 13.20;2, 16486, 100, 101.84;3, 16720, 100, 113.45
1788002640,0, 17228, 100, 106.09;1, 16104, 0, 13.18;2, 16486, 100, 101.56;3, 16720, 100, 113.23
1788002645,0, 17228, 100, 105.75;1, 16104, 0, 13.09;2, 16486, 100, 101.57;3, 16720, 100, 114.04
1788002650,0, 17228, 100, 105.84;1, 16104, 0, 12.89;2, 16486, 100, 101.78;3, 16720, 100, 113.28
1788002655,0, 17228, 100, 106.23;1, 16104, 0, 12.89;2, 16486, 100, 101.71;3, 16720, 100, 113.21
1788002660,0, 17228, 100, 105.63;1, 16104, 0, 12.69;2, 16486, 100, 101.76;3, 16720, 100, 113.23
1788002665,0, 17228, 100, 105.60;1, 16104, 0, 12.94;2, 16486, 100, 101.57;3, 16720, 100, 113.40
1788002670,0, 17228, 100, 105.44;1, 16104, 0, 12.66;2, 16486, 100, 101.17;3, 16720, 100, 113.41
1788002675,0, 17228, 100, 105.55;1, 16104, 0, 12.78;2, 16486, 100, 101.30;3, 16720, 100, 113.39
1788002680,0, 17228, 100, 105.01;1, 16104, 0, 12.61;2, 16486, 100, 101.41;3, 16720, 100, 112.90
1788002685,0, 17228, 100, 105.47;1, 16104, 0, 12.66;2, 16486, 100, 101.34;3, 16720, 100, 113.65
1788002690,0, 17576, 72, 208.24;1, 16514, 35, 106.79;2, 17002, 79, 203.87;3, 17070, 63, 231.03
1788002695,0, 31372, 67, 284.24;1, 30866, 64, 287.17;2, 30874, 69, 277.24;3, 30866, 68, 296.00
1788002701,0, 16940, 100, 177.74;1, 16386, 100, 156.24;2, 16736, 95, 287.42;3, 16738, 69, 302.49
1788002706,0, 16940, 100, 106.78;1, 16386, 0, 71.96;2, 16736, 100, 102.36;3, 16738, 100, 114.25
1788002711,0, 16940, 100, 106.53;1, 16386, 0, 72.03;2, 16736, 100, 101.98;3, 16738, 100, 114.52
1788002716,0, 16940, 100, 106.27;1, 16386, 0, 71.28;2, 16736, 100, 101.97;3, 16738, 100, 114.49
1788002721,0, 16940, 100, 105.96;1, 16386, 0, 12.70;2, 16736, 100, 101.91;3, 16738, 100, 114.10
1788002726,0, 31372, 99, 274.68;1, 30864, 54, 259.46;2, 30874, 74, 287.33;3, 30864, 6, 294.25
1788002731,0, 31372, 69, 325.58;1, 15818, 100, 114.78;2, 30874, 69, 311.65;3, 30864, 70, 333.54
1788002736,0, 17462, 69, 269.45;1, 16574, 36, 235.89;2, 16876, 52, 249.28;3, 16846, 64, 268.40
1788002741,0, 31372, 67, 290.64;1, 30864, 64, 290.11;2, 30874, 70, 280.45;3, 30864, 68, 299.74
1788002746,0, 17182, 0, 97.23;1, 16676, 0, 95.64;2, 16674, 0, 134.09;3, 16676, 0, 144.30
1788002751,0, 23218, 59, 289.38;1, 29002, 59, 301.59;2, 29484, 43, 268.91;3, 29474, 63, 272.74
1788002756,0, 31370, 67, 324.05;1, 15818, 100, 116.58;2, 15828, 100, 102.25;3, 15818, 100, 115.28
1788002761,0, 17532, 77, 284.88;1, 16174, 32, 159.83;2, 16124, 22, 146.37;3, 16228, 75, 168.56
1788002766,0, 16324, 100, 109.14;1, 15818, 65, 325.44;2, 15830, 100, 241.74;3, 15820, 100, 114.47
1788002772,0, 16662, 51, 161.27;1, 15926, 41, 225.90;2, 15914, 35, 194.17;3, 15882, 44, 164.85
1788002777,0, 16324, 100, 109.87;1, 30864, 63, 318.58;2, 30876, 69, 313.07;3, 15820, 100, 115.42
1788002782,0, 17072, 26, 202.79;1, 17092, 60, 231.42;2, 17088, 52, 271.07;3, 16508, 100, 163.07
1788002787,0, 31370, 66, 290.92;1, 30864, 64, 326.71;2, 30874, 70, 282.95;3, 30864, 68, 300.76
1788002792,0, 17226, 95, 284.02;1, 16722, 65, 329.01;2, 16718, 63, 236.47;3, 16720, 3, 256.31
1788002797,0, 31370, 7, 281.10;1, 30864, 68, 332.83;2, 30874, 51, 256.19;3, 30864, 88, 295.65
1788002802,0, 16324, 100, 276.33;1, 30864, 63, 323.79;2, 30874, 70, 285.91;3, 30864, 69, 338.65
1788002807,0, 17194, 25, 202.65;1, 17090, 70, 332.92;2, 17084, 61, 257.81;3, 17088, 77, 280.83
1788002812,0, 31370, 66, 321.20;1, 15818, 100, 121.39;2, 30874, 68, 311.52;3, 30864, 68, 327.01
1788002817,0, 17382, 100, 188.42;1, 16012, 0, 120.96;2, 16874, 69, 166.11;3, 16876, 100, 226.38
1788002822,0, 31370, 66, 289.38;1, 30864, 64, 293.88;2, 15830, 86, 269.00;3, 30864, 67, 305.76
1788002827,0, 31370, 20, 239.57;1, 30864, 75, 250.29;2, 30876, 68, 232.32;3, 30864, 34, 266.71
1788002832,0, 31370, 69, 298.41;1, 30864, 64, 298.44;2, 30876, 71, 287.52;3, 30864, 70, 310.43
1788002837,0, 17226, 0, 82.76;1, 16720, 0, 79.25;2, 16718, 0, 74.79;3, 16720, 0, 82.92
1788002843,0, 17226, 0, 67.11;1, 16720, 100, 118.85;2, 16718, 0, 68.46;3, 16720, 0, 73.97
1788002848,0, 17226, 0, 66.16;1, 16720, 100, 119.15;2, 16718, 0, 67.86;3, 16720, 0, 73.96
1788002853,0, 17226, 0, 30.19;1, 16720, 100, 118.80;2, 16718, 0, 35.20;3, 16720, 0, 36.75
1788002858,0, 17226, 100, 108.62;1, 16720, 100, 118.44;2, 16718, 0, 13.52;3, 16720, 100, 114.97
1788002863,0, 17226, 100, 107.93;1, 16720, 100, 117.92;2, 16718, 0, 13.74;3, 16720, 100, 115.28
1788002868,0, 17226, 100, 107.62;1, 16720, 100, 117.98;2, 16718, 0, 11.87;3, 16720, 100, 114.99
1788002873,0, 17226, 100, 107.64;1, 16720, 100, 118.18;2, 16718, 0, 12.91;3, 16720, 100, 114.98
1788002878,0, 31370, 94, 286.36;1, 30864, 63, 301.62;2, 30874, 72, 295.88;3, 30864, 67, 308.74
1788002883,0, 31370, 68, 292.18;1, 15818, 100, 118.75;2, 30874, 69, 312.83;3, 15818, 100, 115.64
1788002888,0, 17576, 73, 312.08;1, 16400, 35, 205.46;2, 17070, 73, 302.63;3, 16424, 44, 213.34
1788002893,0, 31370, 68, 293.30;1, 30864, 65, 298.27;2, 30874, 70, 282.30;3, 30866, 69, 305.27
1788002898,0, 17226, 51, 102.43;1, 16720, 100, 137.24;2, 16718, 0, 85.43;3, 16720, 100, 108.37
1788002903,0, 31370, 66, 307.88;1, 30864, 63, 284.62;2, 30874, 68, 286.64;3, 30864, 67, 302.26
1788002908,0, 31370, 66, 326.23;1, 15818, 65, 280.21;2, 15828, 100, 104.59;3, 30864, 69, 321.40
1788002913,0, 17582, 78, 284.95;1, 16832, 69, 284.28;2, 16468, 36, 181.01;3, 17072, 80, 302.35
1788002919,0, 31370, 67, 292.47;1, 30864, 65, 299.14;2, 30874, 69, 281.48;3, 30864, 67, 303.88
1788002924,0, 17244, 0, 156.81;1, 16738, 61, 249.27;2, 16736, 0, 196.88;3, 16738, 100, 189.56
1788002929,0, 17244, 0, 68.11;1, 16738, 100, 120.88;2, 16736, 0, 67.66;3, 16738, 0, 74.10
1788002934,0, 17244, 100, 111.91;1, 16738, 100, 119.69;2, 16736, 0, 67.08;3, 16738, 0, 73.71
1788002939,0, 17594, 59, 320.49;1, 17088, 56, 315.33;2, 17084, 74, 303.03;3, 17088, 83, 329.16
1788002944,0, 16744, 36, 159.95;1, 16176, 24, 147.90;2, 16208, 24, 159.68;3, 16514, 44, 208.40
1788002949,0, 31370, 68, 313.24;1, 30864, 63, 296.99;2, 30876, 68, 311.27;3, 30864, 68, 306.34
1788002954,0, 17228, 69, 331.99;1, 16722, 94, 300.10;2, 16718, 100, 169.85;3, 16722, 100, 173.11
1788002959,0, 31370, 83, 286.51;1, 30866, 63, 309.21;2, 30876, 76, 300.32;3, 30864, 68, 312.62
1788002964,0, 31370, 68, 298.82;1, 30866, 66, 303.11;2, 30876, 70, 287.76;3, 30864, 70, 310.01
1788002969,0, 17232, 0, 69.54;1, 16486, 0, 74.30;2, 16722, 0, 69.42;3, 16726, 0, 74.63
1788002974,0, 17232, 0, 68.94;1, 16486, 0, 74.35;2, 16722, 0, 67.96;3, 16726, 0, 74.17
1788002979,0, 17232, 0, 67.62;1, 16486, 0, 74.15;2, 16722, 100, 98.65;3, 16726, 0, 73.49
1788002984,0, 17232, 0, 29.37;1, 16486, 0, 34.37;2, 16722, 100, 102.71;3, 16726, 0, 36.87
1788002990,0, 17232, 0, 13.37;1, 16486, 0, 13.31;2, 16722, 100, 102.49;3, 16726, 0, 15.60
1788002995,0, 17232, 0, 13.10;1, 16486, 0, 13.50;2, 16722, 100, 102.17;3, 16726, 0, 15.11
1788003000,0, 17232, 0, 13.06;1, 16486, 0, 13.30;2, 16722, 100, 102.15;3, 16726, 0, 14.92
1788003005,0, 17232, 100, 44.52;1, 16486, 0, 13.45;2, 16722, 100, 102.12;3, 16726, 100, 113.28
1788003010,0, 31370, 67, 285.18;1, 30864, 64, 291.23;2, 30876, 69, 279.13;3, 30864, 67, 296.49
1788003015,0, 16692, 100, 107.68;1, 16138, 100, 118.18;2, 16178, 100, 102.66;3, 16186, 0, 84.59
1788003020,0, 16692, 100, 107.19;1, 16138, 100, 117.54;2, 16178, 100, 102.44;3, 16186, 0, 71.71
1788003025,0, 16692, 100, 106.54;1, 16138, 100, 117.28;2, 16178, 100, 102.31;3, 16186, 0, 71.46
1788003030,0, 16692, 100, 106.67;1, 16138, 100, 117.31;2, 16178, 100, 102.15;3, 16186, 0, 35.41
1788003035,0, 16692, 100, 106.40;1, 16138, 100, 117.17;2, 16178, 100, 102.29;3, 16186, 0, 14.87
1788003040,0, 29980, 57, 234.05;1, 29474, 44, 235.39;2, 29486, 21, 218.99;3, 29474, 49, 224.91
1788003045,0, 31370, 67, 290.92;1, 30864, 65, 328.58;2, 15830, 100, 102.72;3, 30864, 67, 329.87
1788003050,0, 16802, 51, 100.02;1, 16676, 0, 94.61;2, 16144, 100, 80.55;3, 16370, 0, 83.01
1788003055,0, 31384, 67, 299.92;1, 30876, 64, 293.77;2, 30886, 68, 283.58;3, 30876, 68, 314.28
1788003061,0, 16326, 100, 108.61;1, 30876, 65, 330.67;2, 15828, 100, 102.42;3, 30876, 69, 336.25
1788003066,0, 16782, 100, 112.53;1, 16466, 0, 73.99;2, 16280, 100, 99.23;3, 16726, 100, 115.75
1788003071,0, 31372, 65, 287.15;1, 30864, 62, 292.58;2, 30874, 68, 275.93;3, 30864, 66, 295.76
1788003076,0, 31372, 68, 299.00;1, 30864, 65, 299.05;2, 15828, 70, 230.29;3, 30864, 68, 321.58
1788003081,0, 17182, 100, 109.62;1, 16446, 100, 102.33;2, 16444, 0, 66.74;3, 16676, 0, 73.29
1788003086,0, 17182, 100, 108.57;1, 16446, 100, 119.45;2, 16444, 100, 102.58;3, 16676, 0, 72.71
1788003091,0, 31370, 66, 271.54;1, 30864, 63, 302.46;2, 30874, 67, 288.58;3, 30864, 67, 299.72
1788003096,0, 31370, 67, 324.81;1, 30864, 65, 329.55;2, 15828, 100, 102.74;3, 15818, 100, 142.91
1788003101,0, 17244, 0, 66.67;1, 16454, 100, 120.17;2, 16220, 0, 66.57;3, 16300, 100, 115.75
1788003106,0, 17244, 0, 66.11;1, 16454, 100, 119.39;2, 16220, 100, 102.58;3, 16300, 100, 115.76
1788003111,0, 17244, 0, 65.29;1, 16454, 100, 119.11;2, 16220, 100, 102.50;3, 16300, 100, 114.76
1788003116,0, 17244, 0, 14.39;1, 16454, 100, 119.37;2, 16220, 100, 102.31;3, 16300, 100, 114.60
1788003121,0, 17598, 79, 277.20;1, 16984, 49, 240.18;2, 16504, 44, 195.64;3, 16730, 77, 251.45
1788003126,0, 16326, 67, 233.45;1, 15818, 100, 119.93;2, 30874, 67, 277.14;3, 15818, 69, 301.36
1788003131,0, 16620, 0, 90.89;1, 15908, 100, 116.73;2, 16404, 0, 85.01;3, 16128, 0, 93.37
1788003137,0, 16880, 100, 133.12;1, 16118, 35, 143.79;2, 16900, 56, 174.02;3, 16546, 0, 134.28
1788003142,0, 31370, 67, 288.02;1, 30864, 65, 297.65;2, 30874, 67, 276.78;3, 30864, 69, 301.94
1788003147,0, 16324, 100, 259.98;1, 20110, 67, 303.43;2, 15828, 100, 102.52;3, 15818, 100, 115.80
1788003152,0, 31370, 66, 276.46;1, 30864, 14, 301.29;2, 30874, 87, 258.70;3, 30864, 66, 277.71
1788003157,0, 16324, 100, 213.06;1, 30864, 65, 331.92;2, 30874, 70, 281.80;3, 15818, 100, 114.76
1788003162,0, 16896, 100, 110.09;1, 16676, 0, 77.00;2, 16674, 100, 102.89;3, 16016, 100, 115.26
1788003167,0, 16896, 100, 109.32;1, 16676, 0, 73.96;2, 16674, 100, 102.79;3, 16016, 100, 115.16
1788003172,0, 31370, 65, 285.88;1, 30864, 63, 293.90;2, 30874, 67, 276.11;3, 30864, 67, 295.98
1788003177,0, 31370, 67, 293.55;1, 30864, 65, 301.99;2, 30874, 70, 300.36;3, 15818, 100, 218.65
1788003182,0, 17524, 32, 264.36;1, 17042, 54, 280.52;2, 16966, 65, 234.58;3, 16790, 66, 235.94
1788003187,0, 31370, 67, 293.41;1, 30864, 64, 299.26;2, 30874, 69, 279.94;3, 30866, 69, 325.23
1788003192,0, 17578, 100, 253.08;1, 17072, 32, 307.61;2, 17068, 48, 232.38;3, 17064, 87, 233.14
1788003197,0, 16324, 67, 292.38;1, 30866, 62, 297.75;2, 30874, 69, 313.20;3, 30864, 70, 339.68
1788003202,0, 16324, 100, 111.38;1, 30866, 66, 334.78;2, 15828, 100, 105.17;3, 15818, 71, 295.21
1788003208,0, 16524, 0, 67.47;1, 16722, 100, 121.65;2, 16352, 100, 103.07;3, 16722, 100, 117.18
1788003213,0, 16524, 0, 66.65;1, 16722, 100, 120.35;2, 16352, 100, 102.99;3, 16722, 100, 116.43
1788003218,0, 16524, 0, 65.78;1, 16722, 100, 120.39;2, 16352, 100, 102.96;3, 16722, 100, 116.34
1788003223,0, 16524, 0, 14.82;1, 16722, 100, 120.37;2, 16352, 100, 102.92;3, 16722, 100, 116.17
1788003228,0, 16524, 0, 13.45;1, 16722, 100, 120.28;2, 16352, 100, 102.54;3, 16722, 100, 116.25
1788003233,0, 16524, 0, 13.15;1, 16722, 100, 119.50;2, 16352, 100, 102.61;3, 16722, 100, 116.09
1788003238,0, 16524, 0, 12.91;1, 16722, 100, 119.10;2, 16352, 100, 102.33;3, 16722, 100, 115.24
1788003243,0, 16524, 0, 12.89;1, 16722, 100, 118.59;2, 16352, 100, 102.35;3, 16722, 100, 115.00
1788003248,0, 16524, 0, 12.84;1, 16722, 100, 118.58;2, 16352, 100, 102.16;3, 16722, 100, 114.83
1788003253,0, 16524, 0, 12.28;1, 16722, 100, 118.22;2, 16352, 100, 102.25;3, 16722, 100, 114.63
1788003258,0, 16524, 0, 12.41;1, 16722, 100, 118.21;2, 16352, 100, 102.18;3, 16722, 100, 114.14
1788003263,0, 16524, 0, 12.39;1, 16722, 100, 118.21;2, 16352, 100, 102.03;3, 16722, 100, 113.92
1788003268,0, 16524, 0, 12.15;1, 16722, 100, 117.71;2, 16352, 100, 102.04;3, 16722, 100, 114.23
1788003273,0, 16524, 0, 12.04;1, 16722, 100, 117.56;2, 16352, 100, 101.96;3, 16722, 100, 113.91
1788003278,0, 16524, 0, 12.04;1, 16722, 100, 116.68;2, 16352, 100, 101.73;3, 16722, 100, 114.12
1788003284,0, 16524, 0, 11.85;1, 16722, 100, 117.27;2, 16352, 100, 101.47;3, 16722, 100, 113.69
1788003289,0, 16524, 0, 11.80;1, 16722, 100, 116.49;2, 16352, 100, 101.71;3, 16722, 100, 113.45
1788003294,0, 16524, 0, 12.07;1, 16722, 100, 117.01;2, 16352, 100, 101.63;3, 16722, 100, 113.66
1788003299,0, 16524, 0, 12.12;1, 16722, 100, 117.06;2, 16352, 100, 101.36;3, 16722, 100, 112.97
1788003304,0, 16524, 0, 12.11;1, 16722, 100, 116.49;2, 16352, 100, 101.55;3, 16722, 100, 113.72
1788003309,0, 16524, 0, 11.90;1, 16722, 100, 116.68;2, 16352, 100, 101.38;3, 16722, 100, 113.17
1788003314,0, 16524, 0, 11.98;1, 16722, 100, 116.86;2, 16352, 100, 101.11;3, 16722, 100, 113.35
1788003319,0, 16524, 0, 12.01;1, 16722, 100, 116.61;2, 16352, 100, 101.20;3, 16722, 100, 112.98
1788003324,0, 16524, 0, 11.87;1, 16722, 100, 116.31;2, 16352, 100, 101.35;3, 16722, 100, 112.73
1788003329,0, 16770, 49, 172.27;1, 17074, 66, 319.18;2, 16614, 77, 219.87;3, 17074, 78, 292.73
1788003334,0, 16502, 0, 184.62;1, 15882, 100, 121.05;2, 15986, 3, 104.83;3, 15926, 0, 115.11
1788003339,0, 31370, 66, 309.17;1, 30866, 64, 312.35;2, 30874, 68, 305.89;3, 30864, 66, 301.34
1788003344,0, 31370, 68, 316.03;1, 30866, 66, 298.76;2, 30874, 69, 311.90;3, 15818, 100, 117.39
1788003349,0, 17598, 71, 275.87;1, 17088, 63, 246.75;2, 17088, 75, 286.32;3, 16816, 75, 256.61
1788003354,0, 31372, 67, 282.21;1, 30866, 64, 292.20;2, 30874, 68, 276.38;3, 30864, 69, 301.07
1788003360,0, 17228, 67, 229.16;1, 16722, 65, 285.18;2, 16718, 93, 215.32;3, 16722, 100, 202.07
1788003365,0, 31372, 61, 275.65;1, 30866, 47, 278.29;2, 30874, 24, 257.50;3, 28988, 62, 282.58
1788003370,0, 16326, 100, 106.11;1, 30866, 65, 319.91;2, 15828, 100, 223.57;3, 15818, 100, 114.68
1788003375,0, 16432, 100, 105.17;1, 16740, 0, 90.24;2, 16348, 0, 69.12;3, 15850, 100, 114.77
1788003380,0, 16432, 100, 105.00;1, 16740, 0, 74.21;2, 16348, 100, 102.57;3, 15850, 100, 114.81
1788003385,0, 31372, 66, 280.45;1, 30864, 62, 291.90;2, 30876, 67, 275.97;3, 30864, 67, 296.59
1788003390,0, 31372, 68, 290.43;1, 15818, 100, 205.95;2, 30876, 69, 313.36;3, 30864, 70, 306.30
1788003395,0, 17536, 85, 270.31;1, 16716, 37, 238.72;2, 17026, 77, 261.68;3, 17026, 78, 279.25
1788003400,0, 31370, 68, 319.82;1, 30864, 63, 296.59;2, 30874, 69, 280.32;3, 30864, 68, 299.64
1788003405,0, 17196, 0, 196.37;1, 16690, 0, 251.38;2, 16686, 100, 169.77;3, 16690, 0, 187.23
1788003410,0, 31370, 60, 268.09;1, 30864, 62, 292.92;2, 30874, 64, 273.87;3, 30864, 64, 284.61
1788003415,0, 31370, 67, 324.96;1, 30864, 65, 332.27;2, 15828, 100, 105.48;3, 15818, 100, 116.98
1788003420,0, 17536, 56, 285.04;1, 17030, 57, 309.73;2, 16672, 47, 220.25;3, 16568, 38, 225.60
1788003425,0, 31370, 69, 294.65;1, 30864, 65, 299.75;2, 30874, 68, 282.28;3, 30864, 69, 304.32
1788003431,0, 17244, 0, 95.30;1, 16738, 0, 101.63;2, 16736, 100, 103.21;3, 16738, 0, 94.76
1788003436,0, 31370, 66, 305.77;1, 30866, 63, 297.17;2, 30874, 67, 295.49;3, 30864, 67, 305.91
1788003441,0, 16604, 100, 111.27;1, 16306, 65, 272.01;2, 16162, 100, 104.77;3, 16396, 69, 339.88
1788003446,0, 16686, 100, 110.40;1, 16306, 0, 74.54;2, 16162, 100, 103.09;3, 16396, 0, 75.17
1788003451,0, 31372, 65, 261.16;1, 30864, 20, 277.74;2, 30874, 65, 280.88;3, 30864, 67, 318.90
1788003456,0, 31372, 67, 295.41;1, 30864, 65, 301.88;2, 30874, 66, 308.52;3, 15818, 100, 116.88
1788003461,0, 17532, 54, 298.37;1, 17026, 58, 291.71;2, 17022, 74, 294.39;3, 16130, 24, 166.59
1788003466,0, 31370, 67, 324.97;1, 30866, 63, 300.30;2, 30874, 69, 282.35;3, 30864, 68, 304.16
1788003471,0, 17208, 0, 132.35;1, 16702, 0, 105.13;2, 16700, 0, 102.52;3, 16702, 0, 121.36
1788003476,0, 17208, 100, 112.03;1, 16702, 0, 74.62;2, 16700, 100, 90.90;3, 16702, 0, 74.17
1788003481,0, 17208, 100, 110.80;1, 16702, 100, 120.70;2, 16700, 100, 102.99;3, 16702, 0, 74.07
1788003486,0, 17562, 72, 290.66;1, 17052, 54, 282.36;2, 17048, 62, 283.43;3, 17052, 86, 289.50
1788003491,0, 31370, 67, 324.08;1, 30864, 65, 330.26;2, 30874, 68, 303.07;3, 30864, 68, 336.08
1788003496,0, 17598, 0, 149.08;1, 16604, 0, 116.42;2, 17084, 62, 150.95;3, 17088, 100, 183.53
1788003501,0, 31370, 66, 291.42;1, 30864, 64, 297.63;2, 30876, 67, 280.13;3, 30864, 68, 302.82
1788003507,0, 31370, 69, 330.80;1, 30864, 65, 304.08;2, 15830, 70, 321.02;3, 15818, 71, 310.43
1788003512,0, 17244, 0, 69.03;1, 16738, 100, 110.21;2, 16736, 100, 103.54;3, 16738, 100, 117.86
1788003517,0, 31370, 66, 291.61;1, 30864, 63, 295.38;2, 30874, 67, 279.40;3, 30864, 67, 300.68
1788003522,0, 31370, 68, 297.70;1, 30864, 65, 334.53;2, 30874, 69, 288.94;3, 30864, 70, 310.89
1788003527,0, 31372, 22, 258.58;1, 30864, 63, 307.11;2, 30874, 66, 256.50;3, 30864, 99, 291.11
1788003532,0, 31372, 68, 330.19;1, 30864, 64, 301.34;2, 15828, 100, 106.44;3, 30864, 69, 308.04
1788003537,0, 17246, 0, 88.33;1, 16738, 100, 117.78;2, 15926, 100, 99.85;3, 16738, 100, 114.61
1788003542,0, 31370, 67, 292.88;1, 30864, 63, 332.93;2, 30874, 67, 292.29;3, 30866, 67, 309.58
1788003547,0, 31370, 68, 299.70;1, 30864, 66, 338.00;2, 30874, 70, 317.95;3, 30866, 69, 311.52
1788003552,0, 17576, 42, 318.99;1, 17070, 51, 336.52;2, 17070, 81, 307.17;3, 17070, 75, 316.03
1788003557,0, 31370, 68, 330.41;1, 15818, 100, 124.46;2, 15828, 100, 105.69;3, 15818, 100, 119.06
1788003562,0, 17580, 80, 251.41;1, 16106, 25, 141.69;2, 16172, 74, 152.43;3, 16392, 32, 180.10
1788003567,0, 31370, 67, 298.42;1, 30866, 64, 299.76;2, 30874, 68, 280.96;3, 30866, 69, 304.91
1788003573,0, 17228, 70, 294.75;1, 16722, 67, 333.76;2, 16718, 100, 238.16;3, 16720, 71, 231.71
1788003578,0, 31370, 65, 313.42;1, 30864, 62, 298.49;2, 30874, 66, 293.85;3, 30864, 66, 300.27
1788003583,0, 31370, 68, 301.67;1, 30864, 66, 305.65;2, 30874, 69, 284.59;3, 30864, 70, 310.83
1788003588,0, 17182, 100, 114.47;1, 16676, 100, 121.65;2, 16672, 0, 70.17;3, 16676, 100, 119.67
1788003593,0, 31370, 64, 284.23;1, 30864, 52, 282.19;2, 30874, 74, 276.04;3, 30864, 66, 291.32
1788003598,0, 16472, 0, 107.90;1, 16020, 0, 124.89;2, 16312, 0, 88.27;3, 15946, 0, 95.88
1788003603,0, 16720, 27, 162.10;1, 16396, 31, 184.39;2, 16572, 50, 206.07;3, 16174, 23, 169.14
1788003608,0, 31370, 68, 328.60;1, 30866, 62, 331.13;2, 15828, 100, 105.13;3, 30866, 68, 305.60
1788003613,0, 17576, 80, 222.92;1, 17074, 65, 282.82;2, 16414, 47, 154.91;3, 17074, 85, 270.80
1788003618,0, 31370, 67, 327.73;1, 30864, 65, 298.67;2, 30874, 67, 278.64;3, 15818, 100, 130.21
1788003623,0, 17228, 85, 221.12;1, 16164, 0, 144.16;2, 16720, 69, 315.12;3, 15946, 20, 133.70
1788003628,0, 17228, 0, 70.29;1, 16164, 100, 120.75;2, 16720, 100, 103.04;3, 15946, 0, 73.96
1788003633,0, 17228, 0, 69.31;1, 16164, 100, 120.08;2, 16720, 100, 102.93;3, 15946, 0, 73.55
1788003638,0, 17228, 0, 67.86;1, 16164, 100, 120.06;2, 16720, 100, 102.72;3, 15946, 0, 73.00
1788003643,0, 17228, 0, 14.26;1, 16164, 100, 119.67;2, 16720, 100, 102.68;3, 15946, 0, 16.45
1788003649,0, 17228, 0, 13.75;1, 16164, 100, 119.64;2, 16720, 100, 102.63;3, 15946, 0, 15.69
1788003654,0, 17228, 0, 13.81;1, 16164, 100, 118.62;2, 16720, 100, 102.75;3, 15946, 0, 15.59
1788003659,0, 17228, 0, 13.33;1, 16164, 100, 118.31;2, 16720, 100, 102.60;3, 15946, 0, 14.61
1788003664,0, 17228, 0, 13.32;1, 16164, 100, 118.19;2, 16720, 100, 102.54;3, 15946, 0, 15.11
1788003669,0, 17228, 100, 66.71;1, 16164, 100, 117.39;2, 16720, 100, 102.35;3, 15946, 0, 14.77
1788003674,0, 17228, 100, 105.45;1, 16164, 100, 117.40;2, 16720, 100, 102.39;3, 15946, 0, 13.78
1788003679,0, 17582, 67, 279.16;1, 16610, 42, 219.46;2, 17072, 55, 271.38;3, 16212, 33, 173.67
1788003684,0, 16324, 100, 107.08;1, 30864, 65, 328.46;2, 15828, 100, 102.56;3, 30866, 69, 296.74
1788003689,0, 16552, 0, 90.01;1, 16310, 0, 96.95;2, 16006, 0, 84.72;3, 16738, 0, 88.27
1788003694,0, 16552, 0, 64.12;1, 16310, 100, 117.90;2, 16006, 0, 65.73;3, 16738, 0, 71.12
1788003699,0, 16552, 100, 106.48;1, 16310, 100, 117.85;2, 16006, 100, 102.21;3, 16738, 0, 70.07
1788003704,0, 16552, 100, 105.51;1, 16310, 100, 117.62;2, 16006, 100, 101.93;3, 16738, 0, 70.41
1788003709,0, 16552, 100, 105.39;1, 16310, 100, 117.19;2, 16006, 100, 101.94;3, 16738, 0, 13.94
1788003714,0, 16746, 65, 173.82;1, 16798, 49, 253.46;2, 16254, 58, 168.04;3, 17088, 66, 307.49
1788003719,0, 16324, 67, 275.28;1, 30864, 64, 296.64;2, 30874, 68, 279.47;3, 15820, 63, 206.40
1788003725,0, 17106, 55, 214.36;1, 16754, 54, 265.65;2, 16986, 73, 263.99;3, 16606, 71, 218.98
1788003730,0, 31372, 66, 286.74;1, 30864, 62, 295.45;2, 30874, 68, 308.88;3, 30864, 67, 296.01
1788003735,0, 17196, 100, 226.30;1, 16690, 56, 229.55;2, 16180, 0, 123.87;3, 16690, 100, 184.49
1788003740,0, 17546, 68, 277.66;1, 17040, 56, 287.99;2, 16594, 62, 197.83;3, 17040, 76, 294.76
1788003745,0, 31372, 68, 292.19;1, 30866, 65, 299.98;2, 15830, 100, 102.33;3, 15820, 100, 113.57
1788003750,0, 17230, 0, 92.65;1, 16726, 0, 100.56;2, 15866, 100, 96.64;3, 15870, 100, 108.45
1788003755,0, 17580, 84, 332.79;1, 17074, 76, 351.71;2, 16122, 55, 165.57;3, 16126, 68, 178.59
1788003760,0, 16324, 100, 109.47;1, 15818, 100, 119.79;2, 15828, 100, 101.46;3, 30864, 68, 332.98
1788003765,0, 16590, 20, 144.34;1, 16410, 22, 195.53;2, 16102, 27, 147.62;3, 17074, 77, 315.37
1788003770,0, 31370, 67, 290.23;1, 30864, 65, 299.55;2, 30874, 69, 278.12;3, 30864, 69, 301.67
1788003775,0, 17226, 86, 209.19;1, 16722, 0, 308.77;2, 16718, 62, 231.81;3, 16720, 82, 256.36
1788003780,0, 17226, 0, 66.15;1, 16722, 100, 119.53;2, 16718, 100, 102.49;3, 16720, 0, 73.68
1788003785,0, 17226, 0, 74.54;1, 16722, 100, 119.68;2, 16718, 100, 102.38;3, 16720, 0, 73.19
1788003790,0, 17226, 100, 107.88;1, 16722, 100, 120.11;2, 16718, 100, 102.25;3, 16720, 0, 72.78
1788003795,0, 17576, 77, 310.68;1, 17074, 66, 322.56;2, 17068, 51, 296.61;3, 17070, 71, 310.46
1788003801,0, 16324, 100, 107.91;1, 15818, 100, 119.95;2, 30874, 68, 306.40;3, 30864, 68, 331.29
1788003806,0, 16722, 65, 172.75;1, 16196, 30, 179.85;2, 16906, 79, 262.74;3, 17088, 71, 319.96
1788003811,0, 31370, 66, 317.27;1, 30866, 63, 326.12;2, 30874, 70, 311.99;3, 30864, 68, 333.26
1788003816,0, 17228, 0, 146.24;1, 16722, 0, 213.24;2, 16718, 0, 127.65;3, 16722, 95, 158.02
1788003821,0, 17580, 68, 176.41;1, 17058, 100, 139.77;2, 17070, 100, 169.89;3, 17074, 56, 185.30
1788003826,0, 31382, 66, 286.97;1, 30876, 64, 297.28;2, 30886, 69, 280.73;3, 30876, 69, 301.97
1788003831,0, 31382, 69, 294.84;1, 30876, 65, 304.40;2, 15828, 71, 287.38;3, 15818, 72, 311.89
1788003836,0, 17580, 37, 305.26;1, 17074, 54, 339.30;2, 17070, 66, 295.18;3, 17074, 80, 314.92
1788003841,0, 31370, 66, 290.31;1, 30864, 64, 299.15;2, 30874, 69, 282.01;3, 30864, 69, 304.41
1788003846,0, 17208, 0, 152.15;1, 16702, 0, 154.33;2, 16698, 0, 139.65;3, 16702, 0, 148.28
1788003851,0, 17562, 70, 304.09;1, 17056, 57, 311.65;2, 17048, 73, 284.74;3, 17052, 62, 309.06
1788003856,0, 31370, 66, 290.93;1, 30864, 63, 327.39;2, 30874, 68, 314.76;3, 15820, 100, 117.51
1788003861,0, 17196, 0, 185.29;1, 16480, 0, 148.57;2, 16688, 0, 136.28;3, 15926, 0, 122.71
1788003866,0, 17546, 31, 282.38;1, 16782, 53, 253.90;2, 17040, 73, 275.77;3, 16138, 36, 164.27
1788003872,0, 31370, 67, 293.69;1, 30864, 64, 298.20;2, 30874, 68, 280.73;3, 30864, 67, 302.49
1788003877,0, 17182, 100, 206.51;1, 16676, 9, 205.15;2, 16672, 0, 164.68;3, 16676, 87, 156.51
1788003882,0, 17532, 54, 273.98;1, 17026, 62, 302.06;2, 17022, 68, 264.27;3, 17026, 84, 299.10
1788003887,0, 31370, 68, 327.78;1, 15820, 100, 123.18;2, 15828, 100, 105.49;3, 15818, 100, 117.47
1788003892,0, 17536, 76, 296.67;1, 16214, 25, 166.92;2, 16104, 58, 149.81;3, 16216, 22, 156.00
1788003897,0, 31370, 68, 310.35;1, 30864, 65, 301.54;2, 30874, 69, 297.72;3, 30866, 69, 339.10
1788003902,0, 16826, 0, 145.78;1, 16726, 66, 335.74;2, 16372, 100, 141.23;3, 16726, 0, 163.87
1788003907,0, 31370, 3, 236.19;1, 30864, 62, 329.88;2, 30874, 57, 244.07;3, 30866, 79, 311.63
1788003912,0, 31370, 67, 297.80;1, 30864, 66, 303.59;2, 30874, 70, 286.87;3, 30866, 70, 307.41
1788003917,0, 17196, 0, 89.77;1, 16690, 100, 103.55;2, 16688, 100, 103.34;3, 16690, 0, 87.03
1788003922,0, 17550, 0, 69.17;1, 17040, 58, 161.05;2, 17040, 100, 103.41;3, 17040, 78, 124.38
1788003927,0, 16376, 0, 115.49;1, 15870, 0, 124.95;2, 15882, 100, 114.48;3, 15870, 100, 127.65
1788003932,0, 31370, 66, 292.63;1, 30866, 63, 298.56;2, 30874, 66, 275.44;3, 30864, 68, 302.89
1788003937,0, 16324, 100, 113.06;1, 30866, 66, 335.14;2, 30874, 68, 311.26;3, 30864, 70, 313.94
1788003943,0, 17044, 100, 112.56;1, 16928, 0, 128.01;2, 16996, 99, 103.52;3, 17002, 100, 131.30
1788003948,0, 31374, 67, 293.51;1, 30866, 64, 300.53;2, 30876, 68, 281.20;3, 30864, 68, 303.39
1788003953,0, 31374, 69, 312.08;1, 30866, 66, 308.33;2, 24668, 69, 289.87;3, 15818, 70, 331.65
1788003958,0, 17550, 51, 306.41;1, 17040, 49, 297.93;2, 17036, 68, 280.22;3, 17044, 68, 291.77
1788003963,0, 16432, 0, 95.80;1, 16148, 0, 104.06;2, 16020, 0, 87.53;3, 15926, 0, 96.12
1788003968,0, 16432, 100, 110.21;1, 16148, 0, 74.60;2, 16020, 100, 103.40;3, 15926, 100, 117.66
1788003973,0, 16668, 50, 152.26;1, 16418, 0, 134.15;2, 16374, 34, 156.42;3, 16162, 60, 159.37
1788003978,0, 31370, 66, 323.71;1, 30864, 64, 328.16;2, 15830, 100, 105.25;3, 15818, 100, 222.12
1788003983,0, 16858, 100, 112.20;1, 16722, 0, 318.32;2, 15958, 100, 108.47;3, 16044, 64, 137.18
1788003988,0, 31370, 66, 296.83;1, 30864, 64, 297.83;2, 30874, 68, 311.54;3, 30864, 66, 299.74
1788003993,0, 31370, 69, 329.14;1, 30864, 66, 306.70;2, 30874, 70, 315.96;3, 30864, 69, 308.66
1788003998,0, 17228, 0, 69.84;1, 16720, 100, 122.08;2, 16718, 0, 68.83;3, 16720, 0, 74.20
1788004003,0, 17576, 73, 308.68;1, 17070, 45, 310.70;2, 17070, 85, 297.05;3, 17070, 70, 297.62
1788004008,0, 31372, 68, 295.57;1, 15818, 100, 122.67;2, 30874, 68, 310.92;3, 30864, 67, 302.99
1788004013,0, 17196, 0, 174.81;1, 15862, 0, 121.13;2, 16688, 0, 138.87;3, 16690, 0, 147.96
1788004019,0, 31370, 66, 293.35;1, 30866, 65, 329.70;2, 30874, 68, 282.52;3, 30864, 66, 302.55
1788004024,0, 31370, 69, 333.17;1, 30866, 67, 336.31;2, 30874, 71, 318.20;3, 15818, 100, 117.93
1788004029,0, 17228, 0, 87.67;1, 16722, 100, 121.12;2, 16718, 100, 103.65;3, 16186, 0, 74.36
1788004034,0, 17228, 100, 113.73;1, 16722, 100, 120.98;2, 16718, 100, 103.36;3, 16186, 0, 73.66
1788004039,0, 17454, 64, 132.36;1, 16934, 100, 120.70;2, 16956, 100, 126.74;3, 16556, 65, 111.00
1788004044,0, 31372, 66, 290.01;1, 30866, 64, 322.24;2, 30874, 68, 311.72;3, 30864, 67, 300.59
1788004049,0, 31372, 67, 328.56;1, 30866, 65, 333.28;2, 15828, 70, 317.17;3, 30864, 71, 309.21
1788004054,0, 17182, 100, 112.96;1, 16676, 0, 74.35;2, 16674, 100, 103.49;3, 16676, 100, 117.11
1788004059,0, 31370, 66, 285.44;1, 30864, 64, 289.68;2, 30874, 17, 266.53;3, 30864, 66, 285.41
1788004064,0, 31370, 67, 298.19;1, 30864, 65, 303.50;2, 30874, 67, 287.02;3, 30864, 70, 338.53
1788004069,0, 16976, 0, 70.13;1, 16676, 100, 121.83;2, 16674, 100, 103.59;3, 16676, 100, 113.37
1788004074,0, 17902, 62, 294.31;1, 23956, 47, 304.75;2, 24740, 84, 281.45;3, 25242, 68, 285.59
1788004079,0, 31372, 67, 299.72;1, 15818, 100, 123.10;2, 30876, 68, 314.08;3, 15818, 100, 117.75
1788004085,0, 17532, 0, 111.40;1, 16450, 100, 149.02;2, 17026, 70, 133.49;3, 16536, 100, 135.99
1788004090,0, 31370, 68, 330.78;1, 30864, 64, 297.98;2, 30878, 67, 281.44;3, 30866, 66, 302.55
1788004095,0, 16324, 71, 338.69;1, 30864, 66, 305.01;2, 15832, 70, 290.10;3, 15820, 70, 309.77
1788004100,0, 17578, 54, 299.12;1, 17072, 58, 305.47;2, 17068, 71, 268.67;3, 17072, 82, 300.22
1788004105,0, 31370, 68, 299.83;1, 30864, 64, 333.93;2, 30876, 69, 292.80;3, 30864, 68, 305.09
1788004110,0, 17196, 100, 109.57;1, 16456, 0, 111.47;2, 16688, 100, 105.07;3, 16890, 2, 96.60
1788004115,0, 31370, 66, 295.28;1, 30864, 63, 298.93;2, 30876, 68, 295.46;3, 30864, 67, 302.47
1788004120,0, 31370, 67, 333.72;1, 30864, 66, 337.20;2, 15830, 68, 311.39;3, 30864, 69, 342.55
1788004125,0, 17546, 64, 276.69;1, 17044, 41, 302.39;2, 16962, 78, 269.40;3, 17030, 62, 287.46
1788004130,0, 16324, 100, 115.58;1, 30864, 63, 333.35;2, 15830, 100, 108.25;3, 30866, 68, 341.53
1788004135,0, 16362, 100, 114.84;1, 16676, 0, 107.04;2, 16088, 100, 104.55;3, 16398, 0, 97.16
1788004140,0, 31370, 67, 312.61;1, 30864, 62, 315.96;2, 30876, 67, 281.93;3, 30864, 67, 302.65
1788004145,0, 31370, 69, 304.62;1, 30864, 65, 307.05;2, 30876, 71, 289.38;3, 30864, 70, 311.72
1788004150,0, 17576, 96, 214.21;1, 17070, 59, 186.29;2, 17066, 68, 186.06;3, 17070, 77, 237.35
1788004156,0, 16324, 64, 210.84;1, 30864, 63, 334.38;2, 15828, 100, 164.75;3, 15818, 100, 202.40
1788004161,0, 16378, 100, 113.79;1, 16012, 65, 339.58;2, 15858, 100, 106.43;3, 15886, 100, 118.83
1788004166,0, 31372, 66, 299.76;1, 30864, 63, 331.96;2, 30874, 68, 318.47;3, 30866, 66, 333.50
1788004171,0, 16480, 100, 108.80;1, 16226, 0, 105.40;2, 16006, 0, 86.97;3, 16074, 0, 96.90
1788004176,0, 31374, 67, 271.94;1, 30864, 99, 286.75;2, 30874, 66, 284.82;3, 30864, 19, 300.08
1788004181,0, 16476, 100, 112.48;1, 15926, 100, 117.74;2, 16096, 0, 71.74;3, 15946, 100, 118.57
1788004186,0, 16476, 100, 111.59;1, 15926, 100, 122.81;2, 16096, 0, 68.17;3, 15946, 100, 117.75
1788004191,0, 31370, 67, 271.98;1, 30864, 63, 308.74;2, 30874, 68, 282.20;3, 30864, 66, 331.55
1788004196,0, 31370, 69, 330.79;1, 15818, 100, 123.22;2, 15828, 100, 104.46;3, 15818, 100, 117.29
1788004201,0, 17580, 79, 324.77;1, 16196, 32, 198.69;2, 16388, 35, 182.92;3, 16450, 59, 209.11
1788004206,0, 16324, 100, 113.89;1, 30864, 64, 300.27;2, 30874, 69, 281.59;3, 30864, 68, 302.78
1788004211,0, 16602, 0, 122.35;1, 16722, 0, 193.76;2, 16718, 0, 132.27;3, 16722, 0, 153.72
1788004216,0, 31370, 66, 290.54;1, 30866, 63, 297.27;2, 30874, 67, 276.15;3, 30866, 68, 302.50
1788004221,0, 31370, 68, 300.42;1, 30866, 64, 331.68;2, 15828, 100, 105.74;3, 30866, 70, 338.18
1788004227,0, 17200, 0, 69.36;1, 16694, 0, 81.96;2, 16202, 100, 103.13;3, 16694, 0, 74.53
1788004232,0, 17200, 0, 68.07;1, 16694, 100, 121.56;2, 16202, 100, 103.12;3, 16694, 0, 74.32
1788004237,0, 17200, 0, 67.20;1, 16694, 100, 120.82;2, 16202, 100, 102.79;3, 16694, 100, 116.85
1788004242,0, 17200, 0, 15.30;1, 16694, 100, 120.35;2, 16202, 100, 102.80;3, 16694, 100, 116.83
1788004247,0, 31370, 65, 273.17;1, 30864, 19, 292.15;2, 30874, 60, 235.63;3, 30866, 88, 289.67
1788004252,0, 16546, 0, 123.59;1, 16172, 100, 149.51;2, 16222, 100, 121.50;3, 16276, 0, 254.48
1788004257,0, 16324, 72, 272.40;1, 26286, 56, 276.22;2, 30874, 66, 299.54;3, 15818, 100, 229.56
1788004262,0, 16324, 100, 108.66;1, 15818, 100, 121.34;2, 30874, 66, 301.88;3, 15818, 100, 116.55
1788004267,0, 31370, 85, 199.59;1, 30866, 63, 234.98;2, 30874, 75, 276.73;3, 30864, 66, 202.43
1788004272,0, 16324, 67, 324.09;1, 30866, 65, 300.84;2, 15828, 100, 105.21;3, 15818, 100, 115.58
1788004277,0, 17282, 64, 172.59;1, 17040, 62, 233.78;2, 16572, 100, 142.10;3, 16234, 63, 143.69
1788004282,0, 16326, 100, 216.89;1, 30864, 64, 298.29;2, 15828, 100, 104.56;3, 30864, 68, 331.47
1788004287,0, 16428, 29, 116.70;1, 16232, 0, 142.26;2, 15870, 100, 113.47;3, 16738, 53, 339.06
1788004292,0, 16428, 100, 108.11;1, 16232, 0, 74.05;2, 15870, 100, 102.88;3, 16738, 100, 116.17
1788004297,0, 16658, 29, 154.29;1, 16526, 30, 134.84;2, 16066, 29, 131.40;3, 17092, 73, 252.24
1788004303,0, 16324, 100, 109.42;1, 30864, 64, 329.61;2, 15828, 100, 103.49;3, 15818, 100, 145.46
1788004308,0, 16688, 31, 151.61;1, 16580, 35, 206.96;2, 16154, 34, 135.23;3, 16214, 49, 163.66
1788004313,0, 31372, 66, 288.00;1, 30864, 64, 297.60;2, 30874, 68, 279.93;3, 15818, 69, 267.41
1788004318,0, 17402, 54, 198.39;1, 16774, 36, 230.06;2, 17022, 90, 198.15;3, 16624, 53, 174.91
1788004323,0, 31370, 66, 288.49;1, 30864, 64, 296.17;2, 30876, 67, 312.45;3, 30864, 67, 300.39
1788004328,0, 17182, 60, 232.09;1, 16676, 64, 314.54;2, 16228, 100, 132.10;3, 16446, 36, 159.73
1788004333,0, 17182, 0, 67.38;1, 16676, 0, 74.23;2, 16228, 0, 67.70;3, 16446, 0, 73.95
1788004338,0, 17182, 0, 66.77;1, 16676, 0, 74.27;2, 16228, 0, 67.05;3, 16446, 0, 73.61
1788004343,0, 17182, 0, 66.05;1, 16676, 0, 73.94;2, 16228, 0, 67.07;3, 16446, 0, 73.20
1788004348,0, 17182, 0, 13.78;1, 16676, 100, 118.21;2, 16228, 100, 102.65;3, 16446, 100, 114.85
1788004353,0, 31370, 66, 328.85;1, 30864, 63, 305.99;2, 30874, 67, 294.72;3, 30864, 67, 314.42
1788004358,0, 31370, 69, 326.39;1, 15818, 100, 121.13;2, 30874, 70, 313.08;3, 30864, 69, 337.68
1788004363,0, 17576, 77, 322.48;1, 16694, 55, 255.29;2, 17068, 82, 304.93;3, 17070, 79, 327.94
1788004368,0, 31370, 67, 293.62;1, 30864, 64, 296.21;2, 30876, 70, 284.13;3, 30864, 68, 306.12
1788004373,0, 17244, 0, 127.59;1, 16738, 0, 178.53;2, 16736, 0, 100.67;3, 16738, 0, 106.59
1788004379,0, 31370, 64, 287.65;1, 30864, 62, 293.14;2, 30876, 67, 280.21;3, 30864, 66, 321.35
1788004384,0, 16324, 100, 112.46;1, 30864, 64, 328.48;2, 15830, 100, 105.25;3, 15818, 100, 117.50
1788004389,0, 29980, 48, 221.19;1, 29810, 58, 281.59;2, 30688, 45, 175.29;3, 30492, 46, 188.56
1788004394,0, 16324, 100, 111.36;1, 30864, 65, 302.54;2, 30874, 69, 283.90;3, 30864, 69, 337.01
1788004399,0, 16380, 100, 110.64;1, 16738, 100, 122.06;2, 16736, 100, 98.39;3, 16738, 0, 85.18
1788004404,0, 16380, 100, 110.69;1, 16738, 100, 121.19;2, 16736, 100, 103.19;3, 16738, 0, 74.14
1788004409,0, 16584, 16, 154.21;1, 17088, 43, 333.80;2, 17084, 70, 291.90;3, 17092, 81, 309.70
1788004414,0, 31372, 67, 291.04;1, 30866, 63, 298.67;2, 30876, 67, 281.27;3, 30864, 69, 306.21
1788004419,0, 17492, 61, 112.68;1, 17006, 52, 158.09;2, 17014, 0, 94.90;3, 17026, 60, 116.79
1788004424,0, 31372, 65, 289.77;1, 30864, 60, 294.54;2, 30878, 67, 277.89;3, 30864, 68, 302.38
1788004429,0, 16326, 100, 110.61;1, 30864, 64, 300.90;2, 15832, 68, 315.01;3, 15818, 100, 117.32
1788004434,0, 17078, 56, 200.79;1, 17026, 65, 275.89;2, 17022, 49, 285.76;3, 16730, 73, 248.99
1788004439,0, 16324, 100, 110.20;1, 15818, 100, 122.94;2, 30876, 68, 313.14;3, 15818, 100, 206.23
1788004444,0, 31374, 66, 308.18;1, 30864, 64, 270.14;2, 30876, 65, 313.53;3, 30864, 67, 321.86
1788004450,0, 16536, 34, 128.93;1, 16138, 0, 134.85;2, 16318, 0, 204.03;3, 16082, 21, 125.83
1788004455,0, 16894, 67, 181.68;1, 16564, 42, 218.81;2, 16812, 65, 230.22;3, 16334, 68, 194.92
1788004460,0, 31370, 67, 323.10;1, 30864, 64, 302.96;2, 30876, 66, 313.33;3, 30864, 69, 304.17
1788004465,0, 16972, 100, 106.10;1, 16502, 0, 95.15;2, 16648, 0, 85.54;3, 16676, 100, 118.65
1788004470,0, 16972, 100, 110.68;1, 16502, 0, 74.54;2, 16648, 100, 103.82;3, 16676, 100, 117.75
1788004475,0, 16972, 100, 110.00;1, 16502, 0, 74.33;2, 16648, 100, 103.54;3, 16676, 100, 117.16
1788004480,0, 16972, 100, 109.71;1, 16502, 0, 45.54;2, 16648, 100, 103.13;3, 16676, 100, 116.34
1788004485,0, 16972, 100, 108.78;1, 16502, 0, 13.68;2, 16648, 100, 103.09;3, 16676, 100, 115.76
1788004490,0, 16972, 100, 108.69;1, 16502, 0, 13.63;2, 16648, 100, 103.16;3, 16676, 100, 115.41
1788004495,0, 16972, 100, 108.31;1, 16502, 0, 13.47;2, 16648, 100, 103.02;3, 16676, 100, 115.37
1788004500,0, 16972, 100, 108.33;1, 16502, 0, 13.20;2, 16648, 100, 103.01;3, 16676, 100, 115.14
1788004505,0, 16972, 100, 107.66;1, 16502, 0, 13.26;2, 16648, 100, 102.81;3, 16676, 100, 115.06
1788004510,0, 16972, 100, 106.96;1, 16502, 0, 13.09;2, 16648, 100, 102.60;3, 16676, 100, 114.88
1788004515,0, 16972, 100, 107.46;1, 16502, 0, 13.33;2, 16648, 100, 102.47;3, 16676, 100, 115.11
1788004520,0, 16972, 100, 107.84;1, 16502, 0, 13.12;2, 16648, 100, 102.50;3, 16676, 100, 114.69
1788004526,0, 16972, 100, 107.07;1, 16502, 0, 12.99;2, 16648, 100, 102.52;3, 16676, 100, 114.26
1788004531,0, 16972, 100, 106.94;1, 16502, 0, 12.92;2, 16648, 100, 102.29;3, 16676, 100, 114.49
1788004536,0, 16972, 100, 106.78;1, 16502, 0, 13.10;2, 16648, 100, 102.18;3, 16676, 100, 114.27
1788004541,0, 16972, 100, 106.52;1, 16502, 0, 12.83;2, 16648, 100, 102.21;3, 16676, 100, 114.55
1788004546,0, 16972, 100, 106.32;1, 16502, 0, 12.79;2, 16648, 100, 101.64;3, 16676, 100, 114.06
1788004551,0, 16972, 100, 105.83;1, 16502, 0, 12.82;2, 16648, 100, 101.67;3, 16676, 100, 114.01
1788004556,0, 16972, 100, 105.39;1, 16502, 0, 12.94;2, 16648, 100, 101.66;3, 16676, 100, 113.63
1788004561,0, 16972, 100, 105.43;1, 16502, 0, 12.77;2, 16648, 100, 101.40;3, 16676, 100, 112.94
1788004566,0, 16972, 100, 105.79;1, 16502, 0, 12.74;2, 16648, 100, 101.30;3, 16676, 100, 112.81
1788004571,0, 16972, 100, 105.42;1, 16502, 0, 12.69;2, 16648, 100, 100.96;3, 16676, 100, 113.32
1788004576,0, 16972, 100, 105.12;1, 16502, 0, 12.67;2, 16648, 100, 101.20;3, 16676, 100, 112.90
1788004581,0, 16972, 100, 105.27;1, 16502, 0, 12.52;2, 16648, 100, 101.06;3, 16676, 100, 112.86
1788004586,0, 17510, 63, 284.77;1, 16808, 51, 262.18;2, 16984, 57, 272.35;3, 17026, 70, 306.01
1788004591,0, 31370, 68, 288.86;1, 30864, 64, 319.63;2, 30874, 70, 277.91;3, 30864, 70, 334.26
1788004596,0, 17244, 100, 105.24;1, 16310, 0, 94.21;2, 16736, 100, 99.83;3, 16738, 100, 114.25
1788004602,0, 17594, 45, 307.79;1, 16800, 46, 255.77;2, 17088, 72, 298.69;3, 17092, 76, 321.00
1788004607,0, 16324, 100, 108.32;1, 30864, 63, 288.54;2, 30874, 71, 282.64;3, 30864, 69, 302.54
1788004612,0, 16520, 100, 124.08;1, 16720, 0, 193.41;2, 16718, 0, 150.55;3, 16720, 100, 159.87
1788004617,0, 31370, 29, 174.92;1, 30866, 60, 312.68;2, 30874, 20, 278.89;3, 30866, 59, 288.10
1788004622,0, 31370, 68, 321.49;1, 30866, 64, 320.76;2, 30874, 70, 284.17;3, 30866, 69, 303.62
1788004627,0, 17532, 62, 244.94;1, 17030, 59, 231.86;2, 17022, 41, 243.22;3, 17026, 72, 268.54
1788004632,0, 16324, 66, 319.89;1, 30864, 63, 291.82;2, 30874, 68, 312.10;3, 30864, 68, 329.36
1788004637,0, 16576, 100, 129.81;1, 16168, 100, 139.81;2, 16366, 100, 137.99;3, 16690, 100, 255.94
1788004642,0, 31372, 67, 287.74;1, 30864, 61, 289.83;2, 30874, 68, 277.21;3, 30864, 67, 302.56
1788004647,0, 31372, 69, 294.37;1, 15818, 100, 119.90;2, 30874, 70, 317.00;3, 30864, 69, 340.76
1788004652,0, 17230, 100, 109.13;1, 16326, 0, 73.91;2, 16720, 100, 103.27;3, 16722, 100, 117.73
1788004657,0, 17230, 100, 109.13;1, 16326, 0, 73.57;2, 16720, 100, 103.02;3, 16722, 100, 117.65
1788004662,0, 17230, 100, 107.95;1, 16326, 0, 73.46;2, 16720, 100, 102.80;3, 16722, 100, 117.23
1788004667,0, 31370, 66, 281.32;1, 30864, 99, 270.14;2, 30874, 69, 271.54;3, 30864, 57, 300.67
1788004672,0, 31370, 68, 324.58;1, 30864, 61, 295.67;2, 30874, 70, 315.45;3, 30864, 69, 337.66
1788004678,0, 17244, 11, 100.19;1, 16738, 100, 111.10;2, 16736, 0, 74.04;3, 16738, 100, 118.06
1788004683,0, 16324, 66, 296.32;1, 15818, 62, 271.36;2, 30874, 67, 278.56;3, 30864, 67, 306.05
1788004688,0, 16446, 100, 109.22;1, 15988, 100, 128.38;2, 16450, 70, 316.79;3, 16010, 100, 117.76
1788004693,0, 16446, 100, 108.89;1, 15988, 100, 117.87;2, 16450, 0, 68.63;3, 16010, 100, 116.98
1788004698,0, 16674, 73, 134.07;1, 16178, 100, 130.59;2, 16970, 35, 174.07;3, 16376, 100, 124.47
1788004703,0, 31370, 67, 314.76;1, 30864, 62, 309.79;2, 30874, 68, 278.61;3, 15818, 58, 324.23
1788004708,0, 16772, 0, 140.04;1, 16352, 100, 123.39;2, 16718, 71, 297.61;3, 16068, 0, 137.67
1788004713,0, 17228, 48, 250.98;1, 16796, 44, 273.66;2, 17070, 71, 310.10;3, 16450, 38, 218.59
1788004718,0, 31370, 68, 290.86;1, 15818, 100, 294.94;2, 15828, 100, 104.26;3, 15818, 100, 251.69
1788004723,0, 17182, 100, 103.71;1, 16148, 0, 96.00;2, 15856, 100, 102.77;3, 16124, 100, 116.20
1788004728,0, 17182, 100, 108.92;1, 16148, 0, 73.71;2, 15856, 100, 102.78;3, 16124, 100, 115.46
1788004733,0, 31370, 66, 277.46;1, 30864, 64, 298.91;2, 30874, 67, 264.02;3, 30864, 67, 273.07
1788004738,0, 16324, 100, 110.03;1, 30864, 64, 297.24;2, 15828, 100, 271.70;3, 15818, 100, 195.98
1788004743,0, 17084, 43, 202.08;1, 17040, 57, 287.01;2, 16898, 74, 244.46;3, 16758, 54, 239.37
1788004748,0, 31370, 68, 325.41;1, 15820, 64, 314.13;2, 30874, 68, 313.50;3, 15818, 100, 173.31
1788004754,0, 16922, 0, 86.73;1, 16112, 0, 95.00;2, 16348, 0, 80.94;3, 16148, 100, 106.64
1788004759,0, 31370, 62, 273.03;1, 30864, 37, 236.88;2, 30874, 19, 212.17;3, 30864, 37, 194.86
1788004764,0, 31370, 67, 293.49;1, 30864, 64, 296.40;2, 30874, 69, 282.14;3, 30864, 68, 306.08
1788004769,0, 17182, 100, 111.56;1, 16676, 0, 83.80;2, 16672, 100, 87.05;3, 16676, 0, 90.82
1788004774,0, 17532, 29, 229.73;1, 17026, 50, 229.39;2, 17022, 41, 240.70;3, 17030, 0, 146.77
1788004779,0, 31370, 67, 293.01;1, 30864, 64, 296.11;2, 30874, 68, 281.19;3, 30864, 67, 300.93
1788004784,0, 31370, 68, 299.36;1, 15818, 66, 302.77;2, 15828, 71, 210.66;3, 15818, 100, 227.51
1788004789,0, 17594, 73, 304.32;1, 17088, 68, 319.61;2, 17084, 67, 281.55;3, 17088, 74, 310.95
1788004794,0, 31370, 67, 327.28;1, 30864, 64, 299.30;2, 15828, 100, 105.87;3, 15818, 69, 306.58
1788004799,0, 17214, 100, 108.81;1, 16362, 100, 96.81;2, 16114, 0, 94.32;3, 16206, 0, 92.96
1788004804,0, 16326, 100, 112.68;1, 30864, 64, 329.34;2, 30874, 67, 311.61;3, 15818, 100, 118.19
1788004809,0, 16326, 100, 111.82;1, 30864, 63, 324.51;2, 30874, 69, 316.41;3, 15818, 100, 116.09
1788004814,0, 16608, 33, 173.99;1, 17070, 77, 350.68;2, 17070, 58, 311.08;3, 16102, 32, 175.56
1788004819,0, 16324, 95, 190.33;1, 30864, 63, 298.55;2, 15828, 100, 257.05;3, 15818, 100, 116.53
1788004825,0, 16640, 0, 99.44;1, 16466, 0, 103.08;2, 16164, 0, 86.96;3, 16060, 0, 94.22
1788004830,0, 17078, 100, 138.55;1, 17000, 51, 205.24;2, 16574, 37, 138.16;3, 16444, 100, 136.72
1788004835,0, 31370, 67, 291.90;1, 30864, 62, 294.28;2, 30876, 69, 280.48;3, 30866, 68, 300.31
1788004840,0, 16324, 70, 299.82;1, 30864, 64, 302.40;2, 15830, 68, 285.87;3, 15820, 71, 303.16
1788004845,0, 21084, 11, 276.11;1, 29002, 76, 312.08;2, 29012, 61, 252.39;3, 29130, 77, 306.20
1788004850,0, 31370, 69, 297.17;1, 30864, 64, 332.85;2, 15828, 100, 105.90;3, 15818, 100, 116.58
1788004855,0, 17446, 6, 85.79;1, 16936, 100, 123.24;2, 16096, 100, 107.60;3, 16310, 73, 118.92
1788004860,0, 16388, 0, 116.32;1, 15952, 53, 234.96;2, 15866, 0, 106.70;3, 15958, 0, 169.94
1788004865,0, 31372, 67, 291.05;1, 30864, 63, 299.66;2, 30874, 69, 280.33;3, 30864, 68, 299.29
1788004870,0, 31372, 68, 329.59;1, 30864, 65, 330.20;2, 30874, 70, 316.19;3, 30864, 70, 308.10
1788004875,0, 29980, 76, 299.98;1, 30864, 21, 289.00;2, 30814, 73, 285.59;3, 30864, 72, 302.85
1788004880,0, 31370, 67, 331.63;1, 30864, 63, 299.42;2, 15830, 100, 105.49;3, 15818, 100, 117.71
1788004885,0, 17228, 0, 89.92;1, 16720, 0, 102.43;2, 15866, 0, 78.49;3, 16104, 100, 117.10
1788004890,0, 17228, 0, 70.11;1, 16720, 0, 74.84;2, 15866, 100, 88.27;3, 16104, 100, 116.94
1788004896,0, 17228, 0, 68.81;1, 16720, 0, 74.67;2, 15866, 100, 102.89;3, 16104, 100, 116.40
1788004901,0, 29980, 76, 329.57;1, 29174, 67, 313.36;2, 29016, 26, 149.29;3, 29190, 48, 207.60
1788004906,0, 16324, 66, 324.78;1, 30864, 64, 299.99;2, 30876, 70, 313.61;3, 30864, 68, 335.57
1788004911,0, 17214, 57, 236.80;1, 17040, 57, 311.10;2, 17036, 50, 278.20;3, 17044, 74, 302.83
1788004916,0, 31370, 65, 309.38;1, 30864, 64, 331.46;2, 30874, 68, 281.98;3, 30864, 69, 337.14
1788004921,0, 17558, 64, 156.04;1, 16926, 100, 172.57;2, 16748, 100, 152.38;3, 16888, 59, 179.17
1788004926,0, 31370, 66, 327.65;1, 30866, 64, 312.85;2, 30874, 69, 313.87;3, 30864, 69, 336.83
1788004931,0, 16324, 70, 334.14;1, 30866, 66, 335.98;2, 15828, 100, 105.97;3, 15818, 100, 117.53
1788004936,0, 17232, 0, 70.42;1, 16726, 92, 79.21;2, 16360, 100, 103.38;3, 16120, 0, 74.24
1788004941,0, 17232, 100, 113.10;1, 16726, 100, 122.04;2, 16360, 100, 103.34;3, 16120, 0, 73.54
1788004946,0, 17232, 100, 112.06;1, 16726, 100, 121.76;2, 16360, 100, 103.06;3, 16120, 0, 73.52
1788004951,0, 31372, 66, 291.46;1, 30864, 64, 299.28;2, 30874, 68, 298.63;3, 30864, 68, 302.17
1788004956,0, 31372, 68, 329.42;1, 15818, 100, 128.81;2, 30874, 72, 319.33;3, 30864, 70, 310.07
1788004961,0, 31372, 65, 291.54;1, 30864, 35, 285.73;2, 30874, 99, 286.07;3, 30866, 78, 317.35
1788004967,0, 31372, 68, 299.37;1, 30864, 65, 302.79;2, 30874, 70, 288.40;3, 30866, 69, 306.30
1788004972,0, 17226, 0, 89.75;1, 16720, 0, 88.31;2, 16718, 0, 83.33;3, 16720, 0, 85.71
1788004977,0, 17576, 0, 127.01;1, 17070, 73, 224.59;2, 17066, 62, 166.18;3, 17070, 100, 186.81
1788004982,0, 16324, 86, 199.72;1, 30864, 61, 323.79;2, 30874, 67, 304.88;3, 30864, 66, 334.52
1788004987,0, 16488, 23, 120.02;1, 16614, 82, 254.88;2, 16674, 55, 241.93;3, 16230, 100, 141.19
1788004992,0, 31370, 66, 289.48;1, 30864, 63, 298.67;2, 30876, 68, 282.26;3, 30864, 67, 303.15
1788004997,0, 31370, 69, 329.80;1, 30864, 66, 307.87;2, 30876, 70, 289.69;3, 30864, 71, 310.31
1788005002,0, 17436, 0, 69.49;1, 16924, 100, 123.23;2, 16972, 100, 105.75;3, 16986, 62, 136.78
1788005007,0, 31370, 68, 295.18;1, 30864, 62, 296.21;2, 30876, 68, 284.68;3, 30866, 68, 302.55
1788005012,0, 31370, 70, 303.33;1, 30864, 63, 299.85;2, 24572, 71, 292.02;3, 21442, 72, 313.05
1788005017,0, 17244, 100, 112.83;1, 16738, 100, 122.49;2, 16736, 0, 70.38;3, 16738, 0, 74.70
1788005022,0, 17542, 100, 173.29;1, 17030, 49, 135.66;2, 17042, 60, 142.65;3, 17062, 100, 204.70
1788005027,0, 31384, 67, 294.68;1, 30876, 65, 301.54;2, 30886, 69, 284.21;3, 30878, 67, 304.70
1788005033,0, 31384, 70, 301.45;1, 30876, 66, 311.92;2, 15828, 70, 291.69;3, 15820, 70, 312.48
1788005038,0, 17246, 100, 112.81;1, 16742, 100, 122.57;2, 16738, 0, 70.30;3, 16740, 100, 118.97
1788005043,0, 31370, 67, 296.81;1, 30864, 54, 320.69;2, 30874, 99, 308.37;3, 30866, 84, 326.35
1788005048,0, 31370, 67, 296.45;1, 30864, 64, 303.85;2, 30874, 70, 290.07;3, 30866, 70, 309.51
1788005053,0, 17520, 64, 259.65;1, 17026, 53, 242.21;2, 16898, 53, 251.31;3, 17026, 83, 236.60
1788005058,0, 31370, 65, 293.87;1, 30864, 63, 300.13;2, 30874, 68, 282.33;3, 30866, 69, 306.35
1788005063,0, 17182, 85, 240.45;1, 16676, 65, 334.36;2, 16674, 73, 221.33;3, 16676, 48, 214.73
1788005068,0, 31370, 66, 297.83;1, 30864, 61, 291.55;2, 30874, 67, 289.74;3, 30864, 67, 312.19
1788005073,0, 16934, 37, 111.44;1, 16614, 51, 166.92;2, 16442, 0, 110.88;3, 16702, 44, 150.15
1788005078,0, 31370, 65, 294.63;1, 30866, 63, 303.57;2, 30874, 68, 284.35;3, 30864, 67, 305.27
1788005083,0, 16324, 69, 333.63;1, 30866, 64, 333.13;2, 15828, 71, 317.62;3, 15818, 60, 308.00
1788005088,0, 17182, 100, 113.46;1, 16676, 100, 123.19;2, 16674, 0, 71.22;3, 16676, 0, 74.81
1788005093,0, 17182, 100, 112.93;1, 16676, 100, 122.18;2, 16674, 100, 103.79;3, 16676, 0, 74.27
1788005098,0, 17536, 60, 231.27;1, 17026, 63, 234.43;2, 17022, 75, 229.82;3, 17026, 65, 253.95
1788005104,0, 31370, 66, 290.94;1, 15818, 72, 283.76;2, 30874, 70, 298.33;3, 30866, 67, 300.55
1788005109,0, 17196, 68, 327.70;1, 16010, 100, 122.93;2, 16688, 0, 236.02;3, 16246, 100, 147.84
1788005114,0, 31372, 67, 294.25;1, 30866, 62, 295.47;2, 30874, 68, 283.83;3, 30866, 68, 334.05
1788005119,0, 16326, 100, 113.69;1, 15820, 100, 123.16;2, 24152, 71, 320.14;3, 15820, 100, 117.37
1788005124,0, 17152, 58, 239.87;1, 16786, 55, 264.26;2, 17040, 64, 292.06;3, 16418, 54, 202.04
1788005129,0, 31370, 69, 296.64;1, 30864, 63, 300.08;2, 30876, 69, 286.21;3, 30864, 70, 308.42
1788005134,0, 17228, 100, 113.54;1, 16722, 0, 103.75;2, 16718, 0, 89.85;3, 16722, 0, 96.14
1788005139,0, 17578, 0, 229.26;1, 30864, 51, 276.27;2, 30876, 65, 279.69;3, 30864, 67, 290.75
1788005144,0, 31370, 66, 294.59;1, 30864, 65, 303.56;2, 30876, 69, 294.13;3, 30864, 71, 311.52
1788005149,0, 17228, 0, 96.19;1, 16722, 100, 106.83;2, 16720, 0, 86.99;3, 16722, 0, 92.60
1788005154,0, 17228, 0, 68.99;1, 16722, 100, 121.61;2, 16720, 100, 104.27;3, 16722, 100, 118.76
1788005159,0, 17582, 67, 304.63;1, 17072, 59, 298.24;2, 17068, 66, 294.26;3, 17072, 75, 296.97
1788005164,0, 31372, 67, 327.84;1, 30864, 64, 332.94;2, 30874, 68, 315.85;3, 30864, 69, 306.54
1788005169,0, 17182, 100, 113.43;1, 16676, 0, 104.76;2, 16674, 100, 104.41;3, 16234, 100, 118.58
1788005174,0, 31370, 66, 291.91;1, 30864, 62, 303.94;2, 30874, 68, 281.48;3, 30864, 67, 301.39
1788005180,0, 31370, 68, 332.18;1, 30864, 64, 300.48;2, 15828, 100, 108.40;3, 15818, 64, 227.71
1788005185,0, 31370, 49, 259.81;1, 30864, 56, 297.42;2, 30874, 65, 213.22;3, 30864, 77, 262.68
1788005190,0, 31370, 68, 301.46;1, 22984, 66, 334.72;2, 30874, 70, 319.21;3, 15818, 69, 318.48
1788005195,0, 17576, 68, 310.37;1, 16800, 56, 289.61;2, 16954, 63, 270.56;3, 16804, 66, 272.61
1788005200,0, 31370, 67, 329.82;1, 30866, 65, 300.65;2, 15828, 100, 107.79;3, 15818, 68, 340.08
1788005205,0, 17426, 60, 133.87;1, 16854, 4, 114.11;2, 16044, 0, 97.52;3, 16474, 45, 144.29
1788005210,0, 31370, 67, 297.57;1, 30864, 63, 299.41;2, 30876, 68, 283.68;3, 30864, 69, 305.74
1788005215,0, 28154, 69, 306.01;1, 30864, 64, 304.32;2, 20712, 68, 287.54;3, 15818, 70, 312.61
1788005220,0, 17196, 0, 71.66;1, 16690, 0, 75.10;2, 16686, 0, 79.48;3, 16690, 0, 74.83
1788005225,0, 31370, 65, 279.16;1, 30864, 62, 290.35;2, 30876, 99, 273.73;3, 30864, 67, 286.75
1788005230,0, 31370, 67, 300.62;1, 30864, 63, 332.72;2, 30876, 68, 288.05;3, 30864, 69, 306.81
1788005235,0, 17196, 0, 70.90;1, 16690, 100, 122.99;2, 16686, 100, 79.48;3, 16690, 0, 77.30
1788005240,0, 17196, 0, 69.56;1, 16690, 100, 121.85;2, 16686, 100, 103.61;3, 16690, 100, 118.46
1788005245,0, 17196, 0, 68.75;1, 16690, 100, 121.65;2, 16686, 100, 103.41;3, 16690, 100, 118.12
1788005251,0, 17196, 0, 29.79;1, 16690, 100, 121.17;2, 16686, 100, 103.13;3, 16690, 100, 117.38
1788005256,0, 17546, 62, 288.64;1, 17040, 64, 312.32;2, 17036, 62, 265.00;3, 17040, 54, 287.67
1788005261,0, 31370, 66, 291.15;1, 30864, 64, 332.08;2, 30876, 70, 283.56;3, 30864, 69, 339.68
1788005266,0, 17546, 100, 163.10;1, 17044, 55, 230.45;2, 17036, 55, 145.75;3, 17040, 100, 197.10
1788005271,0, 31372, 68, 293.32;1, 30864, 63, 298.47;2, 30876, 69, 283.21;3, 30864, 67, 303.63
1788005276,0, 17226, 0, 293.50;1, 16502, 65, 285.80;2, 16718, 69, 251.40;3, 16722, 0, 241.62
1788005281,0, 17226, 0, 69.09;1, 16502, 100, 122.04;2, 16718, 0, 69.85;3, 16722, 100, 119.05
1788005286,0, 17576, 67, 322.19;1, 17028, 55, 316.77;2, 17066, 69, 300.96;3, 17074, 78, 339.48
1788005291,0, 31382, 68, 295.21;1, 30876, 63, 299.47;2, 30888, 70, 287.12;3, 30876, 70, 308.17
1788005296,0, 17248, 0, 165.25;1, 16740, 100, 116.83;2, 16738, 0, 154.30;3, 16740, 100, 170.93
1788005301,0, 17596, 83, 352.87;1, 17090, 67, 347.14;2, 17086, 79, 331.75;3, 17090, 75, 349.49
1788005306,0, 31370, 67, 294.68;1, 30864, 65, 300.91;2, 30874, 69, 284.66;3, 30864, 68, 338.44
1788005311,0, 17228, 0, 95.89;1, 16248, 0, 125.37;2, 16720, 100, 95.17;3, 16722, 25, 149.75
1788005316,0, 17228, 100, 112.44;1, 16248, 0, 74.60;2, 16720, 100, 103.85;3, 16722, 100, 118.85
1788005321,0, 17228, 100, 112.18;1, 16248, 0, 74.54;2, 16720, 100, 103.73;3, 16722, 100, 119.14
1788005327,0, 17228, 100, 111.57;1, 16248, 0, 74.15;2, 16720, 100, 103.70;3, 16722, 100, 118.34
1788005332,0, 17228, 100, 110.80;1, 16248, 0, 13.77;2, 16720, 100, 103.56;3, 16722, 100, 117.60
1788005337,0, 17228, 100, 110.59;1, 16248, 0, 13.79;2, 16720, 100, 103.28;3, 16722, 100, 117.33
1788005342,0, 17228, 100, 109.94;1, 16248, 0, 13.62;2, 16720, 100, 103.04;3, 16722, 100, 116.94
1788005347,0, 17228, 100, 109.43;1, 16248, 0, 13.35;2, 16720, 100, 102.97;3, 16722, 100, 116.30
1788005352,0, 31370, 65, 278.83;1, 30864, 49, 264.74;2, 30874, 39, 270.10;3, 30864, 72, 281.53
1788005357,0, 16324, 100, 110.19;1, 30864, 63, 293.71;2, 15828, 100, 104.40;3, 30864, 69, 305.95
1788005362,0, 16908, 35, 173.68;1, 17026, 62, 292.94;2, 16500, 43, 182.53;3, 17026, 54, 307.24
1788005367,0, 31370, 68, 291.39;1, 30864, 63, 326.42;2, 30874, 68, 313.88;3, 15818, 100, 117.53
1788005372,0, 17548, 67, 171.76;1, 17042, 48, 203.45;2, 16794, 0, 139.07;3, 16164, 24, 137.62
1788005377,0, 16344, 66, 301.59;1, 15838, 63, 307.90;2, 15850, 67, 293.83;3, 15840, 68, 325.02
1788005382,0, 16894, 37, 177.35;1, 16388, 31, 194.39;2, 16364, 28, 171.63;3, 16422, 33, 187.55
1788005387,0, 31370, 68, 295.45;1, 30866, 63, 297.69;2, 30874, 68, 280.82;3, 30864, 68, 305.65
1788005392,0, 17228, 0, 94.66;1, 16722, 0, 149.57;2, 16718, 100, 92.16;3, 16722, 0, 103.80
1788005397,0, 31370, 65, 274.78;1, 30864, 63, 292.32;2, 30874, 67, 294.26;3, 30864, 68, 309.34
1788005403,0, 31370, 68, 297.63;1, 30864, 62, 297.92;2, 30874, 69, 287.17;3, 30864, 69, 310.72
1788005408,0, 17578, 54, 281.67;1, 17072, 44, 312.25;2, 17072, 68, 279.56;3, 17072, 77, 311.84
1788005413,0, 16652, 47, 163.04;1, 16094, 21, 153.06;2, 16084, 27, 138.62;3, 16150, 56, 156.34
1788005418,0, 31370, 67, 296.21;1, 30866, 64, 302.50;2, 30876, 69, 284.01;3, 30864, 69, 306.27
1788005423,0, 17208, 0, 95.44;1, 16704, 0, 102.48;2, 16700, 100, 99.47;3, 16702, 0, 96.45
1788005428,0, 31370, 99, 280.59;1, 30864, 63, 283.39;2, 30876, 69, 280.00;3, 30866, 60, 300.84
1788005433,0, 31370, 68, 297.66;1, 30864, 64, 301.45;2, 30876, 70, 287.73;3, 21474, 68, 309.73
1788005438,0, 17408, 100, 113.20;1, 16902, 56, 105.83;2, 16900, 0, 82.59;3, 16586, 0, 82.79
1788005443,0, 31370, 66, 292.04;1, 30864, 63, 326.94;2, 30876, 68, 280.17;3, 30864, 67, 333.08
1788005448,0, 31370, 67, 300.59;1, 30864, 65, 334.54;2, 28614, 69, 318.66;3, 15818, 68, 339.50
1788005453,0, 31370, 88, 280.06;1, 30864, 63, 299.11;2, 30874, 67, 272.01;3, 30866, 65, 294.91
1788005458,0, 31370, 68, 297.83;1, 30864, 65, 303.89;2, 30874, 69, 318.41;3, 30866, 68, 307.81
1788005464,0, 17228, 0, 73.24;1, 16722, 0, 86.29;2, 16720, 100, 104.13;3, 16722, 100, 119.42
1788005469,0, 31370, 66, 293.24;1, 30864, 63, 304.86;2, 30874, 68, 281.46;3, 30864, 68, 303.81
1788005474,0, 31370, 68, 301.29;1, 30864, 64, 303.39;2, 30874, 70, 289.81;3, 30864, 70, 312.53
1788005479,0, 17546, 0, 134.64;1, 17040, 47, 207.16;2, 17036, 48, 152.28;3, 17040, 100, 193.36
1788005484,0, 31372, 66, 296.49;1, 30864, 64, 302.29;2, 30874, 67, 281.39;3, 30864, 67, 305.50
1788005489,0, 16326, 100, 288.16;1, 30864, 66, 306.05;2, 15828, 70, 251.30;3, 15818, 70, 312.96
1788005494,0, 17598, 76, 295.12;1, 17088, 57, 246.68;2, 17084, 83, 288.91;3, 17088, 59, 308.56
1788005499,0, 31370, 67, 294.91;1, 30864, 64, 333.50;2, 30876, 67, 285.02;3, 30866, 67, 339.26
1788005504,0, 16744, 0, 137.45;1, 16292, 88, 149.34;2, 16514, 0, 130.62;3, 16702, 21, 195.47
1788005509,0, 17208, 26, 229.85;1, 16724, 45, 250.40;2, 16824, 58, 240.60;3, 17052, 73, 292.76
1788005514,0, 31382, 69, 298.19;1, 30876, 66, 303.49;2, 30886, 68, 287.59;3, 30876, 69, 310.60
1788005519,0, 17494, 100, 103.45;1, 16984, 36, 118.31;2, 16994, 0, 89.62;3, 16998, 82, 100.43
1788005524,0, 31370, 67, 294.48;1, 30864, 63, 305.62;2, 30876, 68, 282.13;3, 30864, 67, 303.75
1788005529,0, 16324, 100, 114.41;1, 15818, 100, 123.88;2, 25440, 71, 320.38;3, 15818, 69, 338.81
1788005535,0, 17112, 32, 231.85;1, 16394, 31, 189.20;2, 17068, 69, 284.60;3, 17072, 72, 307.08
1788005540,0, 31372, 66, 327.45;1, 15818, 63, 297.30;2, 15828, 68, 303.12;3, 15818, 67, 338.40
1788005545,0, 16756, 0, 69.93;1, 16194, 100, 122.13;2, 16120, 100, 104.19;3, 16124, 0, 91.49
1788005550,0, 16756, 0, 69.19;1, 16194, 100, 121.49;2, 16120, 100, 103.72;3, 16124, 100, 119.57
1788005555,0, 31372, 66, 291.55;1, 30864, 62, 293.99;2, 30876, 69, 280.79;3, 30864, 67, 302.33
1788005560,0, 31372, 68, 297.85;1, 15818, 64, 273.43;2, 30876, 71, 288.99;3, 30864, 69, 338.06
1788005565,0, 17182, 100, 111.95;1, 16366, 0, 74.58;2, 16674, 100, 103.60;3, 16676, 0, 74.36
1788005570,0, 31370, 63, 280.68;1, 30864, 56, 275.06;2, 30874, 29, 273.36;3, 30864, 67, 290.03
1788005575,0, 31370, 65, 290.04;1, 30864, 63, 299.26;2, 30874, 71, 288.57;3, 30864, 69, 307.63
1788005580,0, 17182, 100, 113.16;1, 16676, 100, 122.48;2, 16672, 100, 104.01;3, 16676, 0, 85.20
1788005585,0, 17182, 100, 111.74;1, 16676, 100, 121.46;2, 16672, 100, 103.59;3, 16676, 0, 74.39
1788005590,0, 17182, 100, 110.27;1, 16676, 100, 120.57;2, 16672, 100, 103.21;3, 16676, 0, 73.74
1788005595,0, 31370, 68, 288.24;1, 30864, 63, 294.11;2, 30876, 50, 277.05;3, 30864, 66, 297.35
1788005600,0, 31370, 69, 326.17;1, 30864, 65, 301.98;2, 30876, 69, 318.04;3, 30864, 69, 337.48
1788005605,0, 17228, 100, 111.65;1, 16720, 0, 74.86;2, 16718, 100, 103.55;3, 16722, 100, 117.05
1788005611,0, 31372, 66, 291.74;1, 30864, 63, 297.01;2, 30874, 68, 281.98;3, 30864, 68, 301.37
1788005616,0, 16326, 100, 110.63;1, 30864, 65, 331.32;2, 30874, 70, 320.56;3, 15818, 100, 118.15
1788005621,0, 16924, 35, 190.51;1, 17074, 70, 344.39;2, 17066, 79, 298.35;3, 16542, 40, 233.85
1788005626,0, 31370, 67, 295.24;1, 30864, 64, 330.44;2, 30874, 69, 285.72;3, 30864, 68, 306.58
1788005631,0, 17244, 0, 94.15;1, 16738, 0, 103.57;2, 16736, 0, 88.69;3, 16738, 0, 96.13
1788005636,0, 17594, 72, 305.42;1, 17092, 63, 263.76;2, 17084, 65, 266.21;3, 17088, 76, 213.59
1788005641,0, 31370, 67, 293.47;1, 30864, 62, 293.89;2, 30876, 69, 285.87;3, 30864, 68, 302.79
1788005646,0, 17228, 100, 217.07;1, 16722, 65, 306.34;2, 16718, 81, 179.85;3, 16722, 87, 205.05
1788005651,0, 23990, 75, 290.63;1, 29302, 59, 304.34;2, 29486, 73, 276.64;3, 29474, 76, 287.08
1788005656,0, 16324, 100, 234.94;1, 30864, 65, 333.40;2, 15830, 100, 107.97;3, 30864, 70, 338.35
1788005661,0, 16736, 0, 92.57;1, 16722, 100, 120.87;2, 16082, 0, 91.92;3, 16722, 0, 92.48
1788005666,0, 17162, 49, 254.18;1, 17070, 68, 345.85;2, 16462, 55, 204.36;3, 17074, 76, 347.93
1788005671,0, 31370, 66, 326.30;1, 30864, 63, 331.81;2, 15830, 100, 117.07;3, 15818, 100, 118.60
1788005676,0, 17582, 77, 295.73;1, 17072, 63, 261.79;2, 16544, 43, 192.43;3, 16062, 55, 164.07
1788005682,0, 31370, 67, 325.96;1, 30866, 64, 329.41;2, 30876, 68, 284.49;3, 15818, 100, 118.12
1788005687,0, 17228, 75, 245.30;1, 16416, 100, 185.79;2, 16720, 0, 221.68;3, 15986, 47, 133.97
1788005692,0, 16324, 100, 147.43;1, 15818, 100, 149.64;2, 15828, 62, 306.99;3, 30864, 68, 302.37
1788005697,0, 31370, 22, 144.78;1, 30866, 26, 193.39;2, 30876, 62, 153.71;3, 30864, 31, 190.28
1788005702,0, 31370, 69, 331.47;1, 30866, 66, 307.15;2, 30876, 69, 316.75;3, 15818, 69, 337.74
1788005707,0, 17228, 100, 88.76;1, 16512, 0, 84.96;2, 16718, 0, 76.13;3, 16304, 100, 110.86
1788005712,0, 31372, 99, 297.92;1, 30866, 50, 302.39;2, 30874, 74, 296.60;3, 30866, 77, 279.46
1788005717,0, 31372, 69, 298.52;1, 30866, 64, 302.38;2, 30874, 69, 288.77;3, 30866, 70, 308.12
1788005722,0, 17230, 0, 83.16;1, 16722, 12, 113.74;2, 16720, 100, 104.56;3, 16722, 100, 118.57
1788005727,0, 31370, 66, 292.70;1, 30864, 64, 301.67;2, 30874, 68, 282.50;3, 30864, 67, 303.39
1788005732,0, 31370, 69, 330.85;1, 15818, 100, 277.66;2, 15828, 70, 277.06;3, 30864, 70, 312.69
1788005737,0, 16970, 0, 69.69;1, 16580, 100, 123.09;2, 16410, 0, 71.58;3, 16722, 0, 74.64
1788005742,0, 16970, 100, 112.84;1, 16580, 100, 122.23;2, 16410, 100, 80.59;3, 16722, 0, 74.46
1788005747,0, 17508, 67, 278.11;1, 16900, 55, 291.73;2, 16898, 61, 254.25;3, 17072, 56, 291.25
1788005753,0, 31370, 67, 325.47;1, 15818, 100, 123.57;2, 15828, 100, 105.75;3, 15820, 100, 117.65
1788005758,0, 17548, 53, 247.16;1, 16116, 19, 147.60;2, 16216, 53, 146.65;3, 16108, 20, 139.00
1788005763,0, 31370, 66, 295.48;1, 30864, 64, 330.12;2, 30876, 66, 281.54;3, 30866, 68, 334.68
1788005768,0, 17226, 70, 263.97;1, 16722, 66, 319.85;2, 16718, 100, 247.44;3, 16722, 59, 220.44
1788005773,0, 31372, 73, 275.93;1, 30864, 63, 313.06;2, 30878, 68, 275.97;3, 30864, 63, 291.31
1788005778,0, 31372, 69, 302.05;1, 30864, 65, 304.15;2, 30878, 70, 288.96;3, 30864, 71, 310.14
1788005783,0, 17576, 47, 252.59;1, 17070, 58, 211.06;2, 17066, 64, 253.99;3, 17070, 72, 270.01
1788005788,0, 31370, 67, 297.03;1, 30866, 64, 301.79;2, 30876, 67, 281.53;3, 30864, 69, 305.96
1788005793,0, 16980, 86, 280.18;1, 16474, 66, 307.46;2, 16472, 69, 265.45;3, 16474, 100, 243.09
1788005798,0, 17182, 100, 115.30;1, 16676, 0, 74.82;2, 16674, 0, 71.37;3, 16676, 100, 118.62
1788005803,0, 17532, 65, 268.13;1, 17026, 48, 284.93;2, 17022, 54, 246.32;3, 17026, 68, 264.36
1788005808,0, 31372, 67, 295.52;1, 30864, 65, 303.11;2, 30874, 69, 315.58;3, 30864, 68, 338.22
1788005813,0, 17244, 0, 97.96;1, 16738, 0, 159.02;2, 16736, 100, 112.06;3, 16738, 0, 156.23
1788005818,0, 29980, 58, 271.17;1, 29474, 51, 327.80;2, 29486, 19, 272.77;3, 29410, 66, 290.61
1788005824,0, 31370, 67, 298.72;1, 30864, 64, 299.25;2, 15830, 100, 117.85;3, 30864, 68, 308.29
1788005829,0, 17532, 100, 163.64;1, 17026, 38, 115.65;2, 16572, 39, 125.66;3, 16870, 100, 161.64
1788005834,0, 16326, 100, 114.24;1, 15818, 100, 122.74;2, 15830, 100, 138.59;3, 30864, 66, 335.80
1788005839,0, 31372, 65, 310.67;1, 30864, 62, 295.48;2, 30874, 68, 277.34;3, 30864, 66, 309.70
1788005844,0, 31372, 67, 297.88;1, 15818, 100, 123.61;2, 30874, 71, 289.48;3, 30864, 68, 340.41
1788005849,0, 17182, 0, 69.77;1, 16194, 100, 107.92;2, 16674, 0, 70.50;3, 16460, 0, 74.62
1788005854,0, 17532, 46, 243.59;1, 16564, 36, 191.07;2, 17022, 54, 214.69;3, 17002, 68, 263.90
1788005859,0, 31372, 67, 315.69;1, 30864, 64, 297.32;2, 30874, 67, 312.97;3, 30864, 67, 336.65
1788005864,0, 16600, 0, 124.56;1, 16378, 100, 159.63;2, 16674, 75, 224.24;3, 16676, 0, 228.47
1788005869,0, 17010, 36, 193.50;1, 16866, 58, 298.82;2, 17022, 50, 279.81;3, 17030, 68, 301.56
1788005874,0, 16324, 100, 111.37;1, 30864, 64, 323.95;2, 30874, 69, 314.37;3, 30864, 70, 338.96
1788005879,0, 16616, 100, 103.64;1, 16482, 34, 119.74;2, 16562, 0, 84.92;3, 16934, 100, 107.13
1788005884,0, 31372, 67, 289.77;1, 30864, 65, 297.42;2, 30874, 69, 282.46;3, 30864, 68, 303.15
1788005889,0, 31372, 69, 297.34;1, 30864, 65, 304.54;2, 30874, 71, 288.51;3, 30864, 70, 312.17
1788005895,0, 17226, 100, 109.18;1, 16720, 100, 104.77;2, 16718, 0, 70.26;3, 16720, 100, 100.15
1788005900,0, 31370, 28, 280.17;1, 30864, 63, 313.14;2, 30874, 67, 283.75;3, 30864, 63, 291.55
1788005905,0, 31370, 68, 295.66;1, 30864, 66, 304.13;2, 30874, 70, 286.92;3, 30864, 70, 309.37
1788005910,0, 17244, 100, 111.58;1, 16738, 100, 121.68;2, 16736, 100, 103.95;3, 16738, 0, 77.23
1788005915,0, 17244, 100, 111.03;1, 16738, 100, 121.04;2, 16736, 100, 103.46;3, 16738, 0, 74.25
1788005920,0, 17244, 100, 110.74;1, 16738, 100, 120.72;2, 16736, 100, 103.22;3, 16738, 0, 73.88
1788005925,0, 17244, 100, 109.98;1, 16738, 100, 120.77;2, 16736, 100, 103.22;3, 16738, 0, 39.09
1788005930,0, 17244, 100, 109.51;1, 16738, 100, 119.83;2, 16736, 100, 103.08;3, 16738, 0, 16.10
1788005935,0, 31370, 66, 276.72;1, 30864, 62, 309.19;2, 30874, 24, 276.65;3, 30866, 67, 285.47
1788005940,0, 16954, 67, 324.82;1, 16158, 58, 140.20;2, 16304, 100, 105.57;3, 15990, 100, 116.72
1788005945,0, 17258, 60, 238.50;1, 16566, 40, 215.96;2, 16562, 50, 204.01;3, 16238, 70, 173.86
1788005950,0, 31370, 68, 294.53;1, 30864, 64, 298.42;2, 30874, 68, 279.36;3, 30864, 69, 303.01
1788005955,0, 17208, 0, 140.05;1, 16702, 0, 163.08;2, 16698, 0, 118.66;3, 16702, 0, 154.57
1788005960,0, 17562, 68, 274.77;1, 17052, 73, 249.18;2, 17048, 64, 262.34;3, 17052, 72, 281.99
1788005966,0, 16516, 100, 173.28;1, 16006, 100, 225.83;2, 16090, 69, 300.61;3, 15940, 100, 117.13
1788005971,0, 31370, 67, 306.53;1, 30866, 64, 293.89;2, 15830, 100, 257.94;3, 15818, 67, 273.10
1788005976,0, 16726, 38, 178.02;1, 16216, 25, 184.91;2, 16108, 49, 153.19;3, 16112, 31, 166.74
1788005981,0, 31370, 67, 317.44;1, 30866, 64, 330.89;2, 30876, 68, 282.82;3, 30864, 68, 335.03
1788005986,0, 17576, 0, 168.20;1, 16588, 20, 157.88;2, 17050, 100, 164.81;3, 16736, 46, 149.41
1788005991,0, 31370, 65, 292.66;1, 30866, 63, 330.09;2, 30876, 67, 280.63;3, 30864, 68, 300.05
1788005996,0, 16324, 68, 331.22;1, 30866, 66, 336.43;2, 15830, 100, 105.67;3, 15818, 100, 116.27
1788006001,0, 17562, 70, 286.84;1, 17052, 56, 299.35;2, 16426, 29, 168.28;3, 16486, 35, 195.81
1788006006,0, 31370, 67, 325.80;1, 15820, 100, 180.50;2, 15828, 100, 153.41;3, 15818, 100, 116.40
1788006011,0, 17486, 100, 107.85;1, 16322, 29, 126.56;2, 16358, 0, 93.46;3, 16156, 100, 98.34
1788006016,0, 31370, 66, 294.45;1, 30864, 64, 297.85;2, 30876, 67, 279.83;3, 30864, 68, 303.69
1788006021,0, 31370, 68, 332.17;1, 30864, 66, 306.62;2, 30876, 70, 286.50;3, 15818, 71, 312.11
1788006026,0, 17230, 0, 70.16;1, 16722, 0, 74.33;2, 16720, 100, 103.14;3, 16722, 100, 117.08
1788006032,0, 17230, 0, 69.52;1, 16722, 0, 74.22;2, 16720, 100, 103.25;3, 16722, 100, 116.33
1788006037,0, 17230, 0, 68.79;1, 16722, 0, 73.96;2, 16720, 100, 103.02;3, 16722, 100, 115.87
1788006042,0, 17230, 0, 16.75;1, 16722, 100, 119.77;2, 16720, 100, 102.94;3, 16722, 100, 115.58
1788006047,0, 17230, 0, 14.53;1, 16722, 100, 119.54;2, 16720, 100, 102.72;3, 16722, 100, 115.18
1788006052,0, 17580, 66, 276.80;1, 17072, 58, 315.02;2, 17068, 70, 271.63;3, 17072, 55, 282.04
1788006057,0, 31370, 67, 290.67;1, 30866, 64, 297.24;2, 30876, 68, 280.98;3, 30866, 69, 324.60
1788006062,0, 17182, 0, 133.17;1, 16676, 0, 168.56;2, 16674, 0, 137.42;3, 16676, 72, 149.81
1788006067,0, 31370, 67, 290.44;1, 30864, 63, 295.34;2, 30874, 66, 277.22;3, 30866, 67, 299.50
1788006072,0, 31370, 69, 295.78;1, 30864, 64, 301.43;2, 30874, 70, 285.39;3, 30866, 71, 307.35
1788006077,0, 17532, 61, 286.09;1, 17026, 47, 288.97;2, 17022, 79, 282.24;3, 17026, 53, 296.00
1788006082,0, 31370, 67, 327.48;1, 30866, 65, 333.69;2, 15828, 100, 106.78;3, 30864, 69, 337.98
1788006087,0, 16892, 0, 95.03;1, 16722, 100, 122.28;2, 16234, 0, 86.97;3, 16722, 100, 110.33
1788006092,0, 31370, 67, 305.00;1, 30864, 63, 300.01;2, 30874, 68, 288.44;3, 30864, 68, 316.71
1788006097,0, 16324, 69, 247.19;1, 30864, 66, 306.70;2, 30874, 69, 316.48;3, 30864, 70, 312.10
1788006102,0, 17386, 75, 283.27;1, 17070, 68, 317.55;2, 17066, 68, 301.72;3, 17070, 83, 333.18
1788006108,0, 31370, 68, 329.61;1, 30866, 66, 303.93;2, 30874, 70, 286.75;3, 15820, 100, 119.48
1788006113,0, 16816, 0, 100.42;1, 16740, 0, 106.10;2, 16736, 100, 100.39;3, 16048, 100, 113.05
1788006118,0, 16324, 100, 165.47;1, 30864, 64, 335.12;2, 30876, 68, 313.72;3, 30864, 67, 324.69
1788006123,0, 16592, 25, 161.91;1, 16234, 28, 200.39;2, 16270, 53, 186.65;3, 16410, 48, 202.87
1788006128,0, 16324, 100, 113.48;1, 30864, 64, 335.27;2, 30876, 68, 284.34;3, 30864, 68, 338.97
1788006133,0, 16970, 34, 183.32;1, 17026, 41, 277.85;2, 16746, 68, 187.80;3, 16812, 58, 199.60
1788006138,0, 31370, 68, 294.86;1, 30864, 64, 303.33;2, 30874, 68, 285.15;3, 30866, 67, 303.98
1788006143,0, 17408, 47, 208.69;1, 17000, 66, 313.26;2, 17022, 42, 274.00;3, 16958, 47, 229.78
1788006148,0, 16324, 100, 113.95;1, 30864, 64, 305.96;2, 30874, 69, 285.72;3, 30864, 69, 308.27
1788006153,0, 16414, 0, 125.10;1, 16598, 0, 182.34;2, 16500, 66, 256.69;3, 16376, 0, 158.27
1788006158,0, 31370, 65, 240.32;1, 30864, 64, 301.17;2, 30874, 99, 280.22;3, 30864, 68, 289.44
1788006163,0, 31370, 68, 298.47;1, 15818, 100, 271.68;2, 30874, 69, 320.48;3, 30864, 70, 310.91
1788006168,0, 17228, 0, 69.12;1, 16466, 100, 123.87;2, 16720, 100, 104.55;3, 16722, 100, 119.34
1788006173,0, 17228, 0, 67.96;1, 16466, 100, 123.20;2, 16720, 100, 103.74;3, 16722, 100, 118.52
1788006179,0, 17578, 29, 302.19;1, 16762, 43, 268.38;2, 17068, 75, 293.66;3, 17072, 77, 309.05
1788006184,0, 16636, 27, 135.91;1, 16432, 21, 153.82;2, 16340, 100, 147.41;3, 16208, 50, 165.40
1788006189,0, 31370, 66, 288.48;1, 30864, 62, 296.83;2, 30874, 68, 282.91;3, 30868, 68, 303.39
1788006194,0, 16994, 69, 279.29;1, 15984, 64, 320.27;2, 16484, 100, 237.58;3, 16488, 71, 249.22
1788006199,0, 31370, 39, 279.27;1, 30864, 87, 291.98;2, 30874, 67, 267.62;3, 30866, 31, 285.41
1788006204,0, 16324, 100, 111.64;1, 30864, 65, 335.48;2, 30874, 69, 316.20;3, 15820, 100, 118.51
1788006209,0, 17082, 62, 234.34;1, 16914, 57, 292.13;2, 17050, 76, 289.35;3, 16600, 46, 229.30
1788006214,0, 31372, 68, 297.03;1, 15818, 63, 232.93;2, 30874, 70, 317.50;3, 30864, 68, 308.25
1788006219,0, 17576, 72, 203.19;1, 16490, 0, 134.78;2, 17070, 87, 200.06;3, 17070, 78, 205.10
1788006224,0, 16326, 100, 112.93;1, 30864, 63, 328.98;2, 30876, 69, 318.55;3, 30864, 69, 338.82
1788006229,0, 16376, 100, 111.73;1, 16520, 58, 326.35;2, 16514, 70, 250.05;3, 16256, 100, 119.16
1788006234,0, 29980, 3, 126.48;1, 30864, 62, 287.67;2, 30876, 26, 284.77;3, 30864, 66, 269.71
1788006239,0, 31370, 69, 296.92;1, 30864, 65, 304.47;2, 30876, 69, 318.99;3, 15818, 100, 119.34
1788006244,0, 17546, 61, 264.45;1, 17040, 58, 296.52;2, 17036, 72, 275.73;3, 16578, 43, 208.62
1788006250,0, 16908, 68, 310.72;1, 15976, 100, 124.86;2, 15966, 4, 122.68;3, 15982, 100, 133.84
1788006255,0, 31370, 65, 326.43;1, 15820, 100, 285.25;2, 30874, 68, 283.30;3, 30866, 67, 336.60
1788006260,0, 31370, 67, 330.37;1, 15820, 100, 123.89;2, 30874, 70, 319.58;3, 15820, 70, 237.20
1788006265,0, 31372, 99, 285.44;1, 30864, 62, 339.30;2, 30874, 68, 278.50;3, 30866, 76, 288.09
1788006270,0, 31372, 68, 300.84;1, 30864, 64, 331.48;2, 30874, 70, 290.63;3, 30866, 70, 313.49
1788006275,0, 17244, 100, 115.47;1, 16738, 0, 75.38;2, 16736, 100, 105.98;3, 16738, 100, 120.29
1788006280,0, 17244, 100, 114.25;1, 16738, 0, 75.03;2, 16736, 100, 104.98;3, 16738, 100, 119.14
1788006285,0, 17244, 100, 113.37;1, 16738, 0, 74.76;2, 16736, 100, 104.56;3, 16738, 100, 118.77
1788006290,0, 17244, 100, 112.39;1, 16738, 0, 35.65;2, 16736, 100, 104.05;3, 16738, 100, 118.24
1788006295,0, 17244, 100, 112.04;1, 16738, 0, 14.05;2, 16736, 100, 103.47;3, 16738, 100, 117.61
1788006300,0, 17244, 100, 111.19;1, 16738, 0, 13.58;2, 16736, 100, 103.26;3, 16738, 100, 117.32
1788006305,0, 17244, 100, 110.73;1, 16738, 0, 13.42;2, 16736, 100, 102.97;3, 16738, 100, 116.86
1788006310,0, 17244, 100, 110.20;1, 16738, 0, 13.25;2, 16736, 100, 103.12;3, 16738, 100, 116.22
1788006315,0, 17244, 100, 109.64;1, 16738, 0, 13.24;2, 16736, 100, 103.02;3, 16738, 100, 116.33
1788006320,0, 17244, 100, 109.02;1, 16738, 0, 12.98;2, 16736, 100, 102.85;3, 16738, 100, 116.13
1788006326,0, 17244, 100, 108.88;1, 16738, 0, 13.30;2, 16736, 100, 102.63;3, 16738, 100, 115.58
1788006331,0, 17244, 100, 108.47;1, 16738, 0, 12.93;2, 16736, 100, 102.71;3, 16738, 100, 115.74
1788006336,0, 17244, 100, 108.22;1, 16738, 0, 12.76;2, 16736, 100, 102.78;3, 16738, 100, 115.24
1788006341,0, 17244, 100, 107.53;1, 16738, 0, 12.75;2, 16736, 100, 102.68;3, 16738, 100, 114.84
1788006346,0, 17244, 100, 107.27;1, 16738, 0, 12.69;2, 16736, 100, 102.34;3, 16738, 100, 114.98
1788006351,0, 17244, 100, 107.10;1, 16738, 0, 12.70;2, 16736, 100, 102.46;3, 16738, 100, 114.59
1788006356,0, 17244, 100, 106.92;1, 16738, 0, 12.69;2, 16736, 100, 102.32;3, 16738, 100, 114.30
1788006361,0, 17244, 100, 106.40;1, 16738, 0, 12.64;2, 16736, 100, 102.31;3, 16738, 100, 114.24
1788006366,0, 17244, 100, 106.40;1, 16738, 0, 12.71;2, 16736, 100, 102.07;3, 16738, 100, 114.13
1788006371,0, 17244, 100, 106.11;1, 16738, 0, 12.78;2, 16736, 100, 102.04;3, 16738, 100, 113.58
1788006376,0, 17244, 100, 105.85;1, 16738, 0, 12.75;2, 16736, 100, 101.86;3, 16738, 100, 114.00
1788006381,0, 17244, 100, 105.38;1, 16738, 0, 12.56;2, 16736, 100, 102.13;3, 16738, 100, 113.86
1788006386,0, 17244, 100, 105.19;1, 16738, 0, 12.80;2, 16736, 100, 101.55;3, 16738, 100, 113.99
1788006391,0, 31370, 64, 276.69;1, 30864, 63, 279.71;2, 30874, 35, 267.60;3, 30866, 67, 288.71
1788006396,0, 31370, 68, 320.05;1, 15818, 65, 288.41;2, 30874, 68, 281.01;3, 29194, 69, 335.69
1788006402,0, 17196, 0, 65.02;1, 16276, 100, 115.31;2, 16688, 0, 66.38;3, 16374, 0, 73.17
1788006407,0, 17196, 0, 64.07;1, 16276, 100, 115.27;2, 16688, 0, 65.81;3, 16374, 0, 72.57
1788006412,0, 17196, 100, 106.29;1, 16276, 100, 115.32;2, 16688, 0, 65.44;3, 16374, 0, 71.96
1788006417,0, 17196, 100, 106.09;1, 16276, 100, 115.14;2, 16688, 0, 13.98;3, 16374, 0, 31.92
1788006422,0, 17196, 100, 105.83;1, 16276, 100, 115.23;2, 16688, 100, 101.75;3, 16374, 0, 14.41
1788006427,0, 17546, 60, 268.39;1, 16770, 52, 250.90;2, 17036, 77, 265.51;3, 16856, 50, 254.56
1788006432,0, 16324, 100, 188.69;1, 30864, 64, 287.36;2, 30874, 68, 277.30;3, 30864, 68, 298.92
1788006437,0, 16580, 0, 117.00;1, 16738, 0, 173.65;2, 16736, 0, 105.59;3, 16738, 69, 152.81
1788006442,0, 16580, 26, 64.50;1, 16738, 0, 73.71;2, 16736, 100, 94.56;3, 16738, 100, 113.96
1788006447,0, 31370, 66, 284.75;1, 30864, 62, 288.12;2, 30874, 67, 276.04;3, 30864, 67, 295.16
1788006452,0, 31370, 69, 293.19;1, 30864, 63, 291.10;2, 30874, 70, 285.87;3, 30864, 70, 304.24
1788006457,0, 17594, 73, 124.39;1, 17088, 100, 117.80;2, 17084, 100, 122.22;3, 17088, 65, 140.14
1788006462,0, 31370, 65, 283.47;1, 30864, 63, 292.20;2, 30876, 68, 279.04;3, 30864, 68, 297.94
1788006467,0, 16324, 68, 323.05;1, 30864, 66, 300.77;2, 15830, 69, 315.62;3, 15818, 70, 305.88
1788006472,0, 16978, 0, 79.13;1, 16722, 0, 73.94;2, 16720, 0, 67.07;3, 16722, 100, 115.77
1788006478,0, 16978, 100, 108.05;1, 16722, 0, 73.90;2, 16720, 100, 102.66;3, 16722, 100, 115.45
1788006483,0, 31370, 91, 275.75;1, 30864, 63, 295.88;2, 30876, 67, 273.42;3, 30864, 73, 290.71
1788006488,0, 31370, 69, 323.90;1, 30864, 65, 301.01;2, 15830, 100, 224.45;3, 30864, 69, 337.77
1788006493,0, 17070, 100, 108.77;1, 16492, 0, 74.20;2, 16350, 0, 67.29;3, 16492, 0, 73.93
1788006498,0, 31370, 61, 285.76;1, 30864, 71, 312.86;2, 30874, 20, 246.13;3, 30866, 60, 292.45
1788006503,0, 16324, 100, 109.41;1, 30864, 64, 324.92;2, 15828, 100, 103.76;3, 15820, 100, 116.58
1788006508,0, 16554, 26, 114.48;1, 16886, 0, 84.32;2, 16288, 100, 102.61;3, 16178, 100, 116.07
1788006513,0, 31372, 67, 289.18;1, 30864, 63, 324.36;2, 15828, 100, 103.21;3, 30868, 68, 322.61
1788006518,0, 31372, 70, 297.29;1, 15818, 100, 120.51;2, 15828, 100, 102.71;3, 15822, 100, 116.14
1788006523,0, 31372, 65, 283.92;1, 30864, 80, 281.15;2, 30874, 65, 284.34;3, 30864, 67, 316.30
1788006528,0, 16326, 68, 325.81;1, 30864, 64, 297.86;2, 30874, 69, 310.24;3, 30864, 71, 308.87
1788006533,0, 17356, 64, 260.47;1, 17026, 56, 286.26;2, 17022, 64, 270.10;3, 17026, 99, 292.21
1788006538,0, 16324, 100, 111.11;1, 30864, 63, 296.27;2, 30874, 68, 311.21;3, 30864, 69, 301.93
1788006543,0, 16426, 8, 121.57;1, 16690, 0, 220.98;2, 16542, 100, 142.84;3, 16690, 0, 181.30
1788006548,0, 31370, 95, 248.26;1, 30864, 63, 290.30;2, 30874, 66, 260.01;3, 30864, 66, 286.41
1788006554,0, 31370, 67, 293.53;1, 30864, 65, 333.82;2, 30874, 70, 316.72;3, 30864, 70, 309.11
1788006559,0, 17532, 66, 288.42;1, 17026, 62, 306.76;2, 17024, 73, 266.83;3, 17026, 62, 277.83
1788006564,0, 31372, 67, 324.72;1, 15818, 100, 122.95;2, 15828, 100, 105.50;3, 15818, 100, 118.28
1788006569,0, 17358, 60, 263.72;1, 16356, 29, 183.91;2, 16368, 58, 171.48;3, 16376, 43, 187.36
1788006574,0, 31370, 67, 293.11;1, 30864, 65, 301.86;2, 30874, 69, 282.69;3, 30864, 69, 305.10
1788006579,0, 17182, 0, 130.73;1, 16676, 0, 114.68;2, 16674, 100, 107.59;3, 16676, 0, 96.53
1788006584,0, 31370, 66, 298.72;1, 30864, 63, 309.79;2, 30874, 68, 279.24;3, 30864, 67, 303.70
1788006589,0, 31370, 69, 298.12;1, 15818, 100, 140.75;2, 30874, 70, 287.25;3, 30864, 71, 330.20
1788006594,0, 17578, 63, 300.02;1, 16714, 39, 266.29;2, 17068, 72, 288.95;3, 17072, 70, 305.12
1788006599,0, 31370, 68, 298.92;1, 30864, 63, 296.96;2, 30874, 68, 285.10;3, 30864, 70, 309.24
1788006604,0, 17196, 0, 143.20;1, 16690, 0, 103.03;2, 16686, 0, 89.63;3, 16690, 0, 110.78
1788006609,0, 17546, 73, 289.35;1, 17040, 63, 296.43;2, 17036, 71, 271.80;3, 17040, 75, 293.21
1788006614,0, 31372, 67, 295.36;1, 30864, 63, 316.10;2, 30874, 68, 284.79;3, 30866, 69, 306.36
1788006619,0, 17208, 0, 147.65;1, 16702, 0, 218.67;2, 16698, 0, 136.54;3, 16702, 0, 174.21
1788006625,0, 31372, 33, 284.82;1, 30864, 61, 297.47;2, 30876, 66, 270.20;3, 30866, 99, 288.83
1788006630,0, 16326, 100, 132.57;1, 15818, 100, 230.15;2, 30876, 68, 317.08;3, 15820, 100, 169.54
1788006635,0, 17170, 28, 222.94;1, 16634, 36, 249.37;2, 17022, 75, 287.46;3, 16712, 60, 247.91
1788006640,0, 16684, 25, 151.93;1, 16078, 23, 154.09;2, 16174, 60, 155.12;3, 16178, 22, 156.00
1788006645,0, 31370, 67, 293.59;1, 30864, 64, 301.10;2, 30874, 68, 285.36;3, 30864, 67, 305.19
1788006650,0, 17196, 84, 166.64;1, 16690, 0, 159.97;2, 16686, 0, 140.65;3, 16690, 7, 150.65
1788006655,0, 17546, 77, 291.32;1, 17040, 57, 301.92;2, 17036, 76, 259.65;3, 17040, 55, 278.57
1788006660,0, 31370, 68, 328.13;1, 30864, 64, 299.46;2, 30876, 67, 282.87;3, 30864, 69, 305.93
1788006665,0, 17582, 50, 207.13;1, 17072, 0, 221.98;2, 17072, 0, 186.76;3, 17072, 85, 202.84
1788006670,0, 16324, 100, 113.69;1, 15818, 100, 123.84;2, 30874, 68, 314.46;3, 15818, 100, 153.95
1788006675,0, 16616, 39, 145.61;1, 16112, 24, 153.83;2, 16666, 71, 220.54;3, 16156, 51, 167.38
1788006680,0, 31370, 66, 292.15;1, 30866, 63, 299.36;2, 30874, 68, 284.27;3, 30864, 68, 339.94
1788006685,0, 17226, 0, 225.60;1, 16720, 0, 212.76;2, 16718, 100, 192.78;3, 16722, 0, 163.53
1788006690,0, 17576, 76, 250.19;1, 30866, 41, 294.38;2, 30874, 78, 320.24;3, 30864, 79, 339.12
1788006696,0, 16324, 100, 114.14;1, 15820, 100, 125.46;2, 30874, 69, 316.38;3, 15818, 100, 119.37
1788006701,0, 16988, 30, 189.75;1, 16592, 43, 220.21;2, 17036, 71, 277.61;3, 16092, 53, 162.74
1788006706,0, 16326, 68, 203.31;1, 15818, 100, 123.03;2, 30874, 67, 285.09;3, 30864, 68, 303.89
1788006711,0, 16600, 100, 108.05;1, 15882, 100, 127.47;2, 16720, 100, 99.98;3, 16722, 0, 96.87
1788006716,0, 31370, 66, 290.66;1, 30864, 64, 297.69;2, 30874, 69, 286.73;3, 30864, 69, 306.24
1788006721,0, 31370, 68, 329.16;1, 30864, 65, 301.93;2, 30874, 69, 291.15;3, 30864, 70, 313.61
1788006726,0, 17532, 100, 113.36;1, 17012, 100, 164.02;2, 17024, 0, 74.91;3, 17038, 100, 111.32
1788006731,0, 31370, 66, 292.60;1, 30864, 63, 297.11;2, 30874, 67, 285.58;3, 30864, 68, 304.96
1788006736,0, 31370, 69, 298.80;1, 30864, 65, 302.62;2, 15828, 69, 294.29;3, 15818, 55, 304.64
1788006741,0, 17244, 100, 112.93;1, 16738, 0, 74.72;2, 16736, 0, 74.38;3, 16738, 53, 77.13
1788006746,0, 31060, 59, 310.12;1, 30864, 68, 333.44;2, 30874, 69, 288.95;3, 30864, 20, 289.17
1788006751,0, 16324, 100, 158.65;1, 15818, 100, 123.04;2, 30874, 68, 315.83;3, 15818, 100, 119.46
1788006756,0, 17094, 74, 192.40;1, 16430, 40, 212.15;2, 17070, 46, 253.82;3, 16246, 78, 179.51
1788006761,0, 31370, 66, 318.37;1, 30864, 64, 301.04;2, 30876, 69, 287.53;3, 30864, 69, 304.03
1788006767,0, 16918, 100, 151.99;1, 16690, 63, 305.39;2, 16686, 15, 214.15;3, 16690, 100, 190.73
1788006772,0, 16918, 0, 73.97;1, 16690, 100, 121.81;2, 16686, 100, 105.11;3, 16690, 0, 74.64
1788006777,0, 31370, 75, 258.41;1, 30864, 58, 283.61;2, 30874, 78, 285.71;3, 30864, 77, 297.49
1788006782,0, 31370, 69, 299.45;1, 30864, 65, 300.15;2, 30874, 69, 321.02;3, 30864, 70, 307.94
1788006787,0, 17214, 0, 95.24;1, 16708, 0, 94.45;2, 16706, 100, 105.65;3, 16708, 100, 119.12
1788006792,0, 31370, 66, 292.23;1, 30864, 65, 300.49;2, 30874, 69, 304.95;3, 15818, 100, 118.92
1788006797,0, 17076, 55, 224.70;1, 16392, 49, 201.24;2, 16582, 50, 220.84;3, 16086, 57, 167.39
1788006802,0, 31370, 67, 296.49;1, 30864, 63, 321.67;2, 30874, 68, 318.07;3, 15818, 100, 117.95
1788006807,0, 17182, 0, 94.06;1, 16676, 100, 122.23;2, 16674, 100, 106.05;3, 16124, 0, 89.39
1788006812,0, 17532, 39, 274.30;1, 17028, 60, 292.55;2, 17022, 51, 267.58;3, 16554, 47, 197.88
1788006817,0, 31370, 69, 298.46;1, 30864, 63, 298.98;2, 30874, 70, 289.14;3, 30864, 69, 304.98
1788006822,0, 16992, 0, 156.24;1, 16502, 0, 206.77;2, 16718, 0, 151.20;3, 16720, 0, 157.01
1788006827,0, 16992, 0, 69.62;1, 16502, 0, 74.64;2, 16718, 0, 73.85;3, 16720, 0, 74.32
1788006832,0, 16992, 0, 69.08;1, 16502, 0, 74.49;2, 16718, 0, 71.80;3, 16720, 0, 73.78
1788006837,0, 16992, 0, 68.02;1, 16502, 0, 74.54;2, 16718, 0, 70.71;3, 16720, 0, 73.61
1788006842,0, 16992, 0, 14.80;1, 16502, 0, 13.99;2, 16718, 0, 16.55;3, 16720, 0, 15.36
1788006848,0, 16992, 0, 14.23;1, 16502, 0, 13.58;2, 16718, 0, 15.84;3, 16720, 0, 15.64
1788006853,0, 16992, 0, 13.93;1, 16502, 0, 13.53;2, 16718, 0, 14.90;3, 16720, 0, 15.23
1788006858,0, 16992, 100, 107.55;1, 16502, 0, 13.61;2, 16718, 0, 13.98;3, 16720, 0, 14.91
1788006863,0, 31370, 8, 283.72;1, 30864, 62, 288.20;2, 30876, 67, 288.95;3, 30864, 63, 293.26
1788006868,0, 31370, 67, 300.19;1, 15818, 63, 205.30;2, 30876, 70, 314.68;3, 15818, 100, 114.23
1788006873,0, 16956, 0, 66.49;1, 16286, 0, 74.17;2, 16666, 0, 68.38;3, 16214, 100, 115.14
1788006878,0, 16956, 100, 108.43;1, 16286, 100, 118.97;2, 16666, 0, 67.49;3, 16214, 100, 114.71
1788006883,0, 16956, 100, 108.23;1, 16286, 100, 118.73;2, 16666, 0, 67.36;3, 16214, 100, 114.22
1788006888,0, 16956, 100, 107.97;1, 16286, 100, 119.01;2, 16666, 0, 33.62;3, 16214, 100, 113.61
1788006893,0, 17494, 66, 291.72;1, 16710, 38, 239.16;2, 17016, 73, 284.34;3, 16660, 38, 240.83
1788006898,0, 16324, 100, 109.12;1, 30864, 64, 326.16;2, 15828, 100, 166.83;3, 15818, 100, 113.25
1788006903,0, 16730, 19, 159.59;1, 17076, 63, 302.47;2, 16588, 34, 190.65;3, 16216, 39, 168.16
1788006908,0, 31370, 67, 289.67;1, 30864, 63, 294.57;2, 30876, 68, 284.58;3, 30864, 69, 300.14
1788006914,0, 17022, 43, 205.78;1, 16724, 40, 206.38;2, 16736, 58, 209.96;3, 16632, 60, 167.34
1788006919,0, 31370, 66, 289.03;1, 30864, 64, 296.32;2, 30876, 68, 280.82;3, 30864, 68, 302.06
1788006924,0, 17226, 69, 259.10;1, 16720, 66, 303.94;2, 16718, 84, 220.11;3, 16722, 100, 231.80
1788006929,0, 17508, 100, 132.43;1, 17014, 100, 120.40;2, 17010, 42, 83.54;3, 17030, 100, 142.48
1788006934,0, 31370, 65, 319.87;1, 30864, 62, 322.07;2, 30874, 68, 303.95;3, 30864, 67, 316.13
1788006939,0, 16682, 100, 110.08;1, 16152, 100, 148.64;2, 16720, 69, 316.65;3, 16402, 100, 117.36
1788006944,0, 31370, 99, 266.66;1, 30864, 63, 308.11;2, 30874, 67, 265.47;3, 30864, 67, 280.52
1788006949,0, 31370, 69, 298.07;1, 30864, 65, 302.98;2, 30874, 70, 288.39;3, 30864, 70, 308.74
1788006954,0, 17196, 0, 67.86;1, 16690, 100, 109.85;2, 16686, 0, 70.87;3, 16690, 100, 101.74
1788006959,0, 17504, 63, 149.59;1, 16988, 100, 122.14;2, 17008, 0, 105.95;3, 17022, 60, 161.15
1788006964,0, 31370, 66, 287.70;1, 30864, 63, 296.13;2, 30874, 67, 280.52;3, 30864, 69, 301.95
1788006969,0, 17626, 69, 327.41;1, 30864, 65, 333.18;2, 15828, 70, 305.86;3, 15818, 70, 327.92
1788006974,0, 17244, 100, 99.87;1, 16738, 100, 109.67;2, 16736, 0, 70.24;3, 16738, 100, 79.55
1788006979,0, 31370, 65, 301.04;1, 30864, 63, 296.74;2, 30876, 68, 290.58;3, 30864, 68, 310.66
1788006985,0, 31370, 68, 295.09;1, 30864, 66, 305.05;2, 30876, 69, 288.82;3, 30864, 70, 308.67
1788006990,0, 17594, 71, 325.17;1, 17088, 69, 319.52;2, 17084, 58, 304.54;3, 17088, 82, 337.92
1788006995,0, 16324, 70, 214.52;1, 30864, 64, 333.70;2, 30876, 70, 317.65;3, 15818, 100, 118.44
1788007000,0, 17096, 37, 206.15;1, 16668, 54, 217.32;2, 16690, 67, 196.14;3, 16410, 29, 189.74
1788007005,0, 31370, 67, 293.60;1, 30864, 64, 298.17;2, 15830, 100, 142.35;3, 30864, 68, 337.16
1788007010,0, 17244, 69, 254.51;1, 16738, 65, 307.42;2, 16010, 98, 106.00;3, 16738, 100, 220.25
1788007015,0, 31370, 66, 293.25;1, 30864, 63, 298.12;2, 30876, 66, 278.49;3, 30864, 66, 303.57
1788007020,0, 16324, 100, 179.66;1, 15818, 100, 123.27;2, 15830, 100, 106.31;3, 30864, 68, 342.44
1788007025,0, 17344, 73, 252.88;1, 16566, 39, 222.85;2, 16752, 78, 227.34;3, 17030, 81, 297.26
1788007030,0, 16396, 100, 113.72;1, 15906, 0, 103.73;2, 15886, 0, 87.65;3, 16010, 0, 97.23
1788007035,0, 16396, 100, 112.60;1, 15906, 0, 74.54;2, 15886, 0, 69.02;3, 16010, 100, 85.74
1788007040,0, 16396, 100, 111.99;1, 15906, 0, 74.36;2, 15886, 100, 103.13;3, 16010, 100, 117.55
1788007045,0, 16396, 100, 111.46;1, 15906, 0, 62.73;2, 15886, 100, 103.07;3, 16010, 100, 117.70
1788007050,0, 31370, 66, 288.21;1, 30864, 64, 296.48;2, 30876, 66, 278.22;3, 30864, 69, 303.70
1788007055,0, 16324, 100, 111.71;1, 15818, 100, 121.20;2, 30876, 68, 314.11;3, 15818, 100, 118.32
1788007061,0, 16804, 0, 68.24;1, 16260, 0, 74.41;2, 16718, 0, 69.17;3, 16294, 0, 74.20
1788007066,0, 16804, 0, 67.58;1, 16260, 0, 74.35;2, 16718, 0, 68.50;3, 16294, 0, 73.51
1788007071,0, 16804, 0, 66.68;1, 16260, 0, 73.62;2, 16718, 0, 67.43;3, 16294, 0, 73.20
1788007076,0, 16804, 0, 14.90;1, 16260, 0, 14.64;2, 16718, 0, 15.27;3, 16294, 0, 17.34
1788007081,0, 16804, 0, 13.51;1, 16260, 0, 12.98;2, 16718, 0, 13.93;3, 16294, 0, 15.79
1788007086,0, 16804, 0, 13.31;1, 16260, 0, 13.56;2, 16718, 0, 13.18;3, 16294, 0, 14.90
1788007091,0, 16804, 0, 12.93;1, 16260, 0, 12.90;2, 16718, 0, 12.87;3, 16294, 0, 14.90
1788007096,0, 16804, 0, 12.72;1, 16260, 0, 12.88;2, 16718, 0, 13.22;3, 16294, 0, 14.44
1788007101,0, 16804, 0, 12.66;1, 16260, 0, 13.00;2, 16718, 0, 12.63;3, 16294, 0, 14.43
1788007106,0, 16804, 0, 12.88;1, 16260, 0, 12.80;2, 16718, 0, 12.36;3, 16294, 0, 14.16
1788007111,0, 16804, 0, 12.44;1, 16260, 0, 12.73;2, 16718, 0, 12.70;3, 16294, 0, 13.77
1788007116,0, 16804, 0, 12.48;1, 16260, 0, 13.01;2, 16718, 0, 11.98;3, 16294, 0, 13.94
1788007121,0, 16804, 0, 12.50;1, 16260, 0, 12.61;2, 16718, 0, 11.16;3, 16294, 0, 13.66
1788007127,0, 16804, 0, 12.59;1, 16260, 0, 12.63;2, 16718, 0, 11.25;3, 16294, 0, 13.81
1788007132,0, 16804, 0, 12.27;1, 16260, 0, 12.46;2, 16718, 0, 11.69;3, 16294, 0, 13.70
1788007137,0, 16804, 0, 12.38;1, 16260, 0, 12.70;2, 16718, 0, 10.91;3, 16294, 0, 13.92
1788007142,0, 16804, 0, 12.20;1, 16260, 0, 12.69;2, 16718, 0, 10.90;3, 16294, 0, 13.87
1788007147,0, 16804, 0, 12.15;1, 16260, 0, 12.77;2, 16718, 0, 11.26;3, 16294, 0, 13.91
1788007152,0, 16804, 0, 12.12;1, 16260, 0, 12.50;2, 16718, 0, 10.43;3, 16294, 0, 13.95
1788007157,0, 16804, 0, 12.18;1, 16260, 0, 12.74;2, 16718, 0, 9.93;3, 16294, 0, 13.51
1788007162,0, 16804, 0, 12.12;1, 16260, 0, 12.98;2, 16718, 0, 9.70;3, 16294, 0, 13.79
1788007167,0, 16804, 0, 12.11;1, 16260, 0, 12.66;2, 16718, 0, 9.63;3, 16294, 0, 13.07
1788007172,0, 16804, 0, 12.08;1, 16260, 0, 12.23;2, 16718, 0, 9.80;3, 16294, 0, 13.25
1788007177,0, 16804, 0, 11.77;1, 16260, 0, 12.39;2, 16718, 100, 58.58;3, 16294, 0, 13.12
1788007182,0, 16804, 100, 102.41;1, 16260, 0, 12.60;2, 16718, 100, 98.32;3, 16294, 0, 12.93
1788007188,0, 16804, 100, 102.57;1, 16260, 0, 12.54;2, 16718, 100, 98.38;3, 16294, 100, 106.71
1788007193,0, 16804, 100, 102.53;1, 16260, 0, 12.73;2, 16718, 100, 98.29;3, 16294, 100, 107.33
1788007198,0, 16804, 100, 102.96;1, 16260, 0, 12.80;2, 16718, 100, 98.80;3, 16294, 100, 107.56
1788007203,0, 16804, 100, 102.87;1, 16260, 0, 12.60;2, 16718, 100, 99.00;3, 16294, 100, 108.36
1788007208,0, 31372, 64, 259.45;1, 30864, 51, 256.84;2, 30874, 18, 284.76;3, 30864, 63, 262.77
1788007213,0, 31372, 68, 284.28;1, 30864, 63, 286.08;2, 30874, 70, 277.44;3, 30864, 68, 294.31
1788007218,0, 17226, 0, 82.74;1, 16720, 0, 83.39;2, 16718, 0, 81.88;3, 16720, 0, 89.20
1788007223,0, 17226, 0, 61.81;1, 16720, 0, 71.13;2, 16718, 0, 63.90;3, 16720, 100, 110.43
1788007228,0, 17226, 0, 61.94;1, 16720, 0, 70.94;2, 16718, 100, 100.10;3, 16720, 100, 110.37
1788007233,0, 17226, 100, 103.68;1, 16720, 0, 69.77;2, 16718, 100, 100.04;3, 16720, 100, 110.23
1788007238,0, 31370, 67, 280.11;1, 30866, 62, 280.30;2, 15830, 67, 207.35;3, 30866, 64, 292.54
1788007243,0, 31370, 68, 319.21;1, 15820, 100, 112.86;2, 15830, 100, 99.55;3, 15820, 100, 171.91
1788007248,0, 29980, 3, 175.83;1, 30864, 62, 265.48;2, 30876, 34, 219.59;3, 30866, 66, 265.22
1788007253,0, 31370, 67, 316.59;1, 30864, 64, 319.22;2, 30876, 69, 305.58;3, 15820, 100, 111.94
1788007259,0, 17196, 100, 83.21;1, 16432, 0, 72.53;2, 16458, 0, 73.57;3, 16302, 0, 81.00
1788007264,0, 17196, 100, 105.80;1, 16432, 0, 71.62;2, 16458, 100, 101.19;3, 16302, 0, 71.12
1788007269,0, 17196, 100, 105.62;1, 16432, 0, 71.05;2, 16458, 100, 100.85;3, 16302, 0, 69.89
1788007274,0, 17196, 100, 105.39;1, 16432, 0, 30.90;2, 16458, 100, 100.86;3, 16302, 0, 32.47
1788007279,0, 17196, 100, 105.42;1, 16432, 0, 12.46;2, 16458, 100, 100.91;3, 16302, 0, 14.09
1788007284,0, 17196, 100, 105.36;1, 16432, 100, 113.93;2, 16458, 100, 100.84;3, 16302, 0, 14.28
1788007289,0, 17196, 100, 104.90;1, 16432, 100, 114.49;2, 16458, 100, 100.93;3, 16302, 0, 14.05
1788007294,0, 17550, 66, 277.33;1, 16940, 55, 283.50;2, 17002, 70, 262.71;3, 16564, 69, 212.84
1788007299,0, 31370, 67, 287.51;1, 30864, 64, 289.74;2, 30878, 69, 276.15;3, 30864, 69, 300.27
1788007304,0, 17228, 0, 88.76;1, 16722, 0, 94.28;2, 16718, 0, 84.03;3, 16722, 0, 85.86
1788007309,0, 31370, 75, 257.95;1, 30864, 53, 268.61;2, 30874, 80, 271.07;3, 30864, 76, 281.97
1788007314,0, 31370, 68, 290.80;1, 30864, 65, 292.64;2, 30874, 69, 277.62;3, 30864, 71, 302.88
1788007319,0, 17594, 63, 159.39;1, 17088, 0, 127.72;2, 17084, 100, 166.65;3, 17088, 56, 179.78
1788007324,0, 31370, 66, 286.15;1, 30864, 64, 289.21;2, 30876, 67, 275.84;3, 30864, 69, 300.15
1788007329,0, 17244, 68, 323.64;1, 16362, 74, 144.14;2, 16212, 100, 102.78;3, 16356, 100, 113.44
1788007335,0, 17244, 100, 109.07;1, 16362, 0, 73.39;2, 16212, 100, 102.30;3, 16356, 100, 113.77
1788007340,0, 17244, 100, 108.61;1, 16362, 0, 73.47;2, 16212, 100, 102.23;3, 16356, 100, 113.50
1788007345,0, 17594, 73, 303.71;1, 16812, 59, 270.22;2, 16646, 47, 219.46;3, 16632, 62, 260.47
1788007350,0, 31372, 67, 322.44;1, 30864, 65, 293.34;2, 30876, 70, 280.84;3, 30864, 69, 302.18
1788007355,0, 17232, 0, 155.98;1, 16724, 100, 198.10;2, 16722, 0, 143.50;3, 16724, 38, 160.83
1788007360,0, 31370, 65, 285.87;1, 30866, 63, 289.12;2, 30874, 66, 275.34;3, 30864, 67, 299.44
1788007365,0, 31370, 68, 317.00;1, 15820, 61, 232.27;2, 30874, 70, 311.62;3, 30864, 70, 307.64
1788007370,0, 17536, 67, 279.55;1, 16852, 40, 269.35;2, 17026, 68, 272.44;3, 17026, 73, 285.41
1788007375,0, 31382, 68, 293.61;1, 15818, 100, 119.00;2, 30886, 70, 315.77;3, 15818, 100, 116.00
1788007380,0, 17232, 0, 90.28;1, 16044, 0, 90.39;2, 16458, 0, 79.93;3, 15962, 100, 116.07
1788007385,0, 17232, 0, 67.73;1, 16044, 100, 117.08;2, 16458, 0, 67.94;3, 15962, 100, 115.18
1788007390,0, 17232, 0, 66.96;1, 16044, 100, 117.15;2, 16458, 0, 67.29;3, 15962, 100, 114.80
1788007395,0, 17232, 0, 37.18;1, 16044, 100, 117.14;2, 16458, 0, 50.78;3, 15962, 100, 114.54
1788007400,0, 17232, 0, 13.77;1, 16044, 100, 117.13;2, 16458, 0, 14.46;3, 15962, 100, 114.79
1788007405,0, 17232, 100, 106.99;1, 16044, 100, 117.37;2, 16458, 0, 14.03;3, 15962, 100, 114.37
1788007411,0, 17232, 100, 106.98;1, 16044, 100, 116.58;2, 16458, 0, 13.03;3, 15962, 100, 114.66
1788007416,0, 17232, 100, 106.67;1, 16044, 100, 116.68;2, 16458, 0, 12.80;3, 15962, 100, 113.88
1788007421,0, 17232, 100, 106.63;1, 16044, 100, 116.64;2, 16458, 0, 12.65;3, 15962, 100, 113.44
1788007426,0, 17232, 100, 106.48;1, 16044, 100, 116.40;2, 16458, 0, 12.20;3, 15962, 100, 113.35
1788007431,0, 17232, 100, 106.22;1, 16044, 100, 116.58;2, 16458, 0, 12.44;3, 15962, 100, 113.22
1788007436,0, 17232, 100, 106.17;1, 16044, 100, 116.35;2, 16458, 0, 11.30;3, 15962, 100, 113.22
1788007441,0, 17232, 100, 105.77;1, 16044, 100, 116.24;2, 16458, 0, 11.17;3, 15962, 100, 113.28
1788007446,0, 17232, 100, 105.92;1, 16044, 100, 116.80;2, 16458, 0, 11.16;3, 15962, 100, 112.92
1788007451,0, 17232, 100, 105.46;1, 16044, 100, 116.21;2, 16458, 0, 11.01;3, 15962, 100, 112.55
1788007456,0, 17232, 100, 105.67;1, 16044, 100, 116.12;2, 16458, 0, 10.44;3, 15962, 100, 112.78
1788007461,0, 17232, 100, 105.15;1, 16044, 100, 115.75;2, 16458, 0, 10.79;3, 15962, 100, 113.28
1788007466,0, 17232, 100, 105.15;1, 16044, 100, 116.01;2, 16458, 0, 11.15;3, 15962, 100, 112.76
1788007471,0, 17232, 100, 105.08;1, 16044, 100, 115.83;2, 16458, 0, 10.90;3, 15962, 100, 113.09
1788007476,0, 17232, 100, 105.02;1, 16044, 100, 116.02;2, 16458, 0, 10.63;3, 15962, 100, 112.19
1788007481,0, 17232, 100, 104.94;1, 16044, 100, 115.64;2, 16458, 0, 10.59;3, 15962, 100, 112.21
1788007486,0, 17232, 100, 104.89;1, 16044, 100, 115.60;2, 16458, 0, 10.27;3, 15962, 100, 111.96
1788007492,0, 17232, 100, 105.05;1, 16044, 100, 115.96;2, 16458, 0, 10.18;3, 15962, 100, 112.04
1788007497,0, 17232, 100, 104.74;1, 16044, 100, 115.52;2, 16458, 0, 9.97;3, 15962, 100, 111.68
1788007502,0, 17232, 100, 104.75;1, 16044, 100, 115.31;2, 16458, 0, 9.91;3, 15962, 100, 111.56
1788007507,0, 17232, 100, 104.35;1, 16044, 100, 115.15;2, 16458, 0, 9.25;3, 15962, 100, 111.63
1788007512,0, 17232, 100, 104.35;1, 16044, 100, 115.10;2, 16458, 0, 9.58;3, 15962, 100, 111.90
1788007517,0, 17232, 100, 104.34;1, 16044, 100, 115.29;2, 16458, 0, 9.98;3, 15962, 100, 111.39
1788007522,0, 17232, 100, 104.75;1, 16044, 100, 115.33;2, 16458, 0, 9.66;3, 15962, 100, 111.53
1788007527,0, 29680, 19, 322.14;1, 30864, 35, 211.81;2, 30876, 74, 289.64;3, 30864, 44, 194.43
1788007532,0, 31370, 67, 286.25;1, 30864, 64, 291.92;2, 30876, 68, 270.78;3, 30864, 68, 299.49
1788007537,0, 17532, 35, 234.23;1, 17026, 59, 237.84;2, 17022, 56, 227.22;3, 17026, 70, 245.16
1788007542,0, 31370, 66, 285.68;1, 30864, 65, 290.91;2, 30874, 66, 269.82;3, 30864, 69, 299.77
1788007547,0, 17244, 100, 245.10;1, 16738, 65, 295.78;2, 16736, 69, 215.54;3, 16738, 95, 183.59
1788007552,0, 17594, 67, 314.57;1, 17088, 62, 293.30;2, 17088, 76, 299.76;3, 17092, 66, 330.05
1788007557,0, 16324, 100, 107.97;1, 15820, 100, 255.20;2, 30874, 69, 277.13;3, 30864, 70, 304.89
1788007562,0, 16452, 100, 106.96;1, 16236, 100, 117.51;2, 16736, 100, 97.88;3, 16738, 0, 90.28
1788007568,0, 31370, 66, 284.75;1, 30864, 63, 291.36;2, 30874, 67, 274.45;3, 30864, 68, 300.70
1788007573,0, 31370, 69, 294.61;1, 30864, 65, 302.72;2, 30874, 69, 282.38;3, 17492, 70, 307.54
1788007578,0, 17578, 68, 253.84;1, 17072, 73, 252.48;2, 17068, 62, 258.22;3, 17072, 77, 292.48
1788007583,0, 31370, 65, 287.90;1, 30864, 63, 293.81;2, 30874, 68, 275.26;3, 30864, 68, 303.52
1788007588,0, 17182, 70, 271.56;1, 16284, 0, 142.80;2, 16674, 0, 225.02;3, 16366, 82, 142.99
1788007593,0, 17182, 100, 109.36;1, 16284, 100, 113.28;2, 16674, 0, 66.75;3, 16366, 100, 116.30
1788007598,0, 17536, 58, 241.58;1, 16542, 40, 197.31;2, 17026, 80, 226.40;3, 16850, 43, 222.11
1788007603,0, 31370, 67, 288.81;1, 30864, 64, 296.45;2, 30876, 68, 276.66;3, 30864, 70, 338.57
1788007608,0, 16516, 100, 229.40;1, 16010, 64, 295.82;2, 16432, 100, 103.53;3, 16518, 87, 162.14
1788007613,0, 17576, 53, 311.13;1, 17070, 61, 310.30;2, 16940, 83, 277.45;3, 17070, 89, 314.83
1788007618,0, 31370, 67, 325.04;1, 30866, 65, 314.74;2, 30876, 69, 281.48;3, 30864, 70, 306.22
1788007623,0, 17444, 100, 112.25;1, 16912, 0, 102.23;2, 16936, 0, 82.82;3, 16938, 100, 113.12
1788007628,0, 16324, 100, 117.96;1, 15818, 100, 120.46;2, 15828, 100, 104.59;3, 30866, 68, 337.38
1788007633,0, 16324, 100, 110.98;1, 15818, 100, 119.33;2, 15828, 100, 103.37;3, 29376, 72, 344.01
1788007639,0, 31370, 72, 165.78;1, 30866, 65, 199.79;2, 30874, 28, 153.52;3, 30864, 16, 283.02
1788007644,0, 16576, 100, 110.95;1, 15914, 0, 84.44;2, 16002, 100, 102.90;3, 15960, 0, 88.66
1788007649,0, 16822, 100, 110.38;1, 15986, 0, 73.71;2, 16222, 46, 106.89;3, 16064, 100, 125.40
1788007654,0, 31370, 65, 320.10;1, 15818, 100, 118.53;2, 30874, 67, 308.01;3, 15818, 100, 117.36
1788007659,0, 16458, 68, 329.22;1, 15818, 100, 118.40;2, 15962, 71, 315.10;3, 15818, 100, 116.57
1788007664,0, 31370, 67, 290.37;1, 30864, 64, 295.90;2, 30874, 67, 276.97;3, 30864, 67, 300.31
1788007669,0, 16570, 0, 68.63;1, 16124, 0, 73.66;2, 16134, 0, 69.06;3, 16060, 0, 73.82
1788007674,0, 16570, 0, 67.25;1, 16124, 0, 73.41;2, 16134, 93, 70.43;3, 16060, 0, 73.37
1788007679,0, 16570, 0, 66.86;1, 16124, 0, 73.30;2, 16134, 100, 102.58;3, 16060, 0, 72.88
1788007684,0, 31370, 99, 202.62;1, 30864, 23, 180.88;2, 30874, 60, 200.30;3, 30864, 59, 222.97
1788007689,0, 16688, 33, 162.43;1, 16230, 32, 178.49;2, 16178, 70, 152.52;3, 16212, 51, 178.83
1788007694,0, 31370, 67, 290.26;1, 30864, 65, 324.33;2, 30878, 68, 278.69;3, 30864, 69, 332.91
1788007699,0, 16688, 0, 92.58;1, 16264, 0, 96.10;2, 16598, 100, 95.95;3, 16692, 0, 94.85
1788007704,0, 16536, 0, 194.29;1, 16016, 27, 138.21;2, 16036, 27, 172.46;3, 16046, 72, 125.89
1788007709,0, 31370, 66, 286.93;1, 30864, 64, 295.07;2, 30876, 67, 277.78;3, 30864, 67, 300.14
1788007715,0, 31370, 69, 295.74;1, 30864, 65, 299.39;2, 30876, 70, 303.89;3, 29760, 71, 340.52
1788007720,0, 17546, 72, 199.34;1, 17040, 39, 195.36;2, 17036, 77, 221.02;3, 17040, 72, 232.67
1788007725,0, 31370, 66, 288.90;1, 30866, 64, 294.97;2, 30876, 68, 279.96;3, 30864, 68, 304.45
1788007730,0, 17196, 68, 327.13;1, 16364, 100, 120.58;2, 16686, 65, 282.41;3, 16680, 63, 251.19
1788007735,0, 17196, 0, 68.22;1, 16364, 0, 73.96;2, 16686, 100, 103.24;3, 16680, 0, 74.46
1788007740,0, 17196, 100, 110.19;1, 16364, 0, 84.60;2, 16686, 100, 103.15;3, 16680, 0, 73.98
1788007745,0, 17196, 100, 109.61;1, 16364, 100, 117.64;2, 16686, 100, 102.99;3, 16680, 0, 73.64
1788007750,0, 17196, 100, 109.61;1, 16364, 100, 117.42;2, 16686, 100, 103.00;3, 16680, 0, 16.98
1788007755,0, 17550, 39, 275.13;1, 16838, 37, 251.28;2, 17036, 76, 238.20;3, 17028, 76, 134.36
1788007760,0, 31370, 66, 289.51;1, 30864, 63, 293.41;2, 30874, 67, 280.94;3, 30864, 68, 301.23
1788007765,0, 16862, 100, 110.27;1, 16676, 66, 300.88;2, 16672, 70, 207.02;3, 16676, 88, 214.13
1788007770,0, 31370, 11, 231.99;1, 30864, 54, 288.18;2, 30874, 51, 272.92;3, 30864, 99, 283.48
1788007775,0, 31370, 68, 292.53;1, 30864, 65, 331.95;2, 30874, 70, 285.82;3, 30864, 70, 308.98
1788007780,0, 17546, 71, 111.37;1, 16978, 49, 210.10;2, 17036, 100, 160.04;3, 17040, 59, 159.23
1788007786,0, 31370, 67, 294.42;1, 30864, 64, 298.20;2, 30874, 68, 283.25;3, 30868, 70, 308.64
1788007791,0, 31370, 70, 331.28;1, 30864, 67, 304.02;2, 15828, 100, 105.83;3, 15822, 71, 344.77
1788007796,0, 17228, 0, 68.15;1, 16720, 0, 74.14;2, 16178, 0, 68.44;3, 16722, 0, 74.54
1788007801,0, 17228, 0, 67.34;1, 16720, 0, 74.12;2, 16178, 0, 68.42;3, 16722, 0, 74.13
1788007806,0, 17228, 0, 67.02;1, 16720, 0, 73.75;2, 16178, 0, 67.44;3, 16722, 0, 73.58
1788007811,0, 17228, 0, 14.11;1, 16720, 0, 14.85;2, 16178, 0, 16.55;3, 16722, 0, 18.31
1788007816,0, 17228, 100, 108.00;1, 16720, 100, 117.99;2, 16178, 100, 102.59;3, 16722, 0, 16.06
1788007821,0, 17228, 100, 107.75;1, 16720, 100, 117.43;2, 16178, 100, 102.47;3, 16722, 0, 16.19
1788007826,0, 17228, 100, 107.64;1, 16720, 100, 117.35;2, 16178, 100, 102.38;3, 16722, 0, 14.75
1788007831,0, 31370, 99, 302.69;1, 30864, 64, 290.44;2, 30874, 65, 243.87;3, 30864, 67, 310.21
1788007836,0, 16388, 100, 108.31;1, 15954, 100, 118.12;2, 15884, 100, 102.61;3, 15954, 0, 72.35
1788007841,0, 16388, 100, 107.52;1, 15954, 100, 118.28;2, 15884, 100, 102.42;3, 15954, 0, 71.93
1788007846,0, 16388, 100, 107.14;1, 15954, 100, 117.90;2, 15884, 100, 102.27;3, 15954, 0, 71.84
1788007851,0, 16388, 100, 107.08;1, 15954, 100, 117.83;2, 15884, 100, 102.20;3, 15954, 0, 16.85
1788007856,0, 16388, 100, 106.49;1, 15954, 100, 117.60;2, 15884, 100, 102.20;3, 15954, 0, 14.76
1788007861,0, 16388, 100, 106.23;1, 15954, 100, 117.79;2, 15884, 100, 102.21;3, 15954, 0, 14.71
1788007867,0, 16388, 100, 106.23;1, 15954, 100, 117.86;2, 15884, 100, 101.92;3, 15954, 0, 14.81
1788007872,0, 16388, 100, 105.83;1, 15954, 100, 117.08;2, 15884, 100, 101.92;3, 15954, 0, 14.40
1788007877,0, 16388, 100, 105.90;1, 15954, 100, 117.22;2, 15884, 100, 101.87;3, 15954, 0, 13.84
1788007882,0, 16388, 100, 105.92;1, 15954, 100, 116.84;2, 15884, 100, 101.87;3, 15954, 0, 14.19
1788007887,0, 16388, 100, 105.77;1, 15954, 100, 116.95;2, 15884, 100, 101.83;3, 15954, 0, 14.13
1788007892,0, 16388, 100, 105.48;1, 15954, 100, 117.34;2, 15884, 100, 101.76;3, 15954, 0, 13.93
1788007897,0, 16388, 100, 105.97;1, 15954, 100, 117.10;2, 15884, 100, 101.60;3, 15954, 0, 13.40
1788007902,0, 16388, 100, 105.63;1, 15954, 100, 116.99;2, 15884, 100, 101.78;3, 15954, 0, 13.98
1788007907,0, 16388, 100, 105.35;1, 15954, 100, 116.90;2, 15884, 100, 101.53;3, 15954, 0, 13.25
1788007912,0, 16388, 100, 105.06;1, 15954, 100, 116.97;2, 15884, 100, 101.56;3, 15954, 0, 13.37
1788007917,0, 16388, 100, 104.86;1, 15954, 100, 116.55;2, 15884, 100, 101.26;3, 15954, 0, 13.16
1788007922,0, 16388, 100, 105.04;1, 15954, 100, 116.84;2, 15884, 100, 101.54;3, 15954, 0, 13.17
1788007927,0, 16388, 100, 105.00;1, 15954, 100, 116.56;2, 15884, 100, 101.73;3, 15954, 0, 13.39
1788007932,0, 16388, 100, 105.08;1, 15954, 100, 116.45;2, 15884, 100, 101.45;3, 15954, 0, 13.62
1788007937,0, 16388, 100, 105.25;1, 15954, 100, 116.38;2, 15884, 100, 101.48;3, 15954, 0, 13.23
1788007942,0, 16388, 100, 104.86;1, 15954, 100, 116.29;2, 15884, 100, 101.36;3, 15954, 0, 13.02
1788007948,0, 16388, 100, 105.14;1, 15954, 100, 116.06;2, 15884, 100, 101.26;3, 15954, 0, 13.61
1788007953,0, 16388, 100, 104.64;1, 15954, 100, 116.46;2, 15884, 100, 101.08;3, 15954, 0, 12.61
1788007958,0, 16388, 100, 104.55;1, 15954, 100, 116.05;2, 15884, 100, 101.30;3, 15954, 0, 12.76
1788007963,0, 16388, 100, 104.69;1, 15954, 100, 116.29;2, 15884, 100, 101.25;3, 15954, 0, 12.99
1788007968,0, 16388, 100, 104.62;1, 15954, 100, 115.44;2, 15884, 100, 101.30;3, 15954, 0, 12.64
1788007973,0, 16388, 100, 104.89;1, 15954, 100, 115.84;2, 15884, 100, 100.55;3, 15954, 0, 12.92
1788007978,0, 16388, 100, 104.93;1, 15954, 100, 115.78;2, 15884, 100, 100.57;3, 15954, 0, 12.60
1788007983,0, 16388, 100, 104.60;1, 15954, 100, 115.63;2, 15884, 100, 100.76;3, 15954, 0, 12.35
1788007988,0, 16388, 100, 104.64;1, 15954, 100, 115.52;2, 15884, 100, 100.70;3, 15954, 0, 12.07
1788007993,0, 16388, 100, 104.52;1, 15954, 100, 115.52;2, 15884, 100, 100.83;3, 15954, 0, 11.99
1788007998,0, 16388, 100, 104.44;1, 15954, 100, 115.77;2, 15884, 100, 100.45;3, 15954, 0, 12.12
1788008003,0, 16388, 100, 104.39;1, 15954, 100, 116.20;2, 15884, 100, 100.91;3, 15954, 0, 11.90
1788008008,0, 16388, 100, 104.35;1, 15954, 100, 115.83;2, 15884, 100, 100.72;3, 15954, 0, 11.55
1788008013,0, 16388, 100, 104.37;1, 15954, 100, 115.58;2, 15884, 100, 100.46;3, 15954, 0, 11.78
1788008018,0, 16388, 100, 104.49;1, 15954, 100, 115.84;2, 15884, 100, 100.42;3, 15954, 0, 11.86
1788008023,0, 16388, 100, 104.42;1, 15954, 100, 115.84;2, 15884, 100, 100.10;3, 15954, 0, 12.28
1788008029,0, 16388, 100, 104.17;1, 15954, 100, 115.73;2, 15884, 100, 100.47;3, 15954, 0, 12.23
1788008034,0, 16388, 100, 104.15;1, 15954, 100, 115.29;2, 15884, 100, 100.49;3, 15954, 0, 12.26
1788008039,0, 16388, 100, 104.39;1, 15954, 100, 115.88;2, 15884, 100, 100.43;3, 15954, 0, 11.98
1788008044,0, 16388, 100, 104.40;1, 15954, 100, 115.97;2, 15884, 100, 99.97;3, 15954, 0, 12.33
1788008049,0, 16388, 100, 104.56;1, 15954, 100, 115.61;2, 15884, 100, 100.51;3, 15954, 0, 12.17
1788008054,0, 16388, 100, 104.26;1, 15954, 100, 115.68;2, 15884, 100, 100.35;3, 15954, 0, 11.53
1788008059,0, 16388, 100, 103.90;1, 15954, 100, 115.34;2, 15884, 100, 100.31;3, 15954, 0, 11.89
1788008064,0, 16388, 100, 104.05;1, 15954, 100, 115.57;2, 15884, 100, 100.52;3, 15954, 0, 12.38
1788008069,0, 16388, 100, 104.44;1, 15954, 100, 115.76;2, 15884, 100, 100.32;3, 15954, 0, 12.15
1788008074,0, 16388, 100, 104.09;1, 15954, 100, 115.52;2, 15884, 100, 100.24;3, 15954, 0, 12.11
1788008079,0, 16600, 34, 166.07;1, 16170, 29, 174.18;2, 16114, 48, 160.01;3, 16170, 43, 169.86
1788008084,0, 31370, 68, 317.17;1, 30864, 65, 294.03;2, 30874, 69, 276.65;3, 30864, 70, 292.23
1788008089,0, 17228, 100, 154.52;1, 16720, 0, 206.88;2, 16320, 0, 129.67;3, 16720, 0, 120.44
1788008094,0, 17468, 100, 105.19;1, 16958, 100, 116.11;2, 16642, 100, 100.79;3, 16974, 46, 84.19
1788008099,0, 31370, 68, 294.01;1, 30864, 64, 299.91;2, 30874, 68, 300.90;3, 30864, 69, 322.82
1788008105,0, 16324, 70, 324.65;1, 15838, 100, 134.49;2, 15992, 69, 308.30;3, 15982, 71, 330.45
1788008110,0, 17576, 48, 321.65;1, 16862, 47, 293.61;2, 17066, 61, 295.00;3, 17074, 79, 309.69
1788008115,0, 31370, 68, 292.42;1, 30866, 65, 328.43;2, 30874, 69, 277.76;3, 30864, 71, 300.25
1788008120,0, 17226, 100, 108.52;1, 16514, 0, 92.32;2, 16718, 0, 77.25;3, 16720, 99, 102.96
1788008125,0, 17576, 51, 328.91;1, 16818, 57, 301.47;2, 17066, 80, 312.82;3, 17070, 81, 329.83
1788008130,0, 16324, 67, 295.24;1, 30864, 65, 297.08;2, 30874, 69, 280.89;3, 15818, 100, 164.83
1788008135,0, 16900, 0, 82.87;1, 16570, 100, 122.79;2, 16818, 100, 94.90;3, 16386, 0, 82.75
1788008140,0, 31370, 65, 288.41;1, 30864, 65, 296.21;2, 30874, 68, 278.85;3, 30866, 68, 296.11
1788008145,0, 16418, 77, 117.05;1, 15906, 100, 119.24;2, 16534, 71, 315.21;3, 16088, 100, 112.67
1788008150,0, 16754, 0, 65.51;1, 16210, 0, 73.70;2, 16736, 0, 67.02;3, 16088, 100, 97.31
1788008155,0, 17048, 44, 222.73;1, 16650, 52, 246.05;2, 17084, 80, 313.83;3, 16486, 37, 215.83
1788008160,0, 31370, 67, 320.77;1, 30864, 65, 328.99;2, 30874, 69, 282.52;3, 30864, 69, 332.30
1788008165,0, 17228, 0, 93.32;1, 16352, 0, 100.65;2, 16718, 100, 98.28;3, 16722, 100, 114.87
1788008170,0, 31370, 66, 289.34;1, 30864, 64, 295.30;2, 30876, 67, 277.00;3, 30864, 68, 297.00
1788008176,0, 31370, 68, 296.77;1, 15818, 100, 119.35;2, 30876, 69, 314.73;3, 30864, 70, 315.88
1788008181,0, 17244, 0, 67.37;1, 16112, 100, 118.79;2, 16736, 0, 68.28;3, 16700, 0, 72.83
1788008186,0, 17598, 88, 254.17;1, 16530, 28, 163.10;2, 17084, 83, 237.44;3, 17044, 59, 132.81
1788008191,0, 31370, 68, 299.46;1, 30864, 65, 318.16;2, 30874, 68, 303.96;3, 30864, 67, 299.54
1788008196,0, 17244, 69, 333.61;1, 16276, 100, 119.23;2, 16736, 14, 283.79;3, 16738, 70, 291.76
1788008201,0, 17598, 46, 301.35;1, 16528, 47, 234.91;2, 17084, 72, 291.08;3, 17088, 60, 301.22
1788008206,0, 31370, 67, 294.17;1, 30866, 66, 300.95;2, 30874, 69, 283.51;3, 30866, 70, 304.62
1788008211,0, 17244, 0, 94.73;1, 16738, 0, 98.07;2, 16736, 0, 87.16;3, 16738, 0, 94.39
1788008216,0, 29980, 69, 318.20;1, 29476, 64, 307.65;2, 29484, 82, 305.54;3, 29474, 82, 323.81
1788008221,0, 31370, 67, 328.99;1, 15820, 66, 306.38;2, 30874, 69, 317.35;3, 15818, 69, 336.45
1788008226,0, 17570, 79, 223.71;1, 16696, 100, 169.00;2, 17084, 73, 238.10;3, 16780, 87, 194.67
1788008231,0, 31370, 67, 293.09;1, 30864, 64, 296.42;2, 30876, 67, 280.74;3, 30866, 69, 304.03
1788008236,0, 17042, 68, 286.00;1, 16738, 66, 333.26;2, 16736, 70, 257.06;3, 16738, 100, 220.59
1788008241,0, 31370, 75, 298.45;1, 30864, 64, 301.18;2, 30876, 83, 292.02;3, 30864, 65, 305.63
1788008247,0, 16324, 100, 114.02;1, 30864, 65, 332.12;2, 30876, 69, 316.19;3, 15818, 100, 198.66
1788008252,0, 17068, 38, 207.20;1, 17026, 48, 304.39;2, 16914, 78, 262.60;3, 16702, 69, 241.07
1788008257,0, 16324, 100, 112.77;1, 30864, 66, 305.52;2, 15830, 100, 106.83;3, 30864, 69, 340.06
1788008262,0, 16520, 100, 112.29;1, 16502, 0, 101.45;2, 15914, 100, 103.70;3, 16722, 100, 112.06
1788008267,0, 31370, 66, 293.78;1, 30864, 64, 298.73;2, 15832, 68, 312.50;3, 30864, 68, 304.83
1788008272,0, 16556, 0, 84.11;1, 16108, 0, 96.17;2, 15992, 100, 103.48;3, 16354, 0, 88.45
1788008277,0, 16762, 32, 179.45;1, 16526, 36, 218.56;2, 16248, 52, 171.16;3, 16630, 43, 245.20
1788008282,0, 16324, 100, 110.87;1, 15818, 100, 121.31;2, 15830, 100, 105.22;3, 30864, 68, 338.14
1788008287,0, 16674, 22, 157.92;1, 16146, 17, 154.47;2, 16424, 58, 173.72;3, 17026, 63, 291.60
1788008292,0, 31370, 67, 291.91;1, 30864, 65, 301.64;2, 30874, 69, 313.18;3, 30864, 69, 307.17
1788008297,0, 17182, 100, 100.64;1, 16396, 0, 108.91;2, 16242, 100, 103.55;3, 16228, 100, 149.48
1788008302,0, 31370, 68, 291.66;1, 30864, 64, 329.69;2, 30876, 67, 279.68;3, 30864, 68, 304.05
1788008307,0, 16936, 100, 111.91;1, 16354, 100, 120.98;2, 16484, 0, 79.12;3, 16412, 100, 104.41
1788008312,0, 31372, 65, 311.15;1, 30864, 64, 297.59;2, 30874, 67, 279.94;3, 30864, 68, 304.03
1788008317,0, 16738, 100, 112.14;1, 16370, 99, 175.12;2, 16174, 100, 105.97;3, 16692, 70, 343.43
1788008323,0, 31370, 66, 246.62;1, 30866, 64, 284.23;2, 30874, 18, 241.16;3, 30864, 67, 287.76
1788008328,0, 31370, 69, 299.36;1, 15820, 100, 122.56;2, 30874, 69, 294.99;3, 30864, 70, 326.01
1788008333,0, 17598, 74, 301.64;1, 16642, 47, 245.98;2, 17088, 80, 291.86;3, 17092, 64, 333.27
1788008338,0, 31370, 67, 326.03;1, 30866, 66, 303.77;2, 30874, 67, 316.05;3, 15818, 100, 200.93
1788008343,0, 17228, 0, 148.35;1, 16722, 60, 235.73;2, 16720, 0, 139.01;3, 16098, 0, 129.70
1788008348,0, 17578, 61, 286.42;1, 17072, 57, 298.36;2, 17070, 62, 272.55;3, 16508, 76, 218.40
1788008353,0, 31370, 67, 296.76;1, 30864, 64, 302.20;2, 30874, 69, 287.45;3, 30864, 68, 310.04
1788008358,0, 17228, 0, 96.76;1, 16722, 100, 115.38;2, 16718, 0, 89.33;3, 16722, 0, 101.66
1788008363,0, 31370, 67, 289.72;1, 30864, 88, 294.87;2, 30874, 67, 278.43;3, 30864, 20, 284.39
1788008368,0, 31370, 69, 299.93;1, 30864, 66, 305.80;2, 30874, 68, 289.43;3, 30864, 69, 311.80
1788008373,0, 17244, 0, 70.69;1, 16406, 0, 74.57;2, 16736, 0, 73.69;3, 16738, 65, 78.15
1788008378,0, 17594, 67, 309.92;1, 16904, 54, 284.05;2, 17084, 78, 315.55;3, 17088, 59, 330.64
1788008383,0, 16390, 86, 112.49;1, 15882, 100, 122.01;2, 16138, 68, 305.84;3, 15920, 38, 133.78
1788008388,0, 31370, 1, 104.23;1, 30866, 64, 276.58;2, 30874, 99, 248.71;3, 30866, 66, 265.14
1788008394,0, 31370, 67, 328.27;1, 30866, 66, 305.07;2, 30874, 70, 288.73;3, 30866, 71, 311.68
1788008399,0, 17182, 100, 113.05;1, 16676, 0, 74.76;2, 16672, 100, 104.33;3, 16676, 100, 119.11
1788008404,0, 29980, 55, 264.05;1, 29474, 37, 299.09;2, 29484, 99, 266.99;3, 29476, 74, 301.09
1788008409,0, 31370, 67, 297.99;1, 30864, 66, 318.12;2, 30874, 68, 315.75;3, 30866, 70, 309.26
1788008414,0, 17228, 0, 84.84;1, 16722, 0, 96.81;2, 16720, 0, 79.92;3, 16722, 0, 88.61
1788008419,0, 31370, 44, 264.64;1, 30864, 57, 312.76;2, 30874, 53, 260.11;3, 30864, 80, 284.71
1788008424,0, 31370, 68, 297.18;1, 30864, 65, 303.33;2, 30874, 69, 289.00;3, 30864, 69, 310.63
1788008429,0, 17182, 0, 94.78;1, 16676, 0, 82.92;2, 16672, 0, 82.78;3, 16676, 100, 109.66
1788008434,0, 16402, 61, 212.29;1, 15910, 41, 210.81;2, 15896, 0, 204.13;3, 15890, 100, 194.99
1788008439,0, 31370, 67, 292.21;1, 30866, 63, 297.19;2, 30874, 68, 283.52;3, 30866, 67, 303.14
1788008444,0, 31370, 69, 298.97;1, 30866, 66, 336.27;2, 30874, 70, 302.69;3, 30866, 70, 312.96
1788008449,0, 17594, 69, 294.40;1, 17092, 73, 328.44;2, 17084, 82, 292.05;3, 17088, 70, 330.38
1788008454,0, 16326, 100, 111.65;1, 15818, 64, 333.72;2, 30874, 70, 314.81;3, 15818, 100, 168.92
1788008459,0, 16762, 57, 152.04;1, 16684, 62, 235.96;2, 17068, 75, 230.99;3, 16636, 61, 200.75
1788008465,0, 31370, 67, 293.66;1, 30864, 66, 305.27;2, 30876, 69, 287.30;3, 30864, 69, 307.84
1788008470,0, 17244, 67, 284.34;1, 16738, 68, 324.49;2, 16736, 70, 246.10;3, 16738, 100, 240.82
1788008475,0, 17244, 0, 67.98;1, 16738, 0, 74.45;2, 16736, 0, 71.44;3, 16738, 0, 74.79
1788008480,0, 17244, 0, 67.10;1, 16738, 100, 121.30;2, 16736, 0, 71.06;3, 16738, 0, 74.38
1788008485,0, 17244, 0, 66.27;1, 16738, 100, 120.88;2, 16736, 0, 69.72;3, 16738, 0, 73.94
1788008490,0, 17244, 100, 109.25;1, 16738, 100, 120.43;2, 16736, 0, 17.20;3, 16738, 0, 16.97
1788008495,0, 17244, 100, 107.89;1, 16738, 100, 120.02;2, 16736, 0, 15.10;3, 16738, 100, 116.20
1788008500,0, 17244, 100, 107.85;1, 16738, 100, 120.01;2, 16736, 0, 14.58;3, 16738, 100, 116.08
1788008505,0, 17244, 100, 107.88;1, 16738, 100, 119.97;2, 16736, 0, 14.22;3, 16738, 100, 115.97
1788008510,0, 31370, 64, 304.63;1, 30866, 48, 287.44;2, 30874, 82, 295.10;3, 30864, 70, 301.13
1788008515,0, 31370, 70, 326.14;1, 30866, 65, 332.91;2, 30874, 69, 313.58;3, 15818, 100, 115.43
1788008520,0, 17232, 100, 109.58;1, 16726, 0, 86.94;2, 16460, 0, 72.90;3, 16018, 0, 99.29
1788008525,0, 17232, 100, 109.06;1, 16726, 0, 74.00;2, 16460, 0, 66.98;3, 16018, 100, 116.26
1788008530,0, 17232, 100, 108.42;1, 16726, 0, 73.94;2, 16460, 0, 66.56;3, 16018, 100, 115.35
1788008535,0, 17232, 100, 108.46;1, 16726, 0, 34.18;2, 16460, 0, 48.88;3, 16018, 100, 115.31
1788008540,0, 17232, 100, 107.46;1, 16726, 100, 118.22;2, 16460, 0, 13.46;3, 16018, 100, 114.86
1788008546,0, 31370, 66, 292.56;1, 30864, 64, 294.58;2, 30874, 67, 295.43;3, 30864, 67, 296.74
1788008551,0, 31370, 69, 294.15;1, 30864, 66, 302.00;2, 30874, 69, 281.01;3, 30864, 71, 306.68
1788008556,0, 17546, 55, 226.71;1, 17040, 65, 227.63;2, 17036, 77, 223.55;3, 17040, 49, 172.38
1788008561,0, 31370, 66, 291.57;1, 30866, 64, 299.06;2, 30876, 69, 281.83;3, 30864, 69, 314.10
1788008566,0, 17244, 69, 251.43;1, 16738, 68, 306.98;2, 16736, 87, 217.71;3, 16738, 100, 230.66
1788008571,0, 17594, 77, 311.32;1, 17088, 66, 292.67;2, 17088, 78, 299.78;3, 17092, 72, 317.74
1788008576,0, 31370, 66, 291.46;1, 30864, 65, 298.86;2, 30874, 69, 283.26;3, 30864, 68, 305.06
1788008581,0, 17228, 93, 224.48;1, 16722, 64, 215.25;2, 16718, 0, 164.87;3, 16722, 100, 170.91
1788008586,0, 31370, 67, 280.15;1, 30864, 17, 297.74;2, 30874, 76, 274.62;3, 30864, 77, 298.81
1788008591,0, 16642, 100, 178.40;1, 15912, 29, 204.51;2, 15872, 28, 153.11;3, 15862, 60, 182.66
1788008596,0, 31372, 69, 297.30;1, 30866, 65, 332.22;2, 30874, 71, 286.89;3, 30864, 70, 312.38
1788008601,0, 17230, 0, 92.41;1, 16726, 0, 102.93;2, 16722, 0, 85.07;3, 16724, 0, 90.14
1788008606,0, 17580, 79, 316.93;1, 17074, 68, 325.81;2, 17070, 87, 316.52;3, 17074, 74, 338.28
1788008611,0, 31370, 67, 296.51;1, 30864, 65, 302.34;2, 30876, 68, 282.09;3, 30864, 69, 306.36
1788008617,0, 17532, 69, 264.54;1, 17026, 69, 297.02;2, 17022, 73, 264.68;3, 17026, 88, 294.51
1788008622,0, 31372, 66, 297.14;1, 30864, 65, 304.34;2, 30874, 68, 292.32;3, 30866, 69, 309.55
1788008627,0, 17228, 74, 254.85;1, 16418, 0, 159.12;2, 16190, 0, 126.72;3, 16722, 51, 301.48
1788008632,0, 17228, 0, 69.70;1, 16418, 0, 74.55;2, 16190, 100, 99.47;3, 16722, 0, 74.94
1788008637,0, 17228, 100, 112.78;1, 16418, 0, 74.38;2, 16190, 100, 103.19;3, 16722, 0, 74.66
1788008642,0, 17228, 100, 111.75;1, 16418, 0, 74.19;2, 16190, 100, 103.23;3, 16722, 0, 74.06
1788008647,0, 17228, 100, 111.68;1, 16418, 0, 14.13;2, 16190, 100, 103.09;3, 16722, 0, 16.96
1788008652,0, 17580, 53, 321.62;1, 16700, 43, 272.81;2, 16634, 59, 224.27;3, 17070, 73, 323.02
1788008657,0, 31370, 67, 292.67;1, 30864, 64, 296.60;2, 30874, 69, 281.41;3, 30866, 69, 305.33
1788008662,0, 17196, 0, 142.64;1, 16690, 0, 189.42;2, 16686, 0, 151.96;3, 16690, 85, 152.59
1788008667,0, 17546, 72, 282.24;1, 17040, 37, 297.91;2, 17036, 64, 270.68;3, 17040, 73, 298.66
1788008672,0, 31370, 68, 295.21;1, 30864, 65, 301.69;2, 30874, 70, 285.53;3, 30866, 69, 306.56
1788008677,0, 17578, 66, 177.77;1, 17070, 100, 171.74;2, 17066, 100, 177.79;3, 17072, 72, 208.41
1788008682,0, 31370, 67, 291.81;1, 30864, 65, 300.82;2, 30876, 68, 284.12;3, 30864, 68, 306.62
1788008688,0, 16324, 69, 299.56;1, 30864, 66, 306.00;2, 15830, 71, 292.30;3, 15818, 60, 305.42
1788008693,0, 17226, 0, 69.77;1, 16720, 100, 121.31;2, 16718, 0, 70.76;3, 16720, 0, 74.34
1788008698,0, 31372, 65, 296.53;1, 30866, 63, 292.78;2, 30874, 23, 279.02;3, 30864, 67, 295.70
1788008703,0, 31372, 68, 329.86;1, 30866, 65, 330.73;2, 15828, 100, 107.96;3, 30864, 69, 340.55
1788008708,0, 17532, 73, 279.09;1, 17026, 58, 285.11;2, 16704, 23, 217.14;3, 17028, 72, 280.84
1788008713,0, 31370, 68, 330.38;1, 30866, 65, 306.05;2, 30874, 68, 285.30;3, 30864, 70, 311.08
1788008718,0, 16862, 100, 110.24;1, 16722, 0, 104.89;2, 16718, 0, 88.86;3, 16722, 100, 118.24
1788008723,0, 17320, 100, 127.20;1, 17074, 100, 193.80;2, 17070, 67, 101.09;3, 17074, 100, 166.70
1788008728,0, 31370, 66, 294.40;1, 30864, 65, 302.17;2, 30874, 68, 283.01;3, 30864, 68, 305.66
1788008733,0, 29880, 70, 302.98;1, 30864, 67, 309.42;2, 15828, 70, 289.38;3, 15818, 69, 312.43
1788008738,0, 17576, 68, 314.81;1, 17070, 62, 332.73;2, 17066, 76, 306.08;3, 17070, 71, 306.99
1788008743,0, 31370, 68, 296.77;1, 30864, 64, 303.61;2, 30876, 68, 284.14;3, 30866, 68, 307.26
1788008748,0, 17484, 94, 98.59;1, 16982, 0, 139.93;2, 16990, 62, 108.56;3, 16876, 56, 121.85
1788008753,0, 31370, 67, 327.24;1, 30864, 64, 303.20;2, 30876, 68, 284.71;3, 30864, 69, 306.58
1788008759,0, 16324, 68, 335.39;1, 15818, 100, 124.26;2, 18492, 71, 293.14;3, 15818, 100, 119.79
1788008764,0, 17244, 100, 113.56;1, 16134, 0, 74.55;2, 16736, 100, 104.30;3, 16286, 100, 116.35
1788008769,0, 17244, 100, 113.77;1, 16134, 0, 74.35;2, 16736, 100, 103.73;3, 16286, 100, 118.18
1788008774,0, 31370, 65, 302.75;1, 30864, 63, 296.14;2, 30874, 67, 280.17;3, 30864, 68, 303.04
1788008779,0, 16324, 100, 112.90;1, 30864, 65, 331.15;2, 15828, 100, 105.69;3, 15818, 100, 117.77
1788008784,0, 31370, 61, 253.16;1, 30864, 99, 299.38;2, 30876, 66, 226.83;3, 30864, 17, 250.82
1788008789,0, 31370, 68, 326.98;1, 15818, 100, 122.26;2, 15830, 100, 266.82;3, 30864, 70, 309.23
1788008794,0, 17532, 59, 232.73;1, 16120, 24, 162.59;2, 16746, 71, 177.61;3, 17026, 50, 259.42
1788008799,0, 31370, 64, 291.39;1, 30864, 65, 299.74;2, 30874, 67, 281.45;3, 30866, 68, 304.03
1788008804,0, 31370, 68, 299.98;1, 15818, 66, 257.61;2, 15828, 100, 243.36;3, 15820, 65, 239.49
1788008809,0, 17228, 0, 69.94;1, 16722, 100, 120.56;2, 16718, 100, 103.43;3, 16724, 100, 118.52
1788008814,0, 17228, 0, 68.24;1, 16722, 100, 120.54;2, 16718, 100, 103.36;3, 16724, 100, 118.22
1788008819,0, 17228, 0, 67.73;1, 16722, 100, 119.75;2, 16718, 100, 103.08;3, 16724, 100, 117.21
1788008824,0, 17228, 0, 15.44;1, 16722, 100, 119.56;2, 16718, 100, 103.01;3, 16724, 100, 116.61
1788008829,0, 17228, 0, 13.78;1, 16722, 100, 119.68;2, 16718, 100, 102.94;3, 16724, 100, 116.09
1788008834,0, 17578, 71, 286.02;1, 17072, 72, 288.97;2, 17068, 69, 280.86;3, 17072, 81, 302.92
1788008840,0, 31370, 67, 303.68;1, 30864, 64, 297.70;2, 30874, 68, 280.99;3, 30866, 68, 322.05
1788008845,0, 16744, 100, 108.11;1, 16254, 0, 96.19;2, 16688, 100, 98.07;3, 16692, 100, 117.52
1788008850,0, 16324, 100, 173.55;1, 30864, 65, 296.61;2, 30876, 67, 278.07;3, 15820, 100, 200.20
1788008855,0, 16452, 100, 107.90;1, 16144, 100, 118.86;2, 16314, 0, 86.83;3, 15890, 100, 116.40
1788008860,0, 31372, 64, 297.90;1, 30866, 64, 308.34;2, 30874, 68, 284.33;3, 30864, 68, 297.65
1788008865,0, 31372, 67, 290.92;1, 30866, 66, 303.39;2, 30874, 70, 286.44;3, 30864, 71, 309.55
1788008870,0, 17208, 100, 109.10;1, 16702, 0, 74.44;2, 16698, 100, 103.51;3, 16702, 100, 117.46
1788008875,0, 31370, 66, 305.08;1, 30864, 63, 323.51;2, 30876, 66, 279.99;3, 30864, 67, 301.84
1788008880,0, 31370, 69, 326.45;1, 15818, 100, 121.64;2, 30876, 70, 317.31;3, 30864, 70, 311.28
1788008885,0, 31370, 65, 272.24;1, 30864, 99, 274.97;2, 30874, 57, 267.88;3, 30864, 84, 303.86
1788008890,0, 16492, 0, 91.60;1, 16064, 0, 99.04;2, 16170, 0, 87.62;3, 16060, 0, 93.70
1788008895,0, 16492, 100, 110.66;1, 16064, 0, 74.18;2, 16170, 0, 71.09;3, 16060, 100, 117.25
1788008900,0, 16492, 100, 110.24;1, 16064, 0, 73.93;2, 16170, 0, 69.77;3, 16060, 100, 117.02
1788008905,0, 16492, 100, 109.64;1, 16064, 0, 73.83;2, 16170, 100, 103.10;3, 16060, 100, 116.46
1788008911,0, 16738, 49, 175.19;1, 16320, 23, 191.15;2, 16572, 43, 206.85;3, 16442, 45, 198.51
1788008916,0, 31370, 67, 290.62;1, 30866, 65, 298.58;2, 30874, 70, 284.23;3, 30864, 69, 305.56
1788008921,0, 17230, 0, 94.22;1, 16724, 0, 124.31;2, 16722, 0, 150.32;3, 16724, 0, 156.80
1788008926,0, 17580, 73, 328.08;1, 17074, 77, 339.95;2, 17070, 83, 317.37;3, 17074, 74, 326.48
1788008931,0, 31370, 68, 324.54;1, 30864, 65, 307.68;2, 30874, 68, 315.75;3, 15818, 70, 338.15
1788008936,0, 17270, 33, 166.12;1, 16876, 42, 191.89;2, 17088, 44, 201.08;3, 16632, 86, 180.89
1788008941,0, 31370, 66, 291.54;1, 30864, 64, 298.20;2, 30874, 68, 281.84;3, 30864, 68, 303.06
1788008946,0, 16324, 69, 301.05;1, 30864, 66, 306.61;2, 15828, 69, 306.44;3, 15818, 71, 334.32
1788008951,0, 17244, 0, 68.15;1, 16738, 0, 74.40;2, 16736, 0, 71.41;3, 16738, 0, 74.69
1788008956,0, 17244, 100, 110.46;1, 16738, 0, 74.12;2, 16736, 100, 96.54;3, 16738, 100, 117.70
1788008961,0, 17244, 100, 109.98;1, 16738, 0, 74.08;2, 16736, 100, 103.14;3, 16738, 100, 117.19
1788008966,0, 17244, 100, 109.47;1, 16738, 0, 13.97;2, 16736, 100, 103.07;3, 16738, 100, 116.84
1788008971,0, 31370, 65, 281.90;1, 30864, 18, 302.11;2, 30874, 68, 274.33;3, 30866, 67, 293.07
1788008976,0, 31370, 68, 294.09;1, 30864, 66, 331.79;2, 15828, 67, 314.49;3, 30866, 70, 306.56
1788008981,0, 17182, 0, 68.38;1, 16300, 100, 119.78;2, 16308, 0, 70.18;3, 16676, 100, 117.54
1788008987,0, 17182, 0, 67.05;1, 16300, 100, 119.68;2, 16308, 100, 103.31;3, 16676, 100, 116.58
1788008992,0, 17182, 0, 66.55;1, 16300, 100, 119.46;2, 16308, 100, 103.05;3, 16676, 100, 116.13
1788008997,0, 31370, 66, 272.53;1, 30866, 64, 277.18;2, 30874, 53, 231.71;3, 30864, 79, 283.15
1788009002,0, 16324, 100, 109.84;1, 30866, 66, 302.26;2, 15828, 100, 104.51;3, 30864, 69, 307.61
1788009007,0, 16624, 100, 109.05;1, 16720, 0, 79.17;2, 16110, 100, 103.00;3, 16720, 83, 98.94
1788009012,0, 16326, 79, 237.58;1, 30864, 63, 299.95;2, 30874, 66, 250.93;3, 30864, 70, 292.34
1788009017,0, 16326, 100, 108.79;1, 30864, 65, 334.11;2, 30874, 69, 313.32;3, 30864, 70, 306.70
1788009022,0, 16548, 15, 122.08;1, 17042, 66, 292.64;2, 17038, 61, 259.65;3, 17042, 83, 275.59
1788009027,0, 31370, 65, 286.76;1, 30864, 64, 305.07;2, 15830, 69, 282.73;3, 15818, 67, 303.66
1788009032,0, 17182, 63, 263.95;1, 16244, 0, 141.53;2, 16086, 0, 118.01;3, 16090, 56, 130.08
1788009037,0, 31370, 66, 278.81;1, 30864, 44, 278.96;2, 30876, 68, 283.55;3, 30864, 18, 241.54
1788009042,0, 31370, 69, 295.71;1, 30864, 66, 305.30;2, 30876, 70, 287.21;3, 15818, 100, 117.93
1788009047,0, 17228, 100, 110.37;1, 16722, 100, 121.81;2, 16720, 0, 69.78;3, 16210, 0, 74.24
1788009052,0, 17428, 100, 110.01;1, 16922, 100, 121.14;2, 16920, 100, 103.34;3, 16500, 0, 83.11
1788009057,0, 31370, 66, 288.49;1, 30864, 64, 299.02;2, 30878, 67, 280.28;3, 30864, 68, 302.45
1788009063,0, 31370, 68, 295.20;1, 30864, 66, 305.86;2, 30878, 68, 286.42;3, 24914, 71, 310.42
1788009068,0, 17244, 0, 67.80;1, 16738, 100, 120.87;2, 16734, 100, 103.34;3, 16738, 100, 117.33
1788009073,0, 31370, 65, 288.40;1, 30866, 64, 298.21;2, 30874, 67, 281.42;3, 30864, 68, 301.82
1788009078,0, 31370, 67, 297.09;1, 15820, 100, 122.62;2, 30874, 69, 287.06;3, 30864, 70, 344.67
1788009083,0, 17578, 74, 295.05;1, 16378, 33, 193.39;2, 17068, 63, 285.28;3, 17076, 81, 301.67
1788009088,0, 31370, 67, 293.52;1, 30864, 65, 302.64;2, 30874, 69, 285.17;3, 30864, 69, 305.16
1788009093,0, 17244, 61, 260.91;1, 16738, 52, 217.21;2, 16736, 0, 213.81;3, 16740, 100, 192.53
1788009098,0, 17594, 83, 303.27;1, 17088, 70, 322.84;2, 17084, 70, 307.82;3, 17092, 79, 332.18
1788009103,0, 31372, 68, 326.19;1, 15818, 100, 123.15;2, 15828, 67, 314.61;3, 30864, 68, 341.70
1788009108,0, 17288, 63, 132.77;1, 16136, 100, 128.66;2, 16522, 100, 147.89;3, 17026, 46, 110.55
1788009113,0, 31370, 66, 293.91;1, 30864, 64, 298.91;2, 30874, 68, 284.16;3, 30866, 69, 305.47
1788009118,0, 16980, 69, 331.82;1, 16296, 100, 124.36;2, 16472, 71, 307.29;3, 16474, 55, 300.12
1788009123,0, 17536, 66, 301.95;1, 16754, 50, 266.62;2, 17022, 69, 284.05;3, 17026, 76, 303.17
1788009129,0, 31370, 67, 296.03;1, 30864, 64, 301.29;2, 30874, 68, 287.73;3, 30864, 70, 309.93
1788009134,0, 17226, 0, 154.40;1, 16720, 100, 108.22;2, 16718, 0, 89.83;3, 16720, 0, 104.55
1788009139,0, 17576, 82, 318.38;1, 17070, 64, 326.00;2, 17066, 69, 280.13;3, 17070, 78, 305.21
1788009144,0, 31370, 66, 327.85;1, 15818, 100, 181.44;2, 30874, 70, 321.56;3, 30864, 70, 317.71
1788009149,0, 17536, 60, 275.43;1, 16526, 27, 205.51;2, 17026, 68, 274.55;3, 17026, 73, 289.98
1788009154,0, 31370, 67, 297.12;1, 30864, 64, 320.65;2, 30874, 69, 287.58;3, 30864, 69, 346.47
1788009159,0, 17244, 0, 164.51;1, 16738, 0, 219.66;2, 16736, 0, 145.92;3, 16738, 0, 134.68
1788009164,0, 17244, 0, 70.31;1, 16738, 100, 121.87;2, 16736, 100, 104.21;3, 16738, 100, 120.77
1788009169,0, 31370, 65, 307.65;1, 30864, 63, 299.20;2, 30876, 68, 282.95;3, 30864, 69, 307.93
1788009174,0, 16794, 0, 95.64;1, 16172, 100, 115.41;2, 16366, 0, 88.74;3, 16180, 0, 97.57
1788009179,0, 16324, 100, 208.39;1, 30864, 62, 304.49;2, 30874, 67, 264.65;3, 30864, 66, 293.88
1788009184,0, 16362, 100, 120.79;1, 16266, 44, 218.13;2, 16150, 0, 117.96;3, 16070, 100, 131.08
1788009189,0, 16554, 17, 138.50;1, 16750, 45, 239.33;2, 16558, 31, 206.58;3, 16462, 32, 187.55
1788009194,0, 31372, 67, 293.70;1, 15818, 100, 123.56;2, 30874, 68, 306.65;3, 15820, 100, 119.32
1788009199,0, 17244, 49, 245.54;1, 16392, 42, 188.30;2, 16714, 82, 224.11;3, 16442, 70, 185.52
1788009205,0, 31372, 67, 294.79;1, 30864, 66, 305.79;2, 30874, 67, 319.02;3, 30866, 71, 310.61
1788009210,0, 17576, 72, 175.79;1, 17070, 65, 243.19;2, 17068, 100, 171.69;3, 17070, 57, 197.39
1788009215,0, 31370, 67, 296.32;1, 30864, 65, 303.14;2, 30874, 68, 315.14;3, 30864, 69, 330.11
1788009220,0, 17232, 70, 300.01;1, 16520, 67, 340.49;2, 16340, 84, 150.34;3, 16268, 100, 120.57
1788009225,0, 17232, 0, 70.16;1, 16520, 100, 122.64;2, 16340, 100, 104.86;3, 16268, 100, 120.03
1788009230,0, 17584, 58, 267.74;1, 17068, 50, 270.94;2, 16776, 66, 261.80;3, 16718, 76, 273.21
1788009235,0, 31370, 66, 292.41;1, 30864, 64, 299.45;2, 30874, 67, 283.21;3, 30864, 67, 305.61
1788009240,0, 16860, 100, 120.10;1, 16676, 65, 281.98;2, 16252, 21, 138.13;3, 16676, 100, 222.68
1788009245,0, 31372, 67, 229.03;1, 30864, 56, 298.67;2, 30876, 67, 250.22;3, 30864, 60, 295.74
1788009250,0, 31372, 68, 332.36;1, 15818, 100, 125.04;2, 15830, 100, 106.63;3, 15818, 100, 120.26
1788009255,0, 17576, 68, 315.46;1, 16614, 39, 255.90;2, 16502, 70, 210.75;3, 16636, 57, 256.72
1788009260,0, 31370, 68, 297.89;1, 30864, 65, 305.11;2, 30874, 68, 287.78;3, 30864, 68, 306.62
1788009265,0, 17182, 100, 101.28;1, 16676, 0, 105.59;2, 16672, 100, 100.99;3, 16676, 100, 120.33
1788009270,0, 31372, 66, 292.84;1, 30866, 64, 322.36;2, 30874, 68, 289.70;3, 30864, 67, 314.64
1788009276,0, 31372, 69, 332.04;1, 15820, 100, 123.94;2, 15828, 100, 107.79;3, 30864, 69, 343.80
1788009281,0, 17550, 67, 289.58;1, 16248, 33, 186.90;2, 16550, 31, 200.74;3, 17040, 54, 307.25
1788009286,0, 16324, 100, 136.43;1, 15818, 100, 122.97;2, 30874, 70, 320.24;3, 15820, 100, 120.64
1788009291,0, 16638, 100, 114.33;1, 15890, 100, 121.38;2, 16736, 0, 83.58;3, 15934, 0, 89.79
1788009296,0, 16638, 100, 113.35;1, 15890, 100, 121.10;2, 16736, 0, 70.74;3, 15934, 100, 118.88
1788009301,0, 16638, 100, 112.60;1, 15890, 100, 120.75;2, 16736, 0, 69.38;3, 15934, 100, 118.47
1788009306,0, 29980, 42, 200.47;1, 29624, 32, 181.61;2, 30068, 34, 261.19;3, 30370, 57, 192.40
1788009311,0, 31370, 67, 294.53;1, 30864, 66, 301.75;2, 30874, 70, 289.09;3, 30866, 68, 306.42
1788009316,0, 17536, 50, 280.54;1, 17026, 45, 298.51;2, 17026, 68, 264.58;3, 17026, 76, 296.67
1788009321,0, 16486, 0, 77.58;1, 15976, 0, 80.78;2, 15982, 0, 75.86;3, 15994, 0, 81.76
1788009326,0, 31370, 66, 291.80;1, 30864, 62, 296.24;2, 30878, 67, 280.40;3, 30864, 67, 305.06
1788009331,0, 16902, 100, 204.75;1, 16164, 100, 141.51;2, 16154, 0, 116.32;3, 16336, 0, 139.81
1788009336,0, 31370, 94, 246.64;1, 30864, 33, 201.40;2, 30878, 55, 210.31;3, 30864, 69, 273.88
1788009341,0, 16324, 100, 232.28;1, 30864, 66, 304.54;2, 30878, 68, 307.24;3, 30864, 70, 344.98
1788009347,0, 16736, 0, 81.69;1, 16738, 100, 121.50;2, 16414, 0, 77.75;3, 16738, 0, 84.12
1788009352,0, 16736, 100, 112.25;1, 16738, 100, 120.84;2, 16414, 0, 70.33;3, 16738, 0, 74.42
1788009357,0, 16736, 100, 111.91;1, 16738, 100, 120.47;2, 16414, 0, 68.74;3, 16738, 0, 74.06
1788009362,0, 16736, 100, 111.14;1, 16738, 100, 120.47;2, 16414, 0, 46.87;3, 16738, 0, 65.44
1788009367,0, 31370, 70, 267.32;1, 30864, 63, 295.43;2, 30874, 67, 264.00;3, 30864, 67, 297.95
1788009372,0, 16324, 100, 111.54;1, 30864, 66, 334.44;2, 15828, 100, 106.97;3, 30864, 70, 341.32
1788009377,0, 17130, 55, 219.48;1, 17028, 62, 305.08;2, 16714, 63, 230.73;3, 17028, 68, 303.74
1788009382,0, 16898, 34, 197.01;1, 16374, 34, 208.55;2, 16126, 65, 168.09;3, 16446, 37, 202.11
1788009387,0, 16326, 100, 112.39;1, 30864, 65, 333.87;2, 30874, 69, 313.05;3, 30864, 69, 320.67
1788009392,0, 16744, 100, 129.74;1, 16732, 43, 213.06;2, 16526, 35, 146.61;3, 17072, 0, 197.19
1788009397,0, 31370, 67, 293.39;1, 30864, 64, 300.06;2, 30874, 68, 282.63;3, 30866, 66, 305.07
1788009402,0, 17196, 86, 255.21;1, 16690, 66, 309.51;2, 16688, 89, 239.10;3, 16108, 100, 118.57
1788009407,0, 17196, 0, 68.11;1, 16690, 100, 121.64;2, 16688, 100, 103.27;3, 16108, 100, 118.91
1788009412,0, 17196, 0, 67.17;1, 16690, 100, 120.97;2, 16688, 100, 103.08;3, 16108, 100, 118.26
1788009417,0, 17196, 0, 67.10;1, 16690, 100, 121.13;2, 16688, 100, 103.01;3, 16108, 100, 117.60
1788009422,0, 17546, 49, 296.64;1, 17040, 48, 296.55;2, 17036, 76, 289.58;3, 16526, 71, 206.39
1788009428,0, 31370, 68, 292.68;1, 30864, 66, 304.62;2, 30874, 70, 313.39;3, 30864, 71, 310.26
1788009433,0, 17228, 100, 109.48;1, 16200, 0, 99.74;2, 16718, 100, 102.07;3, 16720, 100, 118.66
1788009438,0, 17228, 100, 110.58;1, 16200, 0, 74.01;2, 16718, 100, 103.34;3, 16720, 100, 118.44
1788009443,0, 17576, 81, 307.92;1, 16632, 49, 250.51;2, 17070, 77, 313.26;3, 17070, 77, 321.98
1788009448,0, 31370, 68, 324.33;1, 30864, 66, 300.95;2, 30874, 70, 315.35;3, 30866, 70, 310.76
1788009453,0, 17244, 0, 148.08;1, 16738, 0, 203.75;2, 16736, 47, 129.46;3, 16740, 0, 148.70
1788009458,0, 31370, 79, 282.82;1, 30866, 18, 306.89;2, 30874, 99, 280.79;3, 30866, 82, 308.76
1788009463,0, 31370, 69, 327.65;1, 30866, 65, 334.17;2, 30874, 69, 285.27;3, 30866, 69, 312.17
1788009468,0, 17196, 100, 112.73;1, 16690, 100, 121.58;2, 16686, 0, 77.23;3, 16690, 100, 119.26
1788009473,0, 31370, 66, 286.07;1, 30864, 70, 282.13;2, 30874, 66, 270.18;3, 30864, 16, 281.92
1788009478,0, 31370, 68, 307.48;1, 15818, 100, 123.50;2, 15828, 70, 242.18;3, 30864, 69, 343.26
1788009483,0, 17228, 100, 108.14;1, 16162, 100, 121.52;2, 16334, 0, 70.94;3, 16722, 100, 119.39
1788009488,0, 31370, 66, 291.50;1, 30864, 63, 294.57;2, 30874, 67, 280.72;3, 30866, 68, 304.36
1788009493,0, 31370, 69, 329.63;1, 30864, 66, 305.51;2, 30874, 69, 287.87;3, 30866, 70, 345.01
1788009499,0, 17182, 100, 114.25;1, 16676, 0, 74.55;2, 16672, 100, 104.22;3, 16676, 100, 119.93
1788009504,0, 17534, 63, 158.75;1, 17026, 63, 201.46;2, 17022, 100, 154.92;3, 17028, 52, 190.45
1788009509,0, 31370, 67, 326.27;1, 15818, 100, 122.36;2, 30874, 67, 314.28;3, 30864, 69, 340.02
1788009514,0, 17228, 70, 302.53;1, 15850, 34, 135.31;2, 16718, 70, 310.06;3, 16722, 100, 304.18
1788009519,0, 17228, 100, 113.90;1, 15850, 100, 105.99;2, 16718, 100, 103.88;3, 16722, 0, 74.70
1788009524,0, 31370, 65, 297.67;1, 30866, 62, 255.49;2, 30876, 66, 280.36;3, 30864, 66, 310.90
1788009529,0, 16324, 100, 113.93;1, 30866, 65, 310.94;2, 30876, 70, 288.17;3, 30864, 69, 341.37
1788009534,0, 17064, 69, 199.23;1, 17026, 54, 288.20;2, 17022, 77, 269.51;3, 17030, 72, 292.61
1788009539,0, 16394, 0, 88.04;1, 15888, 0, 84.74;2, 15866, 0, 79.89;3, 15882, 0, 86.18
1788009544,0, 16394, 0, 69.07;1, 15888, 0, 74.22;2, 15866, 100, 75.85;3, 15882, 0, 84.75
1788009549,0, 16394, 0, 68.25;1, 15888, 0, 73.84;2, 15866, 100, 103.29;3, 15882, 100, 118.15
1788009554,0, 16394, 0, 31.72;1, 15888, 0, 32.70;2, 15866, 100, 103.04;3, 15882, 100, 118.13
1788009559,0, 16394, 0, 13.51;1, 15888, 0, 13.33;2, 15866, 100, 102.98;3, 15882, 100, 117.71
1788009564,0, 31370, 66, 251.62;1, 30864, 10, 231.79;2, 22608, 97, 250.77;3, 30864, 68, 269.12
1788009569,0, 16324, 100, 286.41;1, 30864, 66, 333.77;2, 15828, 100, 103.90;3, 30864, 70, 342.01
1788009575,0, 17292, 62, 279.45;1, 17088, 68, 334.08;2, 16112, 32, 151.58;3, 17088, 60, 336.71
1788009580,0, 31370, 67, 323.99;1, 30864, 66, 333.22;2, 30874, 68, 313.10;3, 15818, 100, 118.15
1788009585,0, 17182, 0, 89.10;1, 16622, 0, 88.62;2, 16674, 0, 83.21;3, 16064, 100, 98.95
1788009590,0, 17532, 73, 236.73;1, 30864, 21, 264.38;2, 30876, 72, 288.63;3, 30864, 76, 190.82
1788009595,0, 31370, 67, 293.36;1, 30864, 65, 311.43;2, 30876, 70, 286.08;3, 30864, 70, 324.76
1788009600,0, 17182, 0, 92.33;1, 16676, 100, 115.28;2, 16674, 100, 100.44;3, 16676, 0, 97.51
1788009605,0, 31370, 66, 289.44;1, 30864, 64, 296.74;2, 30874, 66, 279.28;3, 30866, 68, 303.16
1788009610,0, 31370, 68, 313.18;1, 15818, 100, 121.71;2, 29770, 68, 316.66;3, 15820, 100, 117.96
1788009615,0, 16376, 13, 264.14;1, 15870, 55, 208.57;2, 15866, 31, 239.48;3, 15870, 92, 214.62
1788009620,0, 31372, 63, 205.29;1, 30868, 64, 245.98;2, 30876, 73, 207.22;3, 30866, 46, 230.29
1788009625,0, 31372, 69, 299.76;1, 30868, 66, 334.79;2, 30876, 69, 316.09;3, 30866, 71, 311.74
1788009630,0, 17576, 85, 218.13;1, 17074, 100, 185.65;2, 17068, 55, 204.70;3, 17070, 84, 251.26
1788009635,0, 31370, 67, 294.88;1, 30866, 64, 298.38;2, 30874, 68, 283.69;3, 30864, 69, 305.78
1788009640,0, 16324, 69, 302.97;1, 30866, 64, 303.23;2, 15828, 70, 273.89;3, 15818, 100, 265.73
1788009646,0, 17558, 54, 299.36;1, 17052, 54, 292.01;2, 17048, 73, 282.24;3, 17052, 81, 300.76
1788009651,0, 16324, 100, 113.86;1, 30864, 66, 302.81;2, 15828, 100, 106.75;3, 15818, 100, 226.62
1788009656,0, 16536, 100, 113.20;1, 16420, 0, 95.32;2, 15882, 100, 104.17;3, 16146, 100, 100.17
1788009661,0, 24376, 34, 183.24;1, 28116, 57, 306.51;2, 29078, 44, 156.08;3, 29002, 43, 229.70
1788009666,0, 16724, 0, 170.89;1, 16020, 0, 131.65;2, 16186, 80, 114.35;3, 16030, 0, 123.90
1788009671,0, 31370, 67, 293.11;1, 30864, 64, 299.33;2, 30874, 68, 312.08;3, 30864, 69, 304.23
1788009676,0, 31370, 68, 300.87;1, 30864, 67, 306.19;2, 29684, 70, 318.93;3, 30864, 71, 310.98
1788009681,0, 17532, 61, 278.45;1, 17026, 56, 305.86;2, 17026, 62, 273.11;3, 17026, 72, 287.28
1788009686,0, 16620, 26, 150.67;1, 16518, 25, 199.38;2, 16426, 59, 159.54;3, 16098, 26, 156.69
1788009691,0, 16324, 100, 112.65;1, 30864, 64, 302.76;2, 15828, 100, 287.14;3, 30864, 69, 338.42
1788009696,0, 16590, 69, 147.95;1, 16606, 36, 196.62;2, 16392, 48, 138.02;3, 17070, 94, 291.41
1788009701,0, 16388, 0, 115.88;1, 15874, 100, 131.24;2, 15858, 11, 111.77;3, 15980, 68, 287.00
1788009706,0, 16574, 30, 155.43;1, 16062, 23, 167.93;2, 16056, 45, 139.26;3, 16224, 33, 183.42
1788009711,0, 31372, 68, 326.47;1, 15818, 100, 122.94;2, 15828, 100, 105.15;3, 15818, 100, 118.54
1788009717,0, 17584, 71, 198.83;1, 16042, 100, 128.57;2, 16040, 56, 121.98;3, 16042, 47, 140.16
1788009722,0, 31370, 67, 324.51;1, 30866, 64, 309.57;2, 15828, 94, 182.91;3, 15818, 100, 117.80
1788009727,0, 17306, 57, 147.87;1, 16570, 53, 173.94;2, 16266, 100, 123.64;3, 16130, 29, 138.37
1788009732,0, 31370, 66, 292.27;1, 30866, 64, 298.89;2, 30874, 67, 280.64;3, 30864, 68, 338.38
1788009737,0, 16976, 69, 286.01;1, 16676, 66, 336.79;2, 16674, 87, 257.57;3, 16676, 100, 293.01
1788009742,0, 31370, 65, 292.30;1, 30866, 64, 310.80;2, 30876, 66, 279.71;3, 30864, 68, 303.84
1788009747,0, 16650, 100, 113.77;1, 16376, 65, 309.09;2, 16144, 100, 106.16;3, 16310, 100, 162.73
1788009752,0, 16650, 0, 69.44;1, 16376, 0, 74.36;2, 16144, 0, 70.12;3, 16310, 0, 79.19
1788009757,0, 16650, 0, 84.79;1, 16376, 0, 74.46;2, 16144, 100, 101.30;3, 16310, 100, 118.42
1788009762,0, 16650, 100, 111.99;1, 16376, 0, 74.09;2, 16144, 100, 103.21;3, 16310, 100, 118.63
1788009767,0, 16650, 100, 111.33;1, 16376, 0, 13.98;2, 16144, 100, 103.12;3, 16310, 100, 117.78
1788009772,0, 16650, 100, 110.79;1, 16376, 0, 13.40;2, 16144, 100, 102.91;3, 16310, 100, 116.78
1788009777,0, 16650, 100, 109.93;1, 16376, 0, 13.36;2, 16144, 100, 102.71;3, 16310, 100, 116.56
1788009782,0, 31370, 66, 302.02;1, 30866, 63, 293.01;2, 30874, 66, 271.73;3, 30864, 67, 302.76
1788009787,0, 16944, 39, 176.82;1, 16232, 24, 176.04;2, 16348, 52, 166.85;3, 16394, 34, 182.69
1788009793,0, 16324, 100, 271.67;1, 30864, 64, 327.27;2, 15828, 68, 213.51;3, 30864, 69, 304.15
1788009798,0, 17090, 38, 142.85;1, 17042, 59, 222.31;2, 16518, 100, 137.56;3, 16936, 61, 178.79
1788009803,0, 31370, 67, 307.76;1, 30864, 63, 295.08;2, 30874, 68, 279.21;3, 30864, 69, 303.88
1788009808,0, 16462, 69, 234.37;1, 15956, 67, 304.87;2, 15976, 70, 261.94;3, 15970, 100, 277.32
1788009813,0, 17516, 100, 170.23;1, 16998, 57, 95.77;2, 16998, 46, 165.12;3, 17022, 100, 117.04
1788009818,0, 31372, 67, 315.88;1, 30864, 64, 297.71;2, 30874, 69, 285.65;3, 30864, 68, 337.38
1788009823,0, 16326, 69, 329.36;1, 30864, 66, 306.17;2, 15828, 84, 295.85;3, 15818, 70, 272.14
1788009828,0, 17598, 74, 299.29;1, 17088, 62, 326.94;2, 17088, 77, 288.12;3, 17092, 71, 308.80
1788009833,0, 16324, 100, 111.99;1, 15818, 100, 122.45;2, 30886, 70, 317.21;3, 15818, 100, 118.64
1788009838,0, 16622, 100, 111.11;1, 16084, 0, 103.85;2, 16722, 100, 103.97;3, 16006, 0, 89.98
1788009843,0, 31370, 66, 307.56;1, 30864, 64, 294.09;2, 30874, 66, 295.46;3, 30864, 67, 299.55
1788009848,0, 16324, 100, 148.87;1, 15818, 100, 121.29;2, 15828, 100, 106.53;3, 30864, 69, 343.15
1788009853,0, 16802, 0, 67.57;1, 16218, 0, 74.33;2, 16160, 0, 69.77;3, 16676, 0, 74.40
1788009858,0, 16802, 100, 110.18;1, 16218, 0, 74.17;2, 16160, 0, 69.31;3, 16676, 100, 117.25
1788009863,0, 16802, 100, 109.95;1, 16218, 0, 92.86;2, 16160, 0, 68.77;3, 16676, 100, 116.49
1788009869,0, 31370, 68, 322.52;1, 30864, 64, 294.15;2, 15828, 100, 105.14;3, 30864, 68, 337.17
1788009874,0, 31370, 70, 328.66;1, 30864, 67, 304.90;2, 15828, 100, 104.45;3, 30864, 71, 343.60
1788009879,0, 17584, 82, 330.60;1, 17074, 65, 324.17;2, 16098, 63, 164.61;3, 17074, 86, 343.43
1788009884,0, 31382, 68, 295.77;1, 30876, 65, 300.09;2, 30888, 69, 283.40;3, 30876, 70, 309.27
1788009889,0, 17230, 0, 157.99;1, 16724, 100, 231.33;2, 16722, 0, 146.22;3, 16726, 100, 176.03
1788009894,0, 17230, 100, 111.92;1, 16724, 100, 120.70;2, 16722, 0, 68.51;3, 16726, 100, 118.79
1788009899,0, 31370, 84, 305.70;1, 30864, 99, 323.73;2, 30874, 67, 291.14;3, 30864, 20, 313.12
1788009904,0, 31370, 69, 300.26;1, 15818, 100, 122.54;2, 30874, 71, 288.80;3, 30864, 71, 343.79
1788009909,0, 17580, 19, 323.16;1, 16526, 45, 224.62;2, 17070, 59, 295.88;3, 17074, 78, 331.76
1788009914,0, 31370, 67, 296.33;1, 30864, 65, 302.42;2, 30874, 70, 287.24;3, 30864, 70, 344.58
1788009919,0, 17226, 100, 110.96;1, 16722, 100, 121.94;2, 16718, 100, 110.10;3, 16722, 0, 131.75
1788009924,0, 17576, 82, 263.02;1, 17070, 81, 221.29;2, 17068, 64, 240.33;3, 17074, 0, 169.45
1788009929,0, 31372, 67, 293.14;1, 30866, 64, 300.75;2, 30874, 68, 283.42;3, 30864, 67, 305.86
1788009934,0, 31372, 68, 300.44;1, 16626, 66, 306.35;2, 15828, 71, 252.40;3, 15818, 100, 254.57
1788009940,0, 17532, 58, 284.93;1, 17026, 36, 271.14;2, 17022, 83, 263.07;3, 17026, 78, 288.14
1788009945,0, 16324, 100, 113.95;1, 30866, 65, 302.37;2, 15828, 100, 106.47;3, 30864, 70, 344.20
1788009950,0, 16512, 0, 128.12;1, 16924, 2, 252.22;2, 15916, 100, 116.50;3, 16922, 0, 166.20
1788009955,0, 16324, 100, 112.77;1, 30864, 65, 335.25;2, 30876, 68, 311.92;3, 30864, 66, 339.37
1788009960,0, 16324, 100, 111.65;1, 30864, 66, 341.06;2, 15830, 64, 314.65;3, 15818, 70, 349.71
1788009965,0, 31370, 66, 300.34;1, 30864, 63, 307.66;2, 30874, 67, 290.22;3, 30864, 66, 348.74
1788009970,0, 16324, 100, 112.12;1, 30864, 65, 338.48;2, 30874, 70, 321.39;3, 30864, 71, 349.15
1788009975,0, 17098, 33, 183.73;1, 17074, 57, 244.42;2, 17054, 68, 256.39;3, 17074, 74, 278.30
1788009980,0, 31372, 67, 293.57;1, 30864, 64, 335.62;2, 15828, 68, 316.32;3, 30864, 68, 342.77
1788009985,0, 16732, 100, 131.19;1, 16738, 68, 303.67;2, 16184, 53, 132.90;3, 16738, 100, 255.02
1788009990,0, 31370, 65, 296.07;1, 30864, 63, 307.69;2, 30876, 67, 280.47;3, 30864, 66, 317.55
1788009995,0, 31370, 67, 329.19;1, 30864, 66, 339.94;2, 30876, 69, 319.58;3, 15818, 100, 121.14
1788010000,0, 17536, 33, 268.19;1, 17026, 56, 294.86;2, 17026, 54, 260.71;3, 16428, 38, 185.09
1788010005,0, 31372, 67, 324.51;1, 30864, 64, 305.85;2, 30874, 68, 285.90;3, 30864, 69, 308.82
1788010011,0, 17228, 0, 157.03;1, 16720, 73, 232.77;2, 16718, 0, 148.16;3, 16720, 100, 167.57
1788010016,0, 31370, 65, 291.24;1, 30864, 64, 303.30;2, 30874, 68, 283.53;3, 30866, 68, 316.20
1788010021,0, 31370, 68, 297.83;1, 30864, 66, 309.76;2, 30874, 70, 319.88;3, 30866, 70, 346.76
1788010026,0, 17594, 70, 282.13;1, 17088, 69, 322.32;2, 17084, 62, 284.95;3, 17092, 75, 319.59
1788010031,0, 31370, 68, 295.23;1, 30866, 64, 303.43;2, 30878, 68, 285.88;3, 30864, 70, 309.74
1788010036,0, 17196, 0, 162.62;1, 16486, 0, 215.40;2, 16688, 0, 140.16;3, 16524, 0, 145.32
1788010041,0, 17196, 0, 68.73;1, 16486, 0, 75.11;2, 16688, 0, 70.83;3, 16524, 0, 75.03
1788010046,0, 17196, 100, 111.32;1, 16486, 0, 74.74;2, 16688, 0, 69.49;3, 16524, 0, 74.41
1788010051,0, 17196, 100, 110.17;1, 16486, 0, 74.61;2, 16688, 100, 103.11;3, 16524, 0, 74.07
1788010056,0, 17452, 100, 109.56;1, 16928, 0, 53.19;2, 16948, 100, 102.96;3, 16756, 88, 48.24
1788010061,0, 31370, 67, 310.27;1, 30866, 64, 327.07;2, 30880, 67, 279.37;3, 30864, 66, 332.34
1788010066,0, 16324, 100, 111.31;1, 30866, 66, 334.81;2, 15834, 70, 314.28;3, 15818, 70, 340.81
1788010071,0, 17242, 70, 205.61;1, 17052, 78, 217.09;2, 17048, 37, 223.18;3, 17052, 100, 179.10
1788010076,0, 31370, 68, 324.19;1, 30864, 64, 298.32;2, 30876, 68, 282.16;3, 30864, 68, 337.11
1788010081,0, 16908, 18, 149.76;1, 16320, 100, 147.65;2, 16720, 67, 290.93;3, 16722, 0, 247.87
1788010087,0, 31370, 65, 273.93;1, 30864, 55, 283.20;2, 30874, 66, 268.76;3, 30864, 69, 320.58
1788010092,0, 31370, 68, 297.78;1, 30864, 66, 304.96;2, 30874, 69, 284.99;3, 30864, 71, 311.65
1788010097,0, 17546, 61, 281.91;1, 17040, 46, 301.87;2, 17036, 63, 262.43;3, 17040, 74, 287.41
1788010102,0, 16644, 27, 161.01;1, 16202, 22, 176.49;2, 16122, 36, 154.97;3, 16078, 39, 153.45
1788010107,0, 31370, 68, 295.42;1, 30866, 65, 302.22;2, 30874, 68, 283.90;3, 30864, 68, 323.70
1788010112,0, 16762, 0, 133.13;1, 16676, 0, 196.10;2, 16674, 0, 139.79;3, 16676, 0, 149.04
1788010117,0, 31372, 66, 290.72;1, 30868, 64, 301.13;2, 30876, 68, 282.70;3, 30866, 68, 309.71
1788010122,0, 31372, 69, 301.50;1, 30868, 66, 309.01;2, 30876, 69, 288.44;3, 30866, 71, 316.69
1788010127,0, 17578, 74, 294.50;1, 17072, 51, 297.21;2, 17068, 66, 284.41;3, 17072, 78, 302.20
1788010132,0, 31370, 66, 295.96;1, 30864, 65, 304.13;2, 30874, 69, 289.26;3, 30864, 68, 310.72
1788010137,0, 17228, 0, 148.26;1, 16722, 0, 180.70;2, 16718, 0, 161.15;3, 16722, 86, 159.25
1788010142,0, 17578, 78, 300.53;1, 17072, 57, 308.28;2, 17068, 79, 288.36;3, 17072, 53, 286.66
1788010147,0, 31370, 67, 327.51;1, 15818, 100, 124.25;2, 30874, 68, 317.86;3, 15818, 100, 119.50
1788010152,0, 17536, 69, 261.05;1, 16120, 12, 152.61;2, 17026, 62, 260.37;3, 16150, 23, 150.46
1788010158,0, 16536, 100, 244.35;1, 16026, 64, 271.36;2, 16154, 66, 303.10;3, 15940, 42, 128.71
1788010163,0, 31370, 67, 294.75;1, 15818, 100, 252.43;2, 30874, 67, 288.01;3, 30864, 68, 302.43
1788010168,0, 31370, 69, 301.25;1, 15818, 100, 122.21;2, 30874, 70, 319.29;3, 30864, 70, 340.14
1788010173,0, 17578, 61, 285.66;1, 16212, 32, 184.92;2, 17074, 62, 285.92;3, 17072, 54, 310.12
1788010178,0, 31372, 67, 297.75;1, 30864, 66, 302.25;2, 30874, 67, 286.66;3, 30864, 68, 308.89
1788010183,0, 17228, 0, 97.00;1, 16722, 0, 102.82;2, 16720, 0, 91.76;3, 16722, 0, 97.25
1788010188,0, 17578, 67, 305.46;1, 17072, 62, 295.66;2, 17068, 53, 292.19;3, 17072, 86, 314.06
1788010193,0, 16324, 100, 113.68;1, 15818, 100, 121.40;2, 15828, 100, 107.67;3, 30866, 70, 310.95
1788010198,0, 16608, 52, 179.14;1, 16400, 34, 205.68;2, 16384, 30, 188.05;3, 17088, 81, 341.21
1788010203,0, 16324, 100, 112.82;1, 15818, 100, 121.91;2, 15828, 67, 316.91;3, 30864, 69, 342.59
1788010208,0, 16610, 23, 159.56;1, 16472, 41, 208.91;2, 16588, 50, 225.76;3, 16892, 79, 289.17
1788010213,0, 31372, 69, 299.53;1, 30864, 66, 302.34;2, 30874, 67, 317.74;3, 30864, 70, 312.80
1788010218,0, 17554, 61, 297.61;1, 17072, 45, 275.65;2, 17072, 64, 290.02;3, 17072, 73, 231.93
1788010223,0, 31370, 67, 294.40;1, 30864, 64, 301.01;2, 30874, 67, 285.20;3, 30866, 69, 310.01
1788010229,0, 16718, 0, 131.60;1, 16456, 100, 150.67;2, 16674, 78, 220.05;3, 16676, 30, 172.38
1788010234,0, 31370, 65, 243.13;1, 30866, 28, 260.77;2, 30874, 27, 259.42;3, 30864, 67, 278.51
1788010239,0, 31370, 69, 298.73;1, 30866, 65, 305.14;2, 30874, 69, 291.28;3, 30864, 71, 315.55
1788010244,0, 17244, 0, 75.94;1, 16738, 100, 84.44;2, 16736, 0, 78.66;3, 16738, 0, 81.09
1788010249,0, 17244, 100, 112.63;1, 16738, 100, 121.37;2, 16736, 0, 73.63;3, 16738, 100, 120.93
1788010254,0, 17244, 100, 112.18;1, 16738, 100, 121.60;2, 16736, 0, 71.33;3, 16738, 100, 120.35
1788010259,0, 17594, 76, 316.17;1, 17088, 53, 326.40;2, 17084, 82, 298.31;3, 17088, 84, 321.89
1788010264,0, 16324, 66, 215.00;1, 15818, 100, 122.69;2, 30874, 68, 317.35;3, 30864, 68, 340.72
1788010269,0, 17044, 43, 204.49;1, 16276, 33, 190.52;2, 17068, 69, 282.54;3, 17074, 58, 296.55
1788010274,0, 16324, 100, 111.29;1, 15820, 100, 120.40;2, 15828, 100, 107.12;3, 30864, 68, 338.52
1788010279,0, 31372, 27, 176.67;1, 30868, 31, 198.94;2, 30876, 57, 176.54;3, 30864, 57, 258.44
1788010284,0, 16326, 100, 110.47;1, 15822, 100, 120.51;2, 30876, 70, 319.04;3, 15818, 100, 120.47
1788010289,0, 16632, 56, 151.02;1, 16154, 47, 165.73;2, 17076, 79, 136.93;3, 16126, 100, 138.66
1788010294,0, 31372, 67, 291.16;1, 30866, 65, 299.44;2, 30876, 68, 282.93;3, 30864, 69, 308.77
1788010299,0, 17244, 100, 270.48;1, 16738, 66, 305.88;2, 16736, 70, 245.51;3, 16738, 100, 227.92
1788010305,0, 29982, 83, 300.47;1, 29006, 63, 314.16;2, 29014, 68, 282.62;3, 29316, 20, 291.06
1788010310,0, 31372, 67, 295.27;1, 30868, 65, 301.18;2, 30874, 69, 286.87;3, 30866, 69, 308.90
1788010315,0, 17550, 57, 124.14;1, 17044, 56, 201.80;2, 17040, 36, 126.89;3, 17044, 62, 141.88
1788010320,0, 31372, 66, 291.17;1, 30866, 64, 298.49;2, 30874, 65, 282.56;3, 30866, 67, 303.81
1788010325,0, 16932, 100, 142.41;1, 16304, 65, 138.13;2, 16380, 0, 137.95;3, 16692, 71, 344.84
1788010330,0, 16932, 0, 68.00;1, 16304, 0, 74.56;2, 16380, 0, 72.88;3, 16692, 0, 75.12
1788010335,0, 16932, 0, 67.56;1, 16304, 0, 74.45;2, 16380, 100, 104.18;3, 16692, 0, 75.04
1788010340,0, 16932, 0, 66.69;1, 16304, 0, 74.21;2, 16380, 100, 103.88;3, 16692, 0, 74.60
1788010345,0, 16932, 0, 14.10;1, 16304, 0, 13.88;2, 16380, 100, 103.40;3, 16692, 0, 17.79
1788010350,0, 16932, 0, 13.49;1, 16304, 100, 117.99;2, 16380, 100, 103.18;3, 16692, 0, 16.79
1788010355,0, 16932, 0, 13.25;1, 16304, 100, 118.97;2, 16380, 100, 103.30;3, 16692, 0, 42.50
1788010360,0, 16932, 0, 12.94;1, 16304, 100, 118.03;2, 16380, 100, 103.08;3, 16692, 100, 115.87
1788010365,0, 31370, 67, 289.67;1, 30864, 63, 305.98;2, 30874, 67, 282.15;3, 30864, 76, 303.63
1788010370,0, 31370, 69, 292.99;1, 30864, 66, 302.55;2, 30874, 69, 287.44;3, 30864, 71, 340.45
1788010376,0, 17580, 63, 332.90;1, 17074, 70, 345.33;2, 17070, 88, 329.27;3, 17074, 88, 345.99
1788010381,0, 31372, 67, 290.55;1, 30864, 64, 309.70;2, 15828, 86, 195.59;3, 30864, 69, 306.41
1788010386,0, 16816, 0, 107.28;1, 16722, 0, 99.96;2, 16106, 0, 87.28;3, 16330, 100, 107.47
1788010391,0, 31370, 67, 267.79;1, 30864, 65, 310.24;2, 30874, 74, 260.15;3, 30864, 66, 286.13
1788010396,0, 31370, 69, 297.45;1, 30864, 66, 305.08;2, 30874, 64, 307.95;3, 15818, 100, 116.79
1788010401,0, 29982, 74, 305.27;1, 29474, 60, 323.56;2, 29484, 31, 286.86;3, 29476, 30, 186.94
1788010406,0, 31372, 69, 320.13;1, 30864, 66, 337.09;2, 30874, 69, 286.48;3, 30866, 70, 338.80
1788010411,0, 17594, 85, 275.08;1, 17088, 78, 267.66;2, 17088, 67, 274.97;3, 16840, 95, 264.39
1788010416,0, 31372, 67, 293.83;1, 30864, 65, 302.42;2, 30874, 68, 284.15;3, 30866, 67, 303.22
1788010421,0, 17228, 69, 275.84;1, 16722, 46, 256.14;2, 16720, 67, 251.76;3, 16722, 78, 226.55
1788010426,0, 17578, 44, 294.10;1, 17072, 64, 296.66;2, 17070, 73, 288.22;3, 17072, 64, 284.13
1788010431,0, 31370, 66, 326.46;1, 30866, 65, 305.99;2, 30874, 68, 292.22;3, 30864, 69, 306.11
1788010436,0, 17182, 100, 143.03;1, 16676, 0, 151.79;2, 16674, 0, 116.42;3, 16676, 93, 129.46
1788010441,0, 31372, 67, 311.72;1, 30864, 64, 303.29;2, 30876, 67, 283.30;3, 30864, 67, 302.68
1788010447,0, 16610, 100, 117.22;1, 16110, 0, 129.47;2, 16292, 0, 90.62;3, 16420, 0, 97.66
1788010452,0, 31372, 67, 260.77;1, 30866, 64, 311.67;2, 30874, 74, 280.55;3, 30864, 66, 301.95
1788010457,0, 16326, 92, 302.18;1, 30866, 67, 308.63;2, 30874, 70, 319.29;3, 30864, 70, 342.40
1788010462,0, 17208, 0, 69.42;1, 16968, 66, 137.20;2, 16984, 100, 104.67;3, 16986, 100, 119.69
1788010467,0, 31370, 66, 291.43;1, 30864, 60, 330.86;2, 30874, 67, 282.67;3, 15818, 68, 337.55
1788010472,0, 17006, 45, 143.06;1, 16346, 29, 141.03;2, 16552, 59, 178.00;3, 16230, 26, 167.55
1788010477,0, 16324, 67, 324.27;1, 30864, 65, 321.54;2, 30874, 69, 308.27;3, 15820, 69, 326.94
1788010482,0, 16574, 100, 111.12;1, 16740, 66, 334.91;2, 16316, 100, 126.52;3, 16078, 100, 142.10
1788010487,0, 16960, 48, 209.41;1, 17092, 70, 335.88;2, 16802, 58, 279.58;3, 16472, 69, 223.51
1788010492,0, 31372, 67, 294.43;1, 30864, 66, 309.08;2, 30874, 68, 288.28;3, 30864, 69, 309.29
1788010497,0, 16994, 0, 94.47;1, 16720, 0, 101.68;2, 16718, 100, 99.09;3, 16722, 0, 96.78
1788010502,0, 29980, 38, 266.46;1, 29438, 63, 306.16;2, 30626, 78, 291.15;3, 29748, 76, 332.46
1788010507,0, 16324, 100, 111.10;1, 15818, 100, 123.60;2, 30874, 68, 318.09;3, 15818, 100, 118.70
1788010512,0, 16688, 32, 174.77;1, 16150, 19, 162.43;2, 17070, 61, 292.43;3, 16062, 50, 164.72
1788010518,0, 16324, 100, 110.86;1, 30864, 65, 333.16;2, 15828, 100, 108.36;3, 15818, 100, 117.95
1788010523,0, 16376, 100, 122.63;1, 16740, 66, 317.89;2, 16010, 100, 119.62;3, 15914, 0, 123.40
1788010528,0, 16588, 27, 160.45;1, 17088, 67, 334.60;2, 16256, 57, 187.39;3, 16132, 53, 182.14
1788010533,0, 31370, 68, 293.45;1, 30866, 65, 335.47;2, 15830, 100, 107.90;3, 30864, 69, 336.56
1788010538,0, 17598, 40, 323.34;1, 16816, 59, 283.82;2, 16450, 45, 191.28;3, 17030, 64, 304.06
1788010543,0, 16590, 23, 161.40;1, 16108, 30, 189.48;2, 16100, 24, 160.22;3, 16136, 100, 188.18
1788010548,0, 31370, 67, 293.28;1, 30864, 65, 302.75;2, 30874, 67, 282.03;3, 30864, 69, 307.78
1788010553,0, 17182, 0, 141.69;1, 16676, 0, 188.34;2, 16672, 0, 133.79;3, 16676, 0, 104.28
1788010558,0, 29980, 50, 286.52;1, 29474, 57, 294.21;2, 29484, 73, 266.30;3, 29476, 59, 281.89
1788010563,0, 16324, 100, 113.24;1, 15818, 100, 123.71;2, 15828, 100, 107.13;3, 30866, 70, 341.76
1788010568,0, 16660, 0, 73.73;1, 16154, 0, 74.71;2, 16130, 0, 76.42;3, 16530, 0, 79.51
1788010573,0, 31370, 64, 275.57;1, 30864, 99, 280.23;2, 15828, 70, 221.82;3, 30864, 21, 296.46
1788010578,0, 31370, 66, 324.86;1, 30864, 65, 331.84;2, 15828, 100, 106.19;3, 15818, 100, 119.40
1788010583,0, 17378, 57, 133.11;1, 17026, 0, 100.01;2, 15986, 100, 113.15;3, 16554, 37, 156.59
1788010588,0, 16324, 100, 267.01;1, 30864, 63, 298.42;2, 15828, 100, 176.81;3, 15818, 100, 118.93
1788010594,0, 16496, 39, 126.51;1, 16442, 66, 331.49;2, 15942, 100, 117.29;3, 15926, 85, 128.75
1788010599,0, 16744, 32, 178.18;1, 16956, 45, 301.64;2, 16170, 59, 170.17;3, 16140, 59, 170.60
1788010604,0, 16324, 100, 137.13;1, 30864, 66, 336.58;2, 15828, 100, 105.50;3, 30864, 69, 306.93
1788010609,0, 16978, 43, 166.54;1, 17072, 56, 309.21;2, 16478, 35, 158.82;3, 16886, 70, 227.57
1788010614,0, 16324, 100, 111.34;1, 15818, 100, 124.84;2, 30874, 67, 309.96;3, 15818, 100, 118.87
1788010619,0, 16426, 100, 123.53;1, 15906, 100, 135.00;2, 16688, 0, 139.80;3, 15932, 100, 129.97
1788010624,0, 31370, 66, 288.88;1, 30864, 64, 298.38;2, 30874, 66, 279.98;3, 30864, 68, 302.36
1788010629,0, 31370, 69, 328.24;1, 30864, 65, 318.24;2, 15828, 100, 106.29;3, 30864, 70, 341.17
1788010634,0, 17196, 0, 68.10;1, 16690, 0, 74.63;2, 16332, 0, 68.88;3, 16690, 0, 74.36
1788010639,0, 17196, 100, 111.39;1, 16690, 100, 121.68;2, 16332, 0, 68.79;3, 16690, 100, 117.56
1788010644,0, 17196, 100, 110.16;1, 16690, 100, 120.90;2, 16332, 0, 67.80;3, 16690, 100, 117.30
1788010649,0, 17196, 100, 109.59;1, 16690, 100, 120.55;2, 16332, 0, 16.36;3, 16690, 100, 117.33
1788010654,0, 17196, 100, 109.45;1, 16690, 100, 120.23;2, 16332, 0, 14.30;3, 16690, 100, 116.55
1788010659,0, 17196, 100, 109.41;1, 16690, 100, 120.13;2, 16332, 0, 13.70;3, 16690, 100, 116.16
1788010664,0, 17196, 100, 108.92;1, 16690, 100, 119.10;2, 16332, 0, 12.62;3, 16690, 100, 115.93
1788010670,0, 17546, 23, 274.89;1, 17044, 68, 305.39;2, 16604, 42, 211.66;3, 17040, 69, 283.12
1788010675,0, 16324, 66, 322.29;1, 15818, 64, 280.58;2, 30876, 67, 305.55;3, 30864, 70, 306.72
1788010680,0, 17098, 39, 139.46;1, 16532, 43, 176.92;2, 17022, 100, 171.57;3, 17030, 58, 195.55
1788010685,0, 31370, 65, 319.62;1, 30864, 65, 297.11;2, 30876, 67, 278.28;3, 30866, 69, 302.23
1788010690,0, 16704, 100, 135.70;1, 16432, 12, 223.10;2, 16720, 71, 294.73;3, 16722, 57, 314.83
1788010695,0, 16704, 100, 109.96;1, 16432, 0, 74.12;2, 16720, 100, 102.67;3, 16722, 100, 88.46
1788010700,0, 29980, 48, 218.80;1, 29474, 58, 292.53;2, 29484, 19, 255.52;3, 29474, 54, 264.43
1788010705,0, 16324, 100, 109.57;1, 30864, 66, 303.58;2, 15828, 100, 103.35;3, 15818, 100, 117.75
1788010710,0, 16536, 26, 142.33;1, 17040, 60, 310.63;2, 16170, 40, 152.97;3, 16384, 34, 181.09
1788010715,0, 31370, 67, 290.85;1, 30864, 65, 301.49;2, 30874, 68, 280.62;3, 30864, 69, 305.65
1788010720,0, 17182, 0, 94.08;1, 16676, 0, 102.29;2, 16674, 0, 85.47;3, 16250, 0, 95.32
1788010725,0, 17182, 100, 109.95;1, 16676, 100, 120.99;2, 16674, 0, 67.09;3, 16250, 100, 116.82
1788010730,0, 17536, 61, 278.95;1, 17030, 57, 303.20;2, 17026, 68, 258.03;3, 16718, 58, 238.88
1788010735,0, 31372, 67, 293.89;1, 30866, 65, 301.24;2, 30876, 68, 280.80;3, 30864, 70, 306.53
1788010740,0, 17226, 96, 95.51;1, 16720, 0, 121.24;2, 16718, 0, 85.87;3, 16720, 100, 101.46
1788010746,0, 17576, 58, 313.41;1, 17070, 52, 315.05;2, 17066, 83, 313.55;3, 17070, 79, 326.02
1788010751,0, 31370, 67, 293.99;1, 30864, 65, 302.50;2, 30874, 68, 280.92;3, 30864, 69, 307.35
1788010756,0, 17228, 0, 141.69;1, 16722, 0, 102.90;2, 16718, 0, 130.74;3, 16722, 0, 119.85
1788010761,0, 31372, 65, 294.15;1, 30864, 43, 276.11;2, 30874, 68, 280.93;3, 30864, 75, 295.11
1788010766,0, 31372, 67, 326.72;1, 30864, 65, 335.22;2, 30874, 69, 313.44;3, 30864, 70, 334.85
1788010771,0, 17390, 63, 254.53;1, 16978, 51, 281.84;2, 16764, 46, 225.71;3, 17046, 71, 294.86
1788010776,0, 16324, 100, 112.38;1, 15818, 100, 122.88;2, 15830, 100, 105.74;3, 30864, 68, 337.71
1788010781,0, 29508, 27, 158.04;1, 30120, 26, 170.84;2, 30874, 17, 166.37;3, 30368, 41, 221.59
1788010786,0, 31370, 68, 296.70;1, 30864, 65, 335.69;2, 15828, 100, 277.86;3, 30864, 71, 344.33
1788010791,0, 16962, 100, 112.33;1, 16690, 100, 122.27;2, 16238, 100, 103.21;3, 16690, 0, 84.07
1788010796,0, 16962, 100, 111.42;1, 16690, 100, 121.32;2, 16238, 100, 103.03;3, 16690, 0, 74.63
1788010801,0, 16962, 100, 110.64;1, 16690, 100, 121.21;2, 16238, 100, 102.96;3, 16690, 0, 74.04
1788010806,0, 17506, 71, 254.50;1, 17044, 59, 254.09;2, 16700, 59, 202.14;3, 17044, 46, 196.64
1788010811,0, 31370, 66, 288.07;1, 30864, 64, 301.40;2, 30874, 68, 279.56;3, 30864, 69, 306.04
1788010817,0, 17244, 100, 263.92;1, 16738, 66, 307.19;2, 16736, 71, 230.21;3, 16738, 95, 238.08
1788010822,0, 31372, 66, 289.30;1, 30864, 63, 297.57;2, 30876, 68, 279.82;3, 30866, 66, 302.47
1788010827,0, 31372, 68, 327.54;1, 30864, 66, 336.22;2, 15830, 100, 105.18;3, 30866, 71, 340.88
1788010832,0, 31370, 75, 298.80;1, 30864, 63, 279.40;2, 30874, 49, 208.57;3, 30864, 58, 293.14
1788010837,0, 16324, 100, 113.28;1, 15818, 100, 186.24;2, 15828, 69, 256.33;3, 30864, 70, 341.98
1788010842,0, 16526, 0, 69.28;1, 16336, 100, 121.98;2, 16224, 100, 103.21;3, 16740, 100, 120.85
1788010847,0, 31370, 65, 320.14;1, 30866, 64, 288.65;2, 30876, 69, 297.84;3, 30866, 67, 335.50
1788010852,0, 31370, 69, 331.17;1, 30866, 66, 336.79;2, 30876, 70, 317.18;3, 15820, 100, 119.70
1788010857,0, 17580, 27, 328.29;1, 17074, 66, 342.73;2, 17068, 79, 313.11;3, 16182, 43, 188.68
1788010862,0, 25534, 53, 182.72;1, 27912, 30, 186.77;2, 29012, 51, 170.82;3, 29002, 53, 183.90
1788010867,0, 31370, 69, 330.00;1, 30864, 66, 306.74;2, 15828, 100, 217.20;3, 30864, 69, 338.80
1788010872,0, 17182, 0, 75.33;1, 16436, 0, 83.68;2, 16192, 0, 72.88;3, 16676, 100, 111.85
1788010877,0, 17182, 0, 69.80;1, 16436, 0, 74.52;2, 16192, 0, 68.42;3, 16676, 100, 119.20
1788010882,0, 17182, 0, 68.71;1, 16436, 0, 74.35;2, 16192, 0, 67.29;3, 16676, 100, 118.23
1788010888,0, 17182, 100, 110.88;1, 16436, 0, 33.25;2, 16192, 0, 44.48;3, 16676, 100, 117.28
1788010893,0, 17182, 100, 110.03;1, 16436, 0, 13.68;2, 16192, 0, 14.02;3, 16676, 100, 117.02
1788010898,0, 17182, 100, 109.18;1, 16436, 0, 13.28;2, 16192, 0, 13.03;3, 16676, 100, 116.70
1788010903,0, 17182, 100, 109.05;1, 16436, 0, 13.28;2, 16192, 0, 12.71;3, 16676, 100, 116.83
1788010908,0, 17182, 100, 108.00;1, 16436, 0, 13.14;2, 16192, 0, 11.91;3, 16676, 100, 115.54
1788010913,0, 17182, 100, 107.89;1, 16436, 0, 13.05;2, 16192, 100, 101.22;3, 16676, 100, 115.36
1788010918,0, 17182, 100, 107.65;1, 16436, 0, 12.99;2, 16192, 100, 101.44;3, 16676, 100, 114.78
1788010923,0, 17182, 100, 107.24;1, 16436, 0, 12.81;2, 16192, 100, 101.09;3, 16676, 100, 114.79
1788010928,0, 17182, 100, 106.60;1, 16436, 0, 13.15;2, 16192, 100, 101.47;3, 16676, 100, 114.49
1788010933,0, 31370, 61, 271.97;1, 30864, 55, 280.58;2, 30874, 18, 182.78;3, 30866, 51, 264.27
1788010938,0, 31370, 68, 292.15;1, 30864, 66, 296.83;2, 30874, 69, 276.85;3, 15820, 70, 337.26
1788010943,0, 17520, 61, 133.61;1, 16824, 100, 137.71;2, 16922, 100, 87.53;3, 16680, 100, 116.00
1788010948,0, 31370, 66, 288.93;1, 30864, 64, 292.56;2, 30874, 68, 275.42;3, 30864, 68, 301.18
1788010953,0, 16324, 100, 185.79;1, 30864, 65, 299.25;2, 15828, 70, 309.21;3, 15818, 100, 116.59
1788010959,0, 17416, 30, 263.91;1, 17026, 64, 299.31;2, 17022, 54, 269.26;3, 16874, 63, 257.71
1788010964,0, 31370, 68, 323.75;1, 30864, 66, 297.52;2, 30874, 69, 280.99;3, 30864, 68, 304.63
1788010969,0, 17228, 100, 106.71;1, 16722, 0, 97.24;2, 16718, 0, 85.32;3, 16722, 0, 95.37
1788010974,0, 17578, 41, 245.55;1, 17072, 57, 293.17;2, 17068, 56, 214.51;3, 17072, 66, 271.70
1788010979,0, 31370, 67, 311.05;1, 15820, 59, 322.74;2, 30874, 67, 309.30;3, 30864, 67, 336.55
1788010984,0, 17594, 89, 284.67;1, 16490, 38, 160.79;2, 16684, 100, 136.04;3, 16578, 64, 150.29
1788010989,0, 31372, 66, 291.78;1, 30864, 65, 293.97;2, 30874, 68, 279.74;3, 30864, 67, 305.53
1788010994,0, 16326, 69, 300.68;1, 28388, 65, 320.29;2, 15828, 86, 262.44;3, 15818, 71, 251.03
1788010999,0, 17532, 61, 272.00;1, 17030, 58, 289.39;2, 17022, 70, 254.44;3, 17026, 54, 270.27
1788011004,0, 31370, 67, 313.30;1, 30864, 64, 326.95;2, 15828, 100, 195.40;3, 30864, 69, 310.86
1788011009,0, 17182, 12, 173.97;1, 16676, 0, 154.12;2, 16070, 100, 115.07;3, 16382, 0, 134.02
1788011014,0, 31370, 66, 307.22;1, 30864, 64, 299.11;2, 30876, 69, 299.60;3, 30864, 68, 320.93
1788011019,0, 31370, 70, 303.00;1, 30864, 66, 306.33;2, 30876, 72, 289.25;3, 30864, 71, 313.54
1788011024,0, 17580, 75, 330.57;1, 17074, 66, 339.74;2, 17070, 72, 314.10;3, 17074, 83, 334.72
1788011030,0, 16324, 100, 293.34;1, 30864, 64, 302.37;2, 15830, 58, 207.95;3, 15818, 100, 118.38
1788011035,0, 16522, 100, 125.94;1, 16692, 66, 289.69;2, 16042, 47, 120.61;3, 15940, 0, 118.94
1788011040,0, 31372, 86, 184.26;1, 30864, 58, 281.63;2, 30874, 50, 199.22;3, 30864, 68, 204.90
1788011045,0, 16734, 49, 169.46;1, 16142, 24, 170.38;2, 16104, 26, 140.00;3, 16140, 71, 153.26
1788011050,0, 31370, 68, 319.57;1, 30864, 66, 305.15;2, 30874, 68, 280.45;3, 30864, 69, 306.24
1788011055,0, 17166, 0, 94.88;1, 16722, 0, 101.22;2, 16480, 0, 85.69;3, 16722, 0, 95.16
1788011060,0, 17166, 0, 67.61;1, 16722, 0, 74.30;2, 16480, 0, 67.11;3, 16722, 0, 73.51
1788011065,0, 17166, 0, 78.22;1, 16722, 0, 74.18;2, 16480, 100, 102.58;3, 16722, 0, 73.40
1788011070,0, 17166, 100, 109.33;1, 16722, 100, 84.85;2, 16480, 100, 102.66;3, 16722, 0, 72.52
1788011075,0, 17498, 69, 228.58;1, 17074, 51, 191.18;2, 16988, 74, 227.34;3, 17070, 68, 137.53
1788011080,0, 31370, 67, 290.77;1, 30864, 65, 330.70;2, 30876, 65, 305.77;3, 30864, 68, 300.44
1788011085,0, 17228, 69, 334.86;1, 16386, 100, 156.74;2, 16268, 35, 137.43;3, 16386, 100, 154.29
1788011090,0, 31370, 66, 289.94;1, 30864, 64, 297.75;2, 30874, 66, 286.02;3, 30864, 67, 305.67
1788011095,0, 31370, 69, 328.18;1, 30864, 66, 335.79;2, 30874, 71, 316.47;3, 30864, 70, 342.68
1788011100,0, 17598, 58, 325.20;1, 17088, 58, 318.02;2, 17088, 78, 306.90;3, 17092, 84, 327.50
1788011106,0, 31370, 68, 328.07;1, 30864, 64, 332.24;2, 30874, 68, 314.05;3, 30864, 71, 307.00
1788011111,0, 17578, 23, 284.64;1, 17072, 72, 309.94;2, 17072, 57, 269.99;3, 17072, 72, 291.18
1788011116,0, 16324, 100, 114.43;1, 30864, 65, 335.59;2, 30874, 67, 313.89;3, 15820, 100, 118.20
1788011121,0, 16894, 47, 164.18;1, 16626, 46, 241.51;2, 17084, 68, 235.44;3, 16186, 65, 159.25
1788011126,0, 16590, 36, 164.71;1, 16142, 30, 186.79;2, 16106, 43, 170.69;3, 16142, 75, 184.30
1788011131,0, 31372, 67, 325.51;1, 30864, 66, 304.26;2, 30876, 69, 286.17;3, 30864, 68, 305.91
1788011136,0, 17196, 0, 117.65;1, 16690, 0, 169.07;2, 16686, 93, 120.15;3, 16690, 0, 96.58
1788011141,0, 31372, 12, 284.89;1, 30864, 68, 308.45;2, 30874, 66, 272.42;3, 30864, 99, 293.76
1788011146,0, 31372, 67, 329.16;1, 15818, 100, 124.57;2, 30874, 70, 316.76;3, 30864, 70, 346.00
1788011151,0, 29980, 28, 346.95;1, 29474, 40, 252.67;2, 29486, 80, 330.98;3, 29474, 80, 351.24
1788011156,0, 31370, 68, 300.49;1, 30864, 64, 334.02;2, 30876, 68, 285.07;3, 30864, 69, 309.56
1788011161,0, 17532, 74, 209.41;1, 16848, 100, 185.06;2, 17022, 56, 121.09;3, 17028, 0, 122.61
1788011166,0, 31370, 66, 292.45;1, 30864, 64, 302.14;2, 30874, 69, 287.01;3, 30864, 68, 306.18
1788011172,0, 16324, 68, 299.78;1, 26458, 67, 309.20;2, 15828, 66, 259.76;3, 15818, 100, 261.95
1788011177,0, 17578, 76, 302.87;1, 17072, 66, 308.86;2, 17068, 68, 289.43;3, 17072, 70, 307.06
1788011182,0, 16494, 0, 88.81;1, 15870, 100, 121.83;2, 15872, 100, 104.55;3, 15874, 100, 119.08
1788011187,0, 16494, 0, 69.49;1, 15870, 100, 121.02;2, 15872, 100, 103.87;3, 15874, 100, 118.04
1788011192,0, 16494, 0, 68.13;1, 15870, 100, 120.52;2, 15872, 100, 103.33;3, 15874, 100, 117.56
1788011197,0, 16494, 0, 50.97;1, 15870, 100, 120.47;2, 15872, 100, 103.16;3, 15874, 100, 117.38
1788011202,0, 16494, 0, 13.87;1, 15870, 100, 119.66;2, 15872, 100, 102.92;3, 15874, 100, 116.55
1788011207,0, 16494, 0, 13.42;1, 15870, 100, 119.29;2, 15872, 100, 102.88;3, 15874, 100, 116.65
1788011212,0, 16494, 0, 12.98;1, 15870, 100, 119.15;2, 15872, 100, 102.75;3, 15874, 100, 116.35
1788011217,0, 16494, 0, 12.67;1, 15870, 100, 118.85;2, 15872, 100, 102.60;3, 15874, 100, 115.95
1788011222,0, 16494, 0, 12.51;1, 15870, 100, 118.95;2, 15872, 100, 102.63;3, 15874, 100, 115.69
1788011227,0, 16494, 0, 12.57;1, 15870, 100, 118.85;2, 15872, 100, 102.59;3, 15874, 100, 114.96
1788011232,0, 16722, 59, 172.82;1, 16090, 23, 160.32;2, 16066, 36, 151.14;3, 16086, 66, 160.85
1788011237,0, 31370, 67, 286.28;1, 30864, 65, 296.73;2, 30876, 68, 278.75;3, 30864, 68, 331.76
1788011242,0, 17532, 69, 270.22;1, 16860, 44, 249.27;2, 17022, 68, 264.73;3, 17026, 73, 280.67
1788011247,0, 16544, 5, 146.13;1, 16020, 45, 129.73;2, 16044, 0, 124.79;3, 16014, 0, 120.34
1788011253,0, 31370, 67, 286.64;1, 30864, 63, 294.56;2, 30876, 67, 276.21;3, 30864, 69, 302.22
1788011258,0, 31370, 69, 326.54;1, 15818, 100, 120.72;2, 15830, 100, 104.28;3, 15818, 100, 116.67
1788011263,0, 31370, 66, 271.73;1, 30866, 64, 291.46;2, 30876, 36, 227.57;3, 30864, 68, 257.20
1788011268,0, 16324, 100, 108.79;1, 30866, 66, 333.82;2, 15830, 100, 103.30;3, 15818, 100, 115.91
1788011273,0, 16734, 64, 174.76;1, 17072, 63, 302.29;2, 16212, 55, 166.76;3, 16204, 67, 181.34
1788011278,0, 31370, 67, 291.78;1, 30866, 65, 330.97;2, 30876, 68, 280.52;3, 30864, 70, 303.72
1788011283,0, 17198, 0, 93.24;1, 16282, 0, 102.02;2, 16576, 0, 85.71;3, 16242, 100, 108.79
1788011288,0, 29852, 62, 256.45;1, 30864, 28, 208.32;2, 30874, 23, 215.57;3, 30864, 51, 214.01
1788011293,0, 16472, 100, 109.45;1, 15960, 100, 121.70;2, 16252, 64, 308.56;3, 15946, 100, 118.23
1788011298,0, 31384, 67, 293.49;1, 30876, 65, 299.48;2, 30888, 67, 282.34;3, 30876, 69, 302.37
1788011303,0, 31384, 70, 297.53;1, 30876, 68, 307.76;2, 30888, 71, 289.16;3, 30876, 72, 311.78
1788011308,0, 17596, 65, 333.77;1, 17090, 61, 366.58;2, 17086, 83, 322.34;3, 17090, 91, 346.40
1788011313,0, 31372, 67, 326.44;1, 15818, 64, 332.90;2, 15830, 100, 142.89;3, 15818, 100, 117.28
1788011318,0, 31370, 78, 239.37;1, 30864, 41, 234.56;2, 30874, 67, 210.74;3, 30864, 67, 215.26
1788011324,0, 16736, 33, 160.04;1, 16358, 26, 171.79;2, 16334, 23, 154.76;3, 16348, 28, 169.13
1788011329,0, 31370, 69, 328.59;1, 15818, 100, 122.48;2, 30874, 70, 284.65;3, 30866, 69, 338.60
1788011334,0, 17428, 100, 113.29;1, 15930, 100, 120.52;2, 16918, 0, 85.43;3, 16922, 100, 117.41
1788011339,0, 31370, 67, 292.59;1, 15818, 59, 295.69;2, 30876, 67, 298.77;3, 30864, 67, 305.05
1788011344,0, 31370, 68, 299.41;1, 15818, 100, 121.35;2, 30876, 69, 317.76;3, 15818, 70, 342.56
1788011349,0, 17578, 51, 301.86;1, 16238, 34, 185.37;2, 17068, 72, 286.04;3, 17026, 75, 307.15
1788011354,0, 16324, 100, 113.52;1, 15818, 100, 121.46;2, 30876, 69, 316.24;3, 15818, 68, 248.01
1788011359,0, 16754, 26, 175.53;1, 16320, 26, 184.64;2, 17022, 73, 293.80;3, 16598, 52, 226.16
1788011364,0, 31370, 67, 305.55;1, 15818, 64, 304.12;2, 30874, 69, 285.66;3, 30864, 69, 341.56
1788011369,0, 17196, 68, 330.59;1, 16094, 56, 130.76;2, 16688, 4, 171.84;3, 16246, 100, 146.67
1788011374,0, 31370, 66, 271.37;1, 30864, 22, 245.06;2, 30874, 32, 253.98;3, 30864, 60, 236.95
1788011379,0, 16324, 100, 113.05;1, 15818, 100, 119.97;2, 15828, 100, 107.28;3, 30864, 70, 343.42
1788011384,0, 19188, 50, 174.89;1, 23872, 40, 203.30;2, 24834, 45, 202.21;3, 25114, 80, 342.82
1788011389,0, 16650, 0, 140.37;1, 16200, 65, 318.09;2, 16088, 100, 122.12;3, 16010, 0, 131.90
1788011395,0, 16324, 100, 177.39;1, 15818, 57, 193.59;2, 30874, 65, 297.11;3, 30864, 67, 341.06
1788011400,0, 16324, 100, 111.29;1, 15818, 100, 120.13;2, 30874, 68, 317.04;3, 30864, 69, 343.79
1788011405,0, 19444, 18, 145.86;1, 24084, 12, 145.97;2, 24738, 80, 293.90;3, 24856, 78, 317.44
1788011410,0, 16324, 100, 110.71;1, 15818, 100, 118.71;2, 15828, 100, 106.52;3, 30864, 70, 345.49
1788011415,0, 16662, 52, 181.06;1, 16122, 30, 185.33;2, 16128, 37, 172.75;3, 16848, 64, 282.66
1788011420,0, 31370, 67, 294.75;1, 30864, 65, 298.62;2, 30874, 69, 285.09;3, 30864, 69, 309.89
1788011425,0, 17182, 100, 106.81;1, 16636, 0, 95.93;2, 16450, 0, 84.68;3, 16676, 0, 89.85
1788011430,0, 17532, 80, 292.08;1, 16972, 58, 269.27;2, 16970, 59, 268.00;3, 17026, 78, 304.40
1788011435,0, 31370, 67, 292.74;1, 30864, 64, 297.52;2, 30874, 68, 283.05;3, 30864, 70, 310.83
1788011440,0, 16910, 0, 138.51;1, 16470, 0, 99.85;2, 16468, 0, 112.08;3, 16482, 0, 133.14
1788011445,0, 31370, 58, 274.89;1, 30864, 55, 301.70;2, 30874, 17, 264.97;3, 30864, 50, 272.02
1788011450,0, 16892, 42, 208.45;1, 16140, 35, 203.06;2, 16132, 48, 184.01;3, 16218, 32, 203.97
1788011455,0, 16324, 100, 287.07;1, 30864, 65, 335.54;2, 15830, 68, 295.86;3, 15818, 68, 331.39
1788011460,0, 16716, 0, 88.15;1, 16722, 0, 96.18;2, 16208, 0, 83.50;3, 16210, 0, 91.22
1788011466,0, 16716, 100, 111.32;1, 16722, 100, 121.21;2, 16208, 0, 70.14;3, 16210, 0, 74.87
1788011471,0, 17006, 100, 111.18;1, 16922, 100, 120.38;2, 16498, 100, 99.58;3, 16500, 0, 74.40
1788011476,0, 31370, 67, 290.03;1, 30864, 65, 297.93;2, 30874, 66, 279.96;3, 30864, 69, 305.74
1788011481,0, 31370, 68, 298.81;1, 30864, 67, 307.59;2, 30874, 69, 288.40;3, 30864, 70, 312.04
1788011486,0, 17244, 0, 68.65;1, 16738, 0, 74.38;2, 16736, 0, 69.25;3, 16738, 0, 74.89
1788011491,0, 17244, 100, 111.41;1, 16738, 100, 120.85;2, 16736, 0, 68.38;3, 16738, 0, 74.32
1788011496,0, 17244, 100, 110.65;1, 16738, 100, 120.02;2, 16736, 0, 67.83;3, 16738, 0, 74.08
1788011501,0, 17594, 68, 306.75;1, 17088, 61, 325.94;2, 17084, 71, 280.30;3, 17088, 65, 304.90
1788011506,0, 16324, 100, 110.60;1, 30864, 64, 330.72;2, 15830, 100, 104.63;3, 15818, 100, 117.28
1788011511,0, 16424, 0, 115.53;1, 16740, 0, 210.51;2, 16016, 0, 110.41;3, 15938, 0, 116.92
1788011516,0, 31370, 33, 174.44;1, 30864, 63, 346.79;2, 30878, 39, 183.58;3, 30864, 32, 178.56
1788011521,0, 31370, 68, 325.51;1, 30864, 66, 335.83;2, 30878, 68, 282.75;3, 30864, 70, 306.67
1788011526,0, 17244, 0, 85.22;1, 16738, 0, 82.58;2, 16736, 0, 78.83;3, 16738, 0, 86.91
1788011531,0, 17244, 100, 84.51;1, 16738, 0, 74.45;2, 16736, 100, 103.08;3, 16738, 100, 116.47
1788011536,0, 31370, 66, 291.08;1, 30864, 19, 308.77;2, 30876, 99, 281.27;3, 30864, 76, 311.26
1788011542,0, 31370, 68, 328.33;1, 30864, 65, 303.15;2, 30876, 70, 285.68;3, 30864, 69, 307.85
1788011547,0, 17576, 59, 313.92;1, 17076, 63, 329.42;2, 17066, 90, 303.09;3, 17076, 86, 323.55
1788011552,0, 31372, 69, 296.33;1, 30866, 65, 302.96;2, 30876, 70, 285.82;3, 30864, 68, 338.04
1788011557,0, 17228, 0, 153.80;1, 16722, 0, 104.42;2, 16284, 0, 119.55;3, 16380, 0, 110.14
1788011562,0, 17228, 0, 68.46;1, 16722, 0, 74.39;2, 16284, 100, 103.21;3, 16380, 100, 118.13
1788011567,0, 31370, 83, 296.95;1, 30864, 81, 318.39;2, 30876, 61, 233.01;3, 30864, 25, 277.72
1788011572,0, 31370, 68, 328.87;1, 30864, 66, 304.79;2, 30876, 71, 310.23;3, 30864, 70, 310.05
1788011577,0, 17228, 100, 106.69;1, 16720, 100, 122.54;2, 16718, 0, 73.25;3, 16720, 0, 79.21
1788011582,0, 31370, 68, 271.30;1, 30864, 17, 298.94;2, 30878, 99, 278.63;3, 30866, 80, 314.09
1788011587,0, 31370, 68, 296.67;1, 30864, 66, 305.52;2, 30878, 68, 284.97;3, 30866, 70, 309.52
1788011592,0, 17546, 64, 215.10;1, 17040, 52, 285.79;2, 17036, 78, 205.88;3, 17040, 60, 244.19
1788011597,0, 16324, 68, 305.43;1, 30866, 65, 334.78;2, 30876, 68, 283.46;3, 30864, 68, 341.37
1788011602,0, 16594, 0, 134.44;1, 16516, 67, 321.93;2, 16126, 100, 106.13;3, 16722, 71, 244.89
1788011607,0, 16594, 0, 69.33;1, 16516, 100, 122.24;2, 16126, 100, 103.41;3, 16722, 0, 74.81
1788011613,0, 16594, 100, 111.99;1, 16516, 100, 122.52;2, 16126, 100, 103.26;3, 16722, 0, 74.28
1788011618,0, 16594, 100, 111.16;1, 16516, 100, 121.45;2, 16126, 100, 103.19;3, 16722, 0, 73.86
1788011623,0, 16982, 73, 208.12;1, 17064, 63, 321.66;2, 16554, 51, 212.23;3, 17072, 72, 304.35
1788011628,0, 16610, 39, 174.39;1, 16104, 28, 182.04;2, 16098, 49, 166.94;3, 16104, 65, 183.51
1788011633,0, 31370, 68, 323.01;1, 30864, 65, 334.24;2, 30876, 68, 307.10;3, 15818, 100, 116.75
1788011638,0, 17228, 0, 95.52;1, 16722, 0, 103.83;2, 16718, 0, 86.72;3, 15954, 0, 94.86
1788011643,0, 31370, 66, 293.67;1, 30864, 64, 298.34;2, 30876, 67, 277.89;3, 30864, 67, 292.31
1788011648,0, 16324, 100, 111.82;1, 15818, 66, 337.44;2, 30876, 69, 317.95;3, 15818, 100, 116.42
1788011653,0, 16748, 37, 189.32;1, 16886, 61, 303.50;2, 17066, 70, 302.07;3, 16454, 42, 209.55
1788011658,0, 16324, 100, 111.99;1, 15818, 100, 122.56;2, 15830, 100, 105.86;3, 30864, 70, 339.39
1788011663,0, 29980, 29, 213.29;1, 29474, 27, 210.78;2, 29484, 64, 188.80;3, 29474, 64, 263.13
1788011668,0, 16324, 67, 274.12;1, 15818, 100, 123.32;2, 30874, 68, 283.92;3, 15818, 68, 338.63
1788011673,0, 17114, 49, 177.76;1, 16196, 22, 167.97;2, 17038, 74, 202.19;3, 16694, 44, 206.02
1788011678,0, 31370, 68, 294.21;1, 30864, 65, 300.90;2, 30874, 68, 282.82;3, 30864, 68, 304.66
1788011683,0, 17244, 2, 245.88;1, 16738, 66, 326.72;2, 16736, 100, 221.66;3, 16738, 0, 166.30
1788011689,0, 17594, 84, 315.76;1, 17088, 68, 327.27;2, 17084, 79, 300.60;3, 17088, 85, 312.77
1788011694,0, 31370, 68, 296.89;1, 30864, 65, 303.30;2, 30876, 68, 283.93;3, 30864, 69, 307.72
1788011699,0, 17196, 0, 104.23;1, 16690, 0, 148.73;2, 16688, 0, 89.91;3, 16690, 0, 97.19
1788011704,0, 17546, 43, 85.63;1, 17044, 55, 205.28;2, 17036, 100, 148.19;3, 17040, 68, 179.14
1788011709,0, 31370, 67, 292.38;1, 30866, 65, 301.84;2, 30874, 67, 281.12;3, 30864, 68, 305.97
1788011714,0, 16324, 68, 293.43;1, 27832, 66, 337.12;2, 15828, 69, 288.97;3, 15818, 66, 323.11
1788011719,0, 17594, 26, 317.47;1, 17088, 51, 329.00;2, 17084, 70, 302.99;3, 17088, 79, 326.11
1788011724,0, 31370, 68, 297.85;1, 30864, 65, 334.33;2, 30874, 68, 285.84;3, 30864, 70, 311.23
1788011729,0, 17182, 0, 100.49;1, 16676, 100, 112.55;2, 16354, 0, 89.10;3, 16676, 0, 96.78
1788011734,0, 31370, 65, 319.44;1, 15818, 59, 306.75;2, 15828, 100, 180.11;3, 30864, 66, 322.91
1788011739,0, 29982, 68, 182.13;1, 29476, 22, 156.27;2, 29484, 46, 141.35;3, 29474, 45, 186.27
1788011744,0, 16584, 0, 85.56;1, 15960, 0, 82.55;2, 16054, 0, 79.70;3, 16020, 0, 86.32
1788011749,0, 16584, 0, 69.16;1, 15960, 100, 121.84;2, 16054, 0, 69.39;3, 16020, 0, 79.52
1788011754,0, 16584, 0, 68.05;1, 15960, 100, 121.07;2, 16054, 100, 103.19;3, 16020, 100, 118.03
1788011760,0, 16844, 57, 178.79;1, 16204, 37, 170.18;2, 16308, 31, 166.35;3, 16392, 38, 182.86
1788011765,0, 31372, 67, 322.62;1, 30866, 65, 300.64;2, 15828, 100, 104.86;3, 15818, 100, 188.03
1788011770,0, 17228, 0, 178.82;1, 16722, 70, 263.15;2, 16010, 1, 112.01;3, 16104, 100, 133.39
1788011775,0, 31370, 67, 301.18;1, 30864, 64, 295.71;2, 30874, 67, 276.84;3, 30864, 67, 301.83
1788011780,0, 31370, 68, 297.87;1, 30864, 66, 303.53;2, 30874, 69, 284.70;3, 30864, 70, 341.76
1788011785,0, 17594, 83, 299.86;1, 17088, 65, 294.66;2, 17084, 80, 284.32;3, 17092, 92, 298.02
1788011790,0, 16324, 100, 112.58;1, 15818, 100, 122.46;2, 30876, 68, 314.80;3, 30864, 69, 341.98
1788011795,0, 16744, 24, 190.43;1, 16204, 30, 197.65;2, 16730, 72, 250.59;3, 17074, 81, 325.87
1788011800,0, 16324, 100, 111.61;1, 30864, 65, 331.79;2, 30876, 68, 316.60;3, 30864, 69, 341.02
1788011805,0, 16366, 0, 101.33;1, 16186, 0, 130.93;2, 16646, 0, 88.52;3, 16690, 100, 111.69
1788011810,0, 29982, 67, 142.00;1, 29474, 32, 210.23;2, 29486, 78, 285.04;3, 29474, 73, 304.51
1788011815,0, 31372, 67, 327.75;1, 30864, 63, 332.96;2, 30876, 69, 310.42;3, 15818, 68, 342.31
1788011820,0, 17208, 100, 89.93;1, 16286, 0, 80.10;2, 16648, 0, 77.36;3, 16296, 0, 83.14
1788011825,0, 17562, 34, 272.29;1, 16738, 50, 268.97;2, 16988, 67, 262.86;3, 16726, 70, 245.92
1788011831,0, 16326, 100, 111.34;1, 30864, 64, 331.05;2, 15828, 100, 106.37;3, 30864, 70, 306.35
1788011836,0, 16380, 100, 113.65;1, 16174, 0, 137.28;2, 16040, 100, 103.13;3, 16740, 0, 97.85
1788011841,0, 16594, 33, 156.01;1, 16582, 31, 207.05;2, 16406, 55, 182.63;3, 17092, 62, 320.59
1788011846,0, 16326, 100, 110.67;1, 30878, 65, 332.39;2, 30888, 69, 284.12;3, 30876, 69, 308.20
1788011851,0, 16494, 0, 130.75;1, 16736, 100, 249.49;2, 16732, 100, 220.38;3, 16734, 100, 224.39
1788011856,0, 16494, 0, 66.83;1, 16736, 100, 121.11;2, 16732, 100, 103.32;3, 16734, 100, 119.53
1788011861,0, 16494, 0, 66.11;1, 16736, 100, 120.73;2, 16732, 100, 103.17;3, 16734, 100, 119.49
1788011866,0, 16494, 0, 65.72;1, 16736, 100, 120.10;2, 16732, 100, 103.00;3, 16734, 100, 117.77
1788011871,0, 16494, 0, 13.88;1, 16736, 100, 120.58;2, 16732, 100, 103.02;3, 16734, 100, 117.39
1788011876,0, 16494, 0, 13.37;1, 16736, 100, 119.62;2, 16732, 100, 102.85;3, 16734, 100, 116.96
1788011881,0, 16494, 0, 13.33;1, 16736, 100, 119.24;2, 16732, 100, 102.80;3, 16734, 100, 117.12
1788011886,0, 16494, 0, 12.97;1, 16736, 100, 119.38;2, 16732, 100, 102.65;3, 16734, 100, 116.51
1788011891,0, 16494, 0, 12.69;1, 16736, 100, 118.93;2, 16732, 100, 102.50;3, 16734, 100, 115.82
1788011896,0, 16494, 0, 12.71;1, 16736, 100, 118.45;2, 16732, 100, 102.54;3, 16734, 100, 115.82
1788011901,0, 16494, 0, 12.78;1, 16736, 100, 118.37;2, 16732, 100, 102.48;3, 16734, 100, 115.65
1788011906,0, 16494, 0, 12.45;1, 16736, 100, 118.93;2, 16732, 100, 102.43;3, 16734, 100, 114.98
1788011912,0, 16494, 0, 12.36;1, 16736, 100, 118.14;2, 16732, 100, 102.07;3, 16734, 100, 115.35
1788011917,0, 16494, 0, 12.29;1, 16736, 100, 117.68;2, 16732, 100, 102.39;3, 16734, 100, 114.98
1788011922,0, 16494, 0, 11.94;1, 16736, 100, 117.40;2, 16732, 100, 102.23;3, 16734, 100, 114.70
1788011927,0, 16494, 0, 12.31;1, 16736, 100, 117.47;2, 16732, 100, 102.09;3, 16734, 100, 114.99
1788011932,0, 16494, 0, 12.04;1, 16736, 100, 117.42;2, 16732, 100, 101.87;3, 16734, 100, 114.47
1788011937,0, 16494, 0, 12.09;1, 16736, 100, 117.80;2, 16732, 100, 101.73;3, 16734, 100, 114.30
1788011942,0, 16494, 0, 11.94;1, 16736, 100, 117.44;2, 16732, 100, 101.78;3, 16734, 100, 114.42
1788011947,0, 16494, 0, 11.89;1, 16736, 100, 117.19;2, 16732, 100, 101.95;3, 16734, 100, 114.33
1788011952,0, 16494, 0, 11.85;1, 16736, 100, 116.92;2, 16732, 100, 102.03;3, 16734, 100, 113.68
1788011957,0, 16494, 0, 11.55;1, 16736, 100, 116.93;2, 16732, 100, 101.88;3, 16734, 100, 113.46
1788011962,0, 16494, 0, 11.65;1, 16736, 100, 116.55;2, 16732, 100, 101.83;3, 16734, 100, 113.47
1788011967,0, 16494, 0, 11.83;1, 16736, 100, 116.97;2, 16732, 100, 101.65;3, 16734, 100, 113.37
1788011972,0, 16716, 49, 188.13;1, 17084, 68, 329.40;2, 17080, 77, 290.63;3, 17084, 74, 305.91
1788011977,0, 31370, 67, 310.67;1, 30864, 64, 324.18;2, 15828, 68, 310.27;3, 15818, 100, 113.67
1788011982,0, 16796, 0, 78.52;1, 16578, 0, 96.00;2, 16158, 100, 94.61;3, 16024, 100, 112.61
1788011987,0, 17218, 35, 206.84;1, 16904, 58, 235.00;2, 16602, 36, 192.17;3, 16378, 100, 151.97
1788011993,0, 31370, 68, 280.74;1, 30864, 65, 295.95;2, 30874, 68, 309.45;3, 30864, 69, 301.89
1788011998,0, 17232, 86, 254.70;1, 16724, 67, 300.61;2, 16722, 100, 197.89;3, 16724, 67, 231.08
1788012003,0, 17232, 100, 104.44;1, 16724, 100, 118.45;2, 16722, 0, 66.67;3, 16724, 100, 114.44
1788012008,0, 31370, 65, 281.39;1, 30864, 64, 293.66;2, 30874, 99, 275.35;3, 30864, 67, 302.31
1788012013,0, 31370, 68, 287.55;1, 30864, 66, 301.31;2, 30874, 69, 281.95;3, 30864, 70, 339.49
1788012018,0, 17576, 77, 305.20;1, 17070, 66, 310.12;2, 17066, 71, 289.07;3, 17070, 70, 300.31
1788012023,0, 31370, 66, 313.62;1, 30864, 65, 298.75;2, 30874, 69, 281.36;3, 30866, 69, 305.62
1788012028,0, 16860, 97, 100.06;1, 16676, 0, 167.37;2, 16284, 0, 85.57;3, 16426, 0, 95.14
1788012033,0, 31370, 36, 208.98;1, 30864, 56, 317.55;2, 30874, 53, 230.54;3, 30864, 72, 274.92
1788012038,0, 31370, 68, 290.83;1, 30864, 65, 300.28;2, 30874, 70, 291.06;3, 30864, 70, 308.77
1788012043,0, 17578, 70, 283.76;1, 17072, 56, 284.64;2, 16936, 74, 261.98;3, 17074, 68, 282.98
1788012048,0, 31370, 67, 288.38;1, 30864, 65, 318.19;2, 30874, 70, 314.10;3, 30864, 70, 308.70
1788012053,0, 17182, 0, 92.78;1, 16150, 0, 120.49;2, 16674, 0, 136.92;3, 16676, 0, 148.33
1788012058,0, 17182, 100, 108.23;1, 16150, 0, 73.99;2, 16674, 100, 102.97;3, 16676, 0, 74.60
1788012064,0, 17182, 100, 107.73;1, 16150, 0, 73.80;2, 16674, 100, 102.80;3, 16676, 100, 112.17
1788012069,0, 24976, 75, 290.71;1, 29002, 40, 220.58;2, 29484, 64, 279.08;3, 29474, 46, 287.26
1788012074,0, 31370, 68, 289.73;1, 30864, 65, 299.91;2, 30874, 69, 283.27;3, 30864, 69, 306.83
1788012079,0, 17196, 100, 105.19;1, 16690, 0, 86.62;2, 16686, 0, 82.14;3, 16690, 100, 97.98
1788012084,0, 31370, 66, 272.81;1, 30864, 64, 289.96;2, 30874, 73, 264.09;3, 30864, 68, 288.07
1788012089,0, 16324, 100, 109.41;1, 15818, 100, 272.55;2, 15828, 100, 105.43;3, 30864, 69, 340.47
1788012094,0, 16586, 0, 68.78;1, 16286, 100, 89.24;2, 16216, 0, 68.62;3, 16702, 0, 74.76
1788012099,0, 16586, 100, 107.87;1, 16286, 100, 119.60;2, 16216, 0, 67.57;3, 16702, 100, 117.82
1788012104,0, 16984, 36, 184.91;1, 16736, 51, 264.57;2, 16662, 56, 218.15;3, 17056, 56, 296.34
1788012109,0, 16324, 100, 107.78;1, 30864, 65, 300.41;2, 15828, 100, 103.28;3, 15818, 100, 116.85
1788012114,0, 16614, 47, 139.41;1, 17042, 53, 293.36;2, 16102, 30, 134.24;3, 16076, 27, 147.55
1788012119,0, 31370, 66, 287.21;1, 30866, 65, 306.58;2, 15828, 62, 284.84;3, 30864, 69, 304.21
1788012124,0, 17144, 38, 214.06;1, 16562, 33, 218.55;2, 16532, 70, 186.68;3, 16558, 44, 214.09
1788012129,0, 31370, 68, 289.51;1, 30864, 64, 298.63;2, 30874, 68, 281.04;3, 30864, 68, 338.02
1788012135,0, 17398, 0, 140.27;1, 16892, 0, 181.03;2, 16890, 0, 135.10;3, 16892, 58, 155.74
1788012140,0, 31370, 67, 299.58;1, 15818, 64, 253.09;2, 30874, 67, 307.30;3, 15818, 100, 210.20
1788012145,0, 16324, 100, 111.24;1, 15818, 100, 121.89;2, 16510, 69, 317.71;3, 15818, 100, 118.15
1788012150,0, 17136, 61, 236.90;1, 16142, 38, 166.82;2, 17026, 67, 289.50;3, 16164, 51, 170.26
1788012155,0, 31370, 67, 291.74;1, 30864, 65, 331.84;2, 30874, 68, 284.61;3, 15820, 100, 145.58
1788012160,0, 17228, 0, 94.50;1, 16722, 0, 101.25;2, 16450, 0, 86.68;3, 16108, 100, 108.23
1788012165,0, 17578, 100, 198.25;1, 17076, 58, 172.19;2, 16742, 0, 69.69;3, 16526, 49, 125.13
1788012170,0, 16542, 19, 140.81;1, 16036, 22, 151.54;2, 16030, 28, 135.40;3, 16036, 51, 147.21
1788012175,0, 16326, 100, 111.61;1, 15818, 100, 121.30;2, 15828, 100, 228.51;3, 30864, 70, 339.34
1788012180,0, 16556, 100, 110.77;1, 15974, 0, 74.14;2, 16122, 100, 103.11;3, 16246, 100, 116.54
1788012185,0, 16556, 100, 109.84;1, 15974, 0, 73.94;2, 16122, 100, 102.98;3, 16246, 100, 116.44
1788012190,0, 16556, 100, 109.05;1, 15974, 0, 73.97;2, 16122, 100, 102.63;3, 16246, 100, 116.03
1788012195,0, 16868, 100, 108.86;1, 16188, 0, 66.15;2, 16524, 56, 110.29;3, 16684, 100, 132.87
1788012200,0, 31370, 66, 299.94;1, 30864, 65, 297.16;2, 30874, 66, 279.15;3, 30864, 68, 300.87
1788012205,0, 31370, 69, 295.78;1, 30864, 66, 303.22;2, 15828, 70, 266.52;3, 15818, 71, 310.60
1788012211,0, 17576, 73, 297.50;1, 17070, 67, 326.79;2, 17066, 77, 288.96;3, 17070, 69, 323.44
1788012216,0, 31370, 67, 292.37;1, 30864, 64, 327.40;2, 30874, 67, 282.57;3, 30864, 69, 325.69
1788012221,0, 17578, 64, 159.49;1, 16674, 0, 140.94;2, 17068, 0, 141.55;3, 16740, 53, 164.43
1788012226,0, 31370, 66, 289.25;1, 30864, 64, 299.31;2, 30874, 67, 281.86;3, 30864, 68, 306.33
1788012231,0, 16324, 69, 298.74;1, 30864, 67, 305.61;2, 15828, 69, 289.88;3, 15818, 58, 303.77
1788012236,0, 17578, 56, 295.95;1, 17072, 44, 299.32;2, 17068, 69, 277.22;3, 17072, 77, 300.38
1788012241,0, 16730, 0, 134.36;1, 16084, 0, 138.16;2, 16202, 0, 117.85;3, 16216, 0, 202.00
1788012246,0, 16730, 100, 106.57;1, 16084, 0, 74.31;2, 16202, 0, 69.12;3, 16216, 100, 117.37
1788012251,0, 16730, 100, 111.42;1, 16084, 0, 74.20;2, 16202, 100, 103.12;3, 16216, 100, 117.24
1788012256,0, 16730, 100, 110.93;1, 16084, 0, 74.10;2, 16202, 100, 103.09;3, 16216, 100, 116.49
1788012261,0, 31370, 60, 213.60;1, 30864, 11, 208.99;2, 30874, 98, 225.07;3, 30864, 61, 242.23
1788012266,0, 16932, 32, 173.45;1, 16544, 24, 208.09;2, 16624, 61, 220.14;3, 16468, 33, 189.07
1788012271,0, 31370, 68, 293.48;1, 15818, 100, 174.21;2, 30874, 69, 315.20;3, 30864, 68, 333.63
1788012276,0, 16640, 100, 135.59;1, 16024, 6, 128.82;2, 16204, 0, 134.18;3, 16722, 55, 265.65
1788012281,0, 16422, 0, 166.84;1, 15936, 63, 294.38;2, 15936, 66, 242.51;3, 15936, 68, 282.67
1788012287,0, 31372, 66, 287.66;1, 30864, 64, 295.42;2, 30874, 68, 281.45;3, 30866, 67, 304.37
1788012292,0, 16566, 0, 67.67;1, 16064, 0, 74.24;2, 16104, 0, 69.61;3, 16054, 0, 74.48
1788012297,0, 16566, 0, 66.75;1, 16064, 0, 74.14;2, 16104, 0, 68.23;3, 16054, 0, 74.01
1788012302,0, 16566, 0, 66.22;1, 16064, 0, 74.02;2, 16104, 0, 67.35;3, 16054, 0, 73.66
1788012307,0, 29980, 45, 180.30;1, 29474, 11, 180.27;2, 29484, 63, 190.50;3, 29474, 54, 186.93
1788012312,0, 16536, 38, 126.33;1, 15986, 0, 129.49;2, 16212, 69, 292.60;3, 16142, 0, 136.32
1788012317,0, 29980, 27, 167.25;1, 29476, 28, 185.81;2, 29484, 90, 220.24;3, 29474, 63, 204.49
1788012322,0, 16698, 50, 179.79;1, 16338, 30, 193.02;2, 16186, 42, 175.60;3, 16216, 41, 190.08
1788012327,0, 31370, 67, 306.14;1, 30866, 65, 330.40;2, 30874, 69, 284.17;3, 30864, 70, 307.40
1788012332,0, 17196, 0, 100.90;1, 16442, 100, 113.47;2, 16688, 0, 87.19;3, 16690, 0, 95.78
1788012337,0, 17196, 100, 109.73;1, 16442, 100, 119.17;2, 16688, 100, 103.25;3, 16690, 0, 73.85
1788012342,0, 17196, 100, 109.60;1, 16442, 100, 118.65;2, 16688, 100, 103.15;3, 16690, 0, 73.70
1788012347,0, 17196, 100, 109.42;1, 16442, 100, 118.64;2, 16688, 100, 102.97;3, 16690, 0, 73.17
1788012352,0, 17196, 100, 108.63;1, 16442, 100, 118.11;2, 16688, 100, 102.78;3, 16690, 0, 16.04
1788012358,0, 17196, 100, 108.04;1, 16442, 100, 118.11;2, 16688, 100, 102.64;3, 16690, 0, 15.61
1788012363,0, 17196, 100, 107.70;1, 16442, 100, 118.04;2, 16688, 100, 102.54;3, 16690, 0, 15.90
1788012368,0, 17196, 100, 107.99;1, 16442, 100, 118.13;2, 16688, 100, 102.51;3, 16690, 0, 14.91
1788012373,0, 17196, 100, 107.20;1, 16442, 100, 117.84;2, 16688, 100, 102.41;3, 16690, 0, 14.87
1788012378,0, 17196, 100, 107.09;1, 16442, 100, 117.65;2, 16688, 100, 102.33;3, 16690, 0, 14.33
1788012383,0, 17546, 50, 187.36;1, 16956, 47, 229.34;2, 17036, 100, 179.04;3, 17040, 85, 125.50
1788012388,0, 31370, 67, 287.48;1, 30864, 64, 295.91;2, 30874, 66, 276.05;3, 30864, 67, 295.96
1788012393,0, 17244, 68, 277.36;1, 16738, 52, 321.95;2, 16736, 70, 238.31;3, 16738, 100, 271.03
1788012398,0, 17594, 55, 295.89;1, 17088, 49, 312.53;2, 17084, 69, 291.99;3, 17092, 79, 287.88
1788012403,0, 16324, 100, 109.08;1, 15820, 100, 119.96;2, 30876, 70, 314.62;3, 15818, 100, 113.88
1788012408,0, 16632, 27, 156.88;1, 16226, 28, 181.98;2, 17072, 63, 270.54;3, 16062, 23, 157.48
1788012413,0, 31372, 68, 324.63;1, 30864, 65, 296.83;2, 30874, 68, 315.95;3, 30866, 70, 301.87
1788012418,0, 17182, 70, 145.58;1, 16676, 0, 151.60;2, 16674, 0, 137.78;3, 16676, 0, 146.43
1788012423,0, 31370, 65, 306.33;1, 30864, 63, 303.21;2, 30874, 68, 307.42;3, 30866, 67, 300.66
1788012428,0, 31370, 69, 327.29;1, 30864, 66, 301.26;2, 15828, 100, 106.63;3, 30866, 69, 306.78
1788012434,0, 17244, 100, 111.09;1, 16738, 0, 74.06;2, 16228, 81, 87.18;3, 16738, 0, 73.61
1788012439,0, 17598, 52, 259.52;1, 17088, 82, 242.50;2, 16684, 40, 191.21;3, 17088, 75, 284.38
1788012444,0, 31370, 67, 323.35;1, 15818, 100, 122.52;2, 30874, 68, 310.21;3, 15820, 100, 115.13
1788012449,0, 31370, 71, 235.20;1, 30864, 25, 181.29;2, 30874, 47, 232.45;3, 30866, 67, 220.21
1788012454,0, 31370, 67, 296.12;1, 30864, 66, 301.51;2, 30874, 70, 284.43;3, 30866, 70, 305.31
1788012459,0, 17558, 64, 147.39;1, 17052, 75, 188.02;2, 17048, 100, 142.17;3, 17052, 55, 174.80
1788012464,0, 16476, 0, 126.65;1, 15974, 100, 133.55;2, 16006, 100, 154.29;3, 16090, 0, 263.41
1788012469,0, 31370, 66, 289.89;1, 30864, 64, 298.14;2, 30878, 69, 281.43;3, 30866, 67, 301.95
1788012474,0, 16816, 0, 94.13;1, 16300, 0, 100.68;2, 16228, 0, 87.24;3, 16194, 0, 94.66
1788012479,0, 16816, 0, 67.11;1, 16300, 0, 74.04;2, 16228, 100, 103.13;3, 16194, 0, 73.60
1788012484,0, 16816, 0, 66.32;1, 16300, 0, 73.91;2, 16228, 100, 103.02;3, 16194, 0, 73.34
1788012489,0, 16816, 0, 51.06;1, 16300, 0, 73.80;2, 16228, 100, 102.93;3, 16194, 0, 73.18
1788012494,0, 16816, 0, 13.13;1, 16300, 100, 118.27;2, 16228, 100, 102.88;3, 16194, 100, 61.05
1788012499,0, 16816, 0, 13.27;1, 16300, 100, 118.29;2, 16228, 100, 102.80;3, 16194, 100, 114.94
1788012504,0, 16816, 0, 12.59;1, 16300, 100, 117.73;2, 16228, 100, 102.71;3, 16194, 100, 114.61
1788012510,0, 17304, 54, 242.33;1, 16732, 53, 248.58;2, 16516, 51, 207.01;3, 16618, 40, 239.91
1788012515,0, 16502, 0, 89.69;1, 15930, 0, 96.44;2, 15982, 0, 85.12;3, 16054, 0, 89.09
1788012520,0, 16502, 100, 106.46;1, 15930, 100, 117.89;2, 15982, 100, 102.30;3, 16054, 0, 72.28
1788012525,0, 16502, 100, 105.92;1, 15930, 100, 117.51;2, 15982, 100, 102.51;3, 16054, 0, 72.11
1788012530,0, 31370, 67, 291.11;1, 30866, 64, 293.05;2, 30874, 66, 269.02;3, 30864, 67, 296.45
1788012535,0, 31370, 68, 323.51;1, 30866, 66, 301.21;2, 15828, 68, 282.28;3, 30864, 69, 335.13
1788012540,0, 17446, 66, 199.48;1, 17076, 37, 185.32;2, 16872, 100, 128.53;3, 16994, 61, 155.85
1788012545,0, 16324, 100, 109.01;1, 30864, 64, 327.14;2, 30874, 68, 310.74;3, 15818, 71, 285.31
1788012550,0, 16344, 100, 108.07;1, 16000, 65, 332.49;2, 16010, 100, 255.23;3, 15862, 100, 114.66
1788012555,0, 16672, 60, 170.12;1, 17088, 53, 320.13;2, 17088, 75, 296.00;3, 16260, 60, 196.35
1788012560,0, 16324, 68, 322.84;1, 30864, 64, 325.50;2, 30874, 70, 315.03;3, 15818, 100, 177.34
1788012565,0, 16992, 0, 91.55;1, 16938, 100, 135.95;2, 16938, 100, 103.34;3, 16416, 71, 104.40
1788012570,0, 31370, 66, 287.67;1, 30866, 63, 296.61;2, 30874, 67, 280.47;3, 30864, 68, 297.15
1788012575,0, 31370, 69, 295.68;1, 30866, 66, 335.29;2, 15828, 100, 105.06;3, 15818, 69, 338.26
1788012581,0, 17182, 100, 109.39;1, 16462, 0, 74.42;2, 16006, 100, 102.84;3, 16476, 0, 91.75
1788012586,0, 17182, 100, 108.36;1, 16462, 0, 74.09;2, 16006, 100, 102.72;3, 16476, 100, 116.21
1788012591,0, 31370, 21, 245.44;1, 30866, 56, 290.32;2, 30874, 34, 170.41;3, 30864, 99, 278.46
1788012596,0, 31370, 68, 293.29;1, 30866, 65, 301.95;2, 30874, 69, 282.84;3, 30864, 69, 307.50
1788012601,0, 17228, 0, 84.28;1, 16722, 0, 82.34;2, 16718, 0, 78.79;3, 16722, 100, 117.05
1788012606,0, 17578, 54, 287.60;1, 17072, 54, 303.20;2, 17068, 66, 279.24;3, 17072, 77, 292.48
1788012611,0, 31370, 66, 289.54;1, 30864, 65, 299.46;2, 30874, 67, 279.61;3, 30864, 68, 301.50
1788012616,0, 16778, 0, 93.18;1, 16266, 100, 110.70;2, 16304, 63, 87.51;3, 16678, 100, 136.90
1788012621,0, 31370, 67, 290.07;1, 30864, 64, 297.39;2, 30876, 67, 309.78;3, 15820, 66, 304.52
1788012626,0, 31370, 68, 315.20;1, 15818, 100, 122.33;2, 30876, 68, 316.18;3, 15820, 100, 116.73
1788012631,0, 17550, 29, 300.52;1, 16390, 29, 190.82;2, 17036, 72, 287.48;3, 16214, 39, 183.11
1788012636,0, 31370, 67, 327.68;1, 30864, 65, 302.17;2, 30876, 69, 283.14;3, 30864, 69, 306.34
1788012641,0, 16882, 0, 111.64;1, 16738, 0, 100.76;2, 16736, 0, 88.98;3, 16738, 0, 95.95
1788012646,0, 16882, 100, 111.40;1, 16738, 0, 74.05;2, 16736, 100, 103.57;3, 16738, 100, 117.55
1788012652,0, 17344, 70, 279.54;1, 17090, 66, 333.07;2, 17084, 67, 310.30;3, 17088, 79, 311.11
1788012657,0, 16324, 100, 143.68;1, 30864, 64, 299.44;2, 30874, 69, 283.48;3, 15818, 100, 117.70
1788012662,0, 17042, 37, 141.83;1, 17070, 100, 195.37;2, 17066, 0, 167.89;3, 16252, 46, 152.27
1788012667,0, 31372, 66, 292.05;1, 30864, 63, 297.32;2, 30876, 66, 280.15;3, 30864, 68, 303.48
1788012672,0, 16326, 70, 300.25;1, 30864, 66, 306.59;2, 15830, 69, 288.85;3, 15818, 65, 291.87
1788012677,0, 17594, 56, 273.79;1, 17088, 49, 292.22;2, 17084, 47, 256.64;3, 17088, 71, 282.91
1788012682,0, 31370, 67, 292.81;1, 30864, 64, 300.72;2, 30876, 67, 279.89;3, 30864, 68, 304.28
1788012687,0, 17196, 91, 218.96;1, 16188, 0, 143.41;2, 16688, 0, 204.22;3, 16690, 0, 286.34
1788012692,0, 31370, 66, 278.59;1, 30864, 63, 276.69;2, 30874, 67, 281.29;3, 30864, 67, 318.62
1788012697,0, 31370, 69, 298.91;1, 30864, 65, 304.35;2, 30874, 70, 288.94;3, 30864, 70, 310.29
1788012702,0, 17594, 100, 180.49;1, 17088, 63, 151.20;2, 17084, 53, 166.93;3, 17092, 100, 213.56
1788012707,0, 31370, 66, 293.73;1, 30864, 64, 300.60;2, 30874, 66, 282.89;3, 30864, 69, 306.61
1788012712,0, 16760, 100, 114.21;1, 16612, 66, 268.79;2, 16720, 71, 318.82;3, 16260, 100, 119.93
1788012717,0, 31370, 66, 297.09;1, 30864, 63, 298.72;2, 30874, 67, 300.94;3, 30864, 68, 319.65
1788012723,0, 31370, 69, 301.59;1, 30864, 65, 303.92;2, 30874, 70, 321.14;3, 30864, 69, 343.34
1788012728,0, 17244, 100, 78.58;1, 16738, 0, 74.69;2, 16736, 100, 105.45;3, 16738, 99, 120.22
1788012733,0, 31370, 68, 295.93;1, 30864, 64, 304.56;2, 30874, 66, 283.56;3, 30864, 68, 305.02
1788012738,0, 31370, 69, 302.92;1, 30864, 67, 309.39;2, 30874, 71, 292.90;3, 30864, 71, 315.39
1788012743,0, 17496, 100, 114.02;1, 16984, 59, 128.81;2, 16996, 60, 88.61;3, 17004, 100, 120.10
1788012748,0, 16324, 100, 114.01;1, 15818, 100, 124.84;2, 30892, 69, 315.52;3, 30880, 69, 307.42
1788012753,0, 16440, 100, 112.75;1, 15932, 100, 122.17;2, 16432, 84, 114.47;3, 16542, 72, 347.40
1788012758,0, 16738, 63, 213.03;1, 16232, 42, 234.07;2, 16912, 81, 328.63;3, 17094, 83, 383.30
1788012763,0, 16324, 100, 112.17;1, 30864, 65, 331.81;2, 30876, 69, 316.54;3, 30864, 69, 330.16
1788012768,0, 16612, 100, 128.11;1, 16726, 0, 295.11;2, 16722, 100, 160.45;3, 16586, 90, 152.84
1788012773,0, 31370, 65, 289.15;1, 30864, 60, 298.52;2, 30876, 67, 284.49;3, 30864, 67, 303.93
1788012778,0, 16324, 68, 329.93;1, 30864, 66, 337.74;2, 30876, 70, 290.17;3, 30864, 69, 344.62
1788012783,0, 24590, 27, 259.31;1, 29474, 68, 295.80;2, 29484, 51, 248.06;3, 29474, 77, 297.92
1788012789,0, 16560, 0, 89.88;1, 16070, 0, 101.41;2, 16056, 0, 88.57;3, 16116, 0, 89.95
1788012794,0, 16560, 0, 67.73;1, 16070, 0, 74.45;2, 16056, 0, 73.12;3, 16116, 0, 74.77
1788012799,0, 16560, 0, 66.92;1, 16070, 100, 121.26;2, 16056, 0, 71.61;3, 16116, 0, 74.05
1788012804,0, 16940, 63, 167.38;1, 16460, 34, 193.59;2, 16444, 19, 164.97;3, 16380, 51, 178.01
1788012809,0, 31370, 67, 290.64;1, 30864, 65, 298.42;2, 30874, 69, 282.93;3, 30864, 69, 303.67
1788012814,0, 17244, 0, 219.83;1, 16738, 0, 207.30;2, 16736, 100, 179.69;3, 16738, 0, 165.74
1788012819,0, 31370, 65, 289.78;1, 30864, 62, 295.06;2, 30876, 44, 276.48;3, 30864, 67, 298.18
1788012824,0, 16324, 61, 208.71;1, 30864, 65, 300.99;2, 30876, 69, 319.01;3, 30864, 68, 340.85
1788012829,0, 16782, 0, 68.26;1, 16676, 0, 74.72;2, 16584, 0, 70.85;3, 16676, 0, 88.27
1788012834,0, 17276, 58, 236.95;1, 17030, 58, 297.26;2, 16910, 70, 266.95;3, 17026, 68, 292.18
1788012839,0, 31370, 67, 292.42;1, 30866, 63, 324.80;2, 30874, 67, 282.72;3, 30864, 68, 308.56
1788012844,0, 17238, 100, 174.40;1, 17074, 53, 308.97;2, 17068, 60, 223.28;3, 17072, 86, 230.51
1788012849,0, 16324, 100, 111.16;1, 15820, 100, 123.61;2, 30874, 69, 283.13;3, 15818, 70, 344.59
1788012854,0, 16376, 100, 110.64;1, 15870, 100, 129.57;2, 16718, 71, 310.02;3, 16048, 100, 119.56
1788012860,0, 31370, 67, 322.49;1, 15820, 100, 185.63;2, 15828, 100, 137.80;3, 15820, 75, 205.43
1788012865,0, 31384, 80, 244.40;1, 30880, 63, 211.94;2, 30888, 37, 213.89;3, 15818, 71, 223.45
1788012870,0, 16324, 100, 111.23;1, 30880, 66, 304.89;2, 30888, 71, 322.22;3, 15818, 100, 118.42
1788012875,0, 16568, 100, 110.66;1, 16742, 0, 90.14;2, 16730, 0, 79.66;3, 15894, 100, 118.93
1788012880,0, 16568, 100, 109.89;1, 16742, 0, 74.24;2, 16730, 0, 71.82;3, 15894, 100, 118.25
1788012885,0, 16568, 100, 109.43;1, 16742, 0, 74.24;2, 16730, 0, 70.11;3, 15894, 100, 117.54
1788012890,0, 16568, 100, 108.52;1, 16742, 0, 52.95;2, 16730, 0, 45.54;3, 15894, 100, 117.14
1788012895,0, 16568, 100, 108.38;1, 16742, 0, 13.69;2, 16730, 0, 15.61;3, 15894, 100, 117.26
1788012900,0, 16568, 100, 107.47;1, 16742, 100, 118.61;2, 16730, 0, 15.00;3, 15894, 100, 116.32
1788012905,0, 16568, 100, 107.60;1, 16742, 100, 118.69;2, 16730, 0, 13.64;3, 15894, 100, 116.11
1788012910,0, 16568, 100, 106.95;1, 16742, 100, 118.38;2, 16730, 0, 13.59;3, 15894, 100, 116.08
1788012915,0, 16568, 100, 107.49;1, 16742, 100, 118.20;2, 16730, 0, 13.17;3, 15894, 100, 116.01
1788012920,0, 16568, 100, 106.78;1, 16742, 100, 118.15;2, 16730, 0, 12.76;3, 15894, 100, 115.80
1788012925,0, 16568, 100, 106.95;1, 16742, 100, 118.78;2, 16730, 0, 12.99;3, 15894, 100, 116.10
1788012930,0, 16568, 100, 106.36;1, 16742, 100, 117.88;2, 16730, 0, 12.36;3, 15894, 100, 115.35
1788012936,0, 16568, 100, 106.30;1, 16742, 100, 117.88;2, 16730, 0, 12.52;3, 15894, 100, 115.15
1788012941,0, 16568, 100, 105.82;1, 16742, 100, 117.54;2, 16730, 0, 11.40;3, 15894, 100, 114.72
1788012946,0, 16568, 100, 106.15;1, 16742, 100, 117.66;2, 16730, 0, 10.89;3, 15894, 100, 114.38
1788012951,0, 16568, 100, 105.57;1, 16742, 100, 117.56;2, 16730, 0, 11.63;3, 15894, 100, 113.90
1788012956,0, 16568, 100, 106.03;1, 16742, 100, 117.71;2, 16730, 0, 11.64;3, 15894, 100, 113.95
1788012961,0, 16568, 100, 105.77;1, 16742, 100, 117.29;2, 16730, 0, 10.72;3, 15894, 100, 114.31
1788012966,0, 16568, 100, 106.11;1, 16742, 100, 117.22;2, 16730, 0, 10.31;3, 15894, 100, 114.45
1788012971,0, 16568, 100, 105.29;1, 16742, 100, 117.14;2, 16730, 0, 10.62;3, 15894, 100, 114.51
1788012976,0, 16568, 100, 105.83;1, 16742, 100, 117.29;2, 16730, 0, 9.86;3, 15894, 100, 114.02
1788012981,0, 16568, 100, 105.45;1, 16742, 100, 117.01;2, 16730, 0, 9.63;3, 15894, 100, 113.75
1788012986,0, 16568, 100, 105.87;1, 16742, 100, 116.63;2, 16730, 0, 9.86;3, 15894, 100, 113.97
1788012991,0, 31370, 65, 281.40;1, 30864, 64, 247.78;2, 30874, 67, 277.67;3, 15818, 66, 195.80
1788012996,0, 31370, 69, 321.30;1, 30864, 66, 299.86;2, 30874, 67, 305.78;3, 15818, 100, 112.59
1788013001,0, 17580, 69, 276.24;1, 17072, 62, 297.24;2, 17070, 53, 262.77;3, 16092, 27, 157.69
1788013006,0, 16324, 100, 107.41;1, 15820, 100, 119.23;2, 30874, 69, 306.38;3, 15820, 100, 113.54
1788013012,0, 16758, 33, 187.64;1, 16066, 23, 161.90;2, 17084, 75, 240.44;3, 16066, 30, 143.03
1788013017,0, 31370, 68, 322.66;1, 15820, 100, 189.62;2, 30876, 68, 277.56;3, 30866, 68, 299.20
1788013022,0, 17244, 0, 177.48;1, 16096, 48, 130.77;2, 16736, 0, 158.24;3, 16738, 0, 176.35
1788013027,0, 17594, 30, 298.89;1, 16352, 44, 200.74;2, 17084, 59, 285.77;3, 17088, 80, 300.68
1788013032,0, 16324, 100, 108.64;1, 15818, 100, 117.94;2, 30876, 69, 309.63;3, 30864, 69, 334.39
1788013037,0, 16356, 100, 98.73;1, 15850, 100, 112.02;2, 16736, 0, 83.24;3, 16740, 0, 93.45
1788013042,0, 16356, 100, 107.51;1, 15850, 100, 117.18;2, 16736, 100, 102.23;3, 16740, 0, 72.52
1788013047,0, 31370, 54, 192.05;1, 30866, 40, 154.49;2, 30874, 73, 302.00;3, 30864, 82, 324.75
1788013052,0, 31370, 67, 290.62;1, 30866, 66, 297.88;2, 30874, 70, 283.01;3, 30864, 69, 303.23
1788013057,0, 17228, 0, 76.32;1, 16722, 100, 110.44;2, 16718, 100, 102.75;3, 16722, 0, 82.69
1788013062,0, 31370, 3, 149.65;1, 30868, 63, 274.39;2, 30874, 66, 278.45;3, 30866, 67, 310.12
1788013067,0, 16888, 68, 272.05;1, 16454, 65, 288.98;2, 16268, 63, 180.55;3, 16202, 100, 141.70
1788013072,0, 31370, 65, 240.73;1, 30864, 16, 276.76;2, 30874, 76, 237.86;3, 30864, 62, 249.92
1788013077,0, 31370, 69, 326.58;1, 15818, 100, 119.92;2, 15828, 100, 104.08;3, 15818, 100, 116.47
1788013083,0, 17232, 100, 107.78;1, 15912, 0, 73.72;2, 15960, 100, 102.71;3, 16120, 100, 116.41
1788013088,0, 17580, 86, 339.57;1, 16140, 29, 195.59;2, 16154, 35, 178.19;3, 16382, 34, 212.32
1788013093,0, 16324, 100, 110.17;1, 30864, 65, 296.21;2, 30874, 68, 291.91;3, 30864, 68, 327.74
1788013098,0, 16356, 51, 113.72;1, 16738, 49, 267.92;2, 16736, 0, 144.26;3, 16230, 0, 136.08
1788013103,0, 16356, 100, 109.53;1, 16738, 100, 119.07;2, 16736, 0, 66.59;3, 16230, 100, 116.09
1788013108,0, 16356, 100, 109.19;1, 16738, 100, 118.90;2, 16736, 0, 66.28;3, 16230, 100, 115.62
1788013113,0, 16356, 100, 107.98;1, 16738, 100, 118.36;2, 16736, 0, 66.31;3, 16230, 100, 115.26
1788013118,0, 16572, 27, 147.94;1, 17092, 69, 324.19;2, 17088, 65, 281.65;3, 16688, 65, 237.18
1788013123,0, 31370, 67, 289.95;1, 30864, 64, 296.60;2, 30874, 68, 277.20;3, 30864, 68, 299.93
1788013128,0, 17196, 100, 104.90;1, 16690, 100, 162.91;2, 16688, 0, 85.45;3, 16690, 100, 111.54
1788013133,0, 31370, 74, 260.08;1, 30864, 13, 278.79;2, 30874, 84, 266.81;3, 30864, 75, 289.73
1788013138,0, 31370, 69, 294.09;1, 30864, 66, 298.92;2, 30874, 68, 279.20;3, 30864, 70, 306.79
1788013143,0, 17182, 0, 83.89;1, 16676, 100, 120.14;2, 16672, 0, 78.35;3, 16676, 100, 117.00
1788013148,0, 17532, 22, 291.39;1, 17026, 49, 284.52;2, 17022, 69, 278.96;3, 17026, 71, 297.69
1788013153,0, 31370, 67, 293.29;1, 30866, 65, 312.54;2, 15828, 68, 296.37;3, 30866, 68, 337.94
1788013159,0, 17548, 72, 193.02;1, 16634, 100, 147.90;2, 16566, 31, 94.29;3, 17042, 100, 134.53
1788013164,0, 31372, 67, 324.85;1, 30864, 64, 330.72;2, 15828, 100, 103.46;3, 30866, 68, 302.22
1788013169,0, 16888, 0, 94.55;1, 16252, 0, 99.63;2, 15870, 100, 102.75;3, 16432, 0, 95.67
1788013174,0, 16888, 100, 111.60;1, 16252, 0, 73.89;2, 15870, 100, 102.32;3, 16432, 100, 117.59
1788013179,0, 16888, 100, 111.14;1, 16252, 0, 73.78;2, 15870, 100, 102.43;3, 16432, 100, 117.00
1788013184,0, 16888, 100, 110.54;1, 16252, 0, 73.74;2, 15870, 100, 102.35;3, 16432, 100, 116.39
1788013189,0, 16888, 100, 109.98;1, 16252, 0, 13.47;2, 15870, 100, 102.43;3, 16432, 100, 115.63
1788013194,0, 16888, 100, 109.39;1, 16252, 0, 13.49;2, 15870, 100, 101.98;3, 16432, 100, 115.88
1788013199,0, 16888, 100, 108.53;1, 16252, 0, 13.05;2, 15870, 100, 102.07;3, 16432, 100, 115.52
1788013204,0, 16888, 100, 108.50;1, 16252, 0, 13.68;2, 15870, 100, 101.96;3, 16432, 100, 115.38
1788013209,0, 16888, 100, 108.68;1, 16252, 0, 13.06;2, 15870, 100, 101.92;3, 16432, 100, 115.11
1788013214,0, 16888, 100, 108.56;1, 16252, 0, 12.91;2, 15870, 100, 101.93;3, 16432, 100, 114.87
1788013219,0, 16888, 100, 108.04;1, 16252, 0, 12.78;2, 15870, 100, 101.79;3, 16432, 100, 114.42
1788013224,0, 16888, 100, 107.50;1, 16252, 0, 12.95;2, 15870, 100, 101.48;3, 16432, 100, 114.41
1788013229,0, 16888, 100, 107.24;1, 16252, 0, 12.81;2, 15870, 100, 101.54;3, 16432, 100, 114.26
1788013235,0, 16888, 100, 107.28;1, 16252, 0, 12.72;2, 15870, 100, 101.24;3, 16432, 100, 113.82
1788013240,0, 16888, 100, 106.01;1, 16252, 0, 12.89;2, 15870, 100, 101.19;3, 16432, 100, 114.08
1788013245,0, 16888, 100, 106.43;1, 16252, 0, 12.82;2, 15870, 100, 100.94;3, 16432, 100, 114.17
1788013250,0, 16888, 100, 105.80;1, 16252, 0, 12.56;2, 15870, 100, 101.26;3, 16432, 100, 114.18
1788013255,0, 16888, 100, 106.06;1, 16252, 0, 12.87;2, 15870, 100, 100.99;3, 16432, 100, 113.50
1788013260,0, 16888, 100, 105.70;1, 16252, 0, 12.55;2, 15870, 100, 101.20;3, 16432, 100, 113.52
1788013265,0, 16888, 100, 105.75;1, 16252, 0, 12.70;2, 15870, 100, 100.80;3, 16432, 100, 113.19
1788013270,0, 16888, 100, 105.49;1, 16252, 0, 12.68;2, 15870, 100, 100.75;3, 16432, 100, 113.42
1788013275,0, 16888, 100, 105.48;1, 16252, 0, 12.71;2, 15870, 100, 100.63;3, 16432, 100, 112.83
1788013280,0, 16888, 100, 105.42;1, 16252, 0, 12.67;2, 15870, 100, 100.72;3, 16432, 100, 113.07
1788013285,0, 16888, 100, 105.36;1, 16252, 0, 12.80;2, 15870, 100, 100.89;3, 16432, 100, 112.56
1788013290,0, 16888, 100, 105.15;1, 16252, 0, 12.46;2, 15870, 100, 100.87;3, 16432, 100, 112.44
1788013295,0, 17354, 50, 250.96;1, 16648, 31, 227.81;2, 16072, 28, 145.26;3, 16718, 64, 253.70
1788013300,0, 16324, 67, 317.29;1, 15818, 100, 112.45;2, 30874, 68, 304.75;3, 30864, 69, 298.84
1788013305,0, 17028, 100, 102.30;1, 16144, 100, 123.82;2, 16996, 100, 99.89;3, 16994, 0, 92.43
1788013311,0, 31372, 67, 308.86;1, 30866, 64, 287.36;2, 30874, 67, 273.95;3, 30864, 68, 299.20
1788013316,0, 16326, 69, 323.46;1, 30866, 66, 294.84;2, 15828, 69, 302.75;3, 15818, 100, 299.45
1788013321,0, 17182, 0, 65.08;1, 16676, 100, 115.38;2, 16674, 0, 65.69;3, 16676, 0, 72.53
1788013326,0, 17182, 0, 65.22;1, 16676, 100, 115.31;2, 16674, 0, 65.19;3, 16676, 0, 72.17
1788013331,0, 17182, 0, 64.48;1, 16676, 100, 114.88;2, 16674, 0, 64.86;3, 16676, 0, 72.05
1788013336,0, 17182, 0, 13.34;1, 16676, 100, 115.11;2, 16674, 0, 12.74;3, 16676, 0, 16.23
1788013341,0, 17532, 52, 285.17;1, 17026, 57, 289.73;2, 17024, 75, 277.34;3, 17028, 78, 294.30
1788013346,0, 31370, 69, 245.26;1, 30868, 63, 228.26;2, 30876, 70, 189.01;3, 30864, 67, 211.05
1788013351,0, 31370, 67, 290.27;1, 30868, 65, 294.40;2, 15830, 100, 100.85;3, 30864, 70, 335.77
1788013356,0, 17196, 0, 64.74;1, 16690, 0, 72.87;2, 16084, 100, 101.76;3, 16690, 100, 114.59
1788013361,0, 17196, 0, 63.90;1, 16690, 100, 115.66;2, 16084, 100, 101.82;3, 16690, 100, 114.61
1788013366,0, 31372, 66, 299.24;1, 30866, 63, 279.96;2, 30874, 67, 282.56;3, 30864, 66, 309.86
1788013371,0, 31372, 68, 325.10;1, 15820, 100, 116.71;2, 15828, 100, 117.61;3, 15818, 100, 138.44
1788013376,0, 16902, 0, 65.05;1, 16228, 0, 72.75;2, 16402, 0, 65.74;3, 16270, 100, 115.34
1788013381,0, 16902, 0, 65.02;1, 16228, 0, 72.88;2, 16402, 0, 65.29;3, 16270, 100, 114.50
1788013387,0, 16902, 0, 63.80;1, 16228, 0, 72.93;2, 16402, 0, 64.84;3, 16270, 100, 114.55
1788013392,0, 16902, 0, 13.17;1, 16228, 0, 13.91;2, 16402, 0, 13.99;3, 16270, 100, 114.15
1788013397,0, 17258, 100, 105.44;1, 16476, 0, 13.07;2, 16542, 100, 100.62;3, 16604, 42, 122.22
1788013402,0, 31370, 66, 282.56;1, 30864, 63, 287.84;2, 30876, 69, 275.27;3, 30864, 68, 299.16
1788013407,0, 31370, 67, 321.82;1, 15818, 100, 115.59;2, 15830, 100, 101.45;3, 15818, 100, 114.65
1788013412,0, 17198, 100, 107.17;1, 16138, 0, 73.01;2, 16204, 0, 71.52;3, 16020, 100, 83.30
1788013417,0, 31372, 66, 271.17;1, 30864, 63, 272.55;2, 30874, 99, 245.32;3, 30864, 67, 269.22
1788013422,0, 16684, 0, 128.15;1, 16154, 0, 131.60;2, 16298, 68, 240.75;3, 16190, 0, 137.38
1788013427,0, 31370, 5, 250.81;1, 30864, 62, 245.71;2, 30874, 67, 251.82;3, 30864, 78, 268.87
1788013432,0, 31370, 61, 218.67;1, 15818, 99, 193.66;2, 30874, 65, 215.11;3, 15820, 18, 212.28
1788013437,0, 31370, 67, 293.78;1, 15818, 100, 116.39;2, 15828, 100, 160.35;3, 15820, 100, 114.64
1788013442,0, 17244, 0, 68.62;1, 15850, 100, 116.27;2, 16234, 100, 102.29;3, 15850, 100, 114.70
1788013447,0, 31372, 65, 272.61;1, 30864, 64, 296.61;2, 30874, 66, 267.35;3, 30866, 66, 298.74
1788013452,0, 17086, 0, 123.61;1, 16566, 52, 164.77;2, 16592, 36, 130.11;3, 16174, 100, 139.70
1788013458,0, 16326, 100, 110.20;1, 30876, 66, 307.31;2, 30886, 69, 278.51;3, 15818, 68, 276.29
1788013463,0, 16472, 0, 130.38;1, 16428, 100, 169.61;2, 16722, 42, 245.41;3, 16044, 100, 126.44
1788013468,0, 16472, 0, 65.88;1, 16428, 100, 117.37;2, 16722, 0, 67.19;3, 16044, 100, 114.50
1788013473,0, 16472, 0, 65.77;1, 16428, 100, 117.52;2, 16722, 0, 80.98;3, 16044, 100, 113.75
1788013478,0, 31370, 67, 266.82;1, 30864, 54, 297.33;2, 30876, 70, 273.05;3, 30864, 68, 292.37
1788013483,0, 16576, 0, 91.75;1, 16164, 0, 96.95;2, 16068, 0, 84.84;3, 16114, 0, 92.20
1788013488,0, 16966, 30, 208.55;1, 16568, 35, 251.14;2, 16456, 37, 200.82;3, 16374, 40, 202.32
1788013493,0, 16566, 0, 91.36;1, 16054, 0, 96.97;2, 16050, 0, 85.13;3, 16064, 0, 92.22
1788013498,0, 16566, 0, 65.30;1, 16054, 0, 73.43;2, 16050, 0, 67.08;3, 16064, 0, 71.19
1788013503,0, 16566, 0, 64.56;1, 16054, 0, 73.40;2, 16050, 0, 66.54;3, 16064, 100, 113.08
1788013508,0, 16954, 33, 176.90;1, 16434, 39, 189.18;2, 16430, 49, 170.64;3, 16454, 29, 185.21
1788013513,0, 31370, 65, 320.24;1, 30866, 64, 323.34;2, 30874, 68, 305.59;3, 15818, 100, 112.12
1788013518,0, 16856, 0, 91.03;1, 16384, 0, 131.82;2, 16700, 0, 85.51;3, 15990, 0, 91.31
1788013523,0, 16856, 100, 90.01;1, 16384, 0, 73.65;2, 16700, 100, 102.46;3, 15990, 0, 71.13
1788013528,0, 16856, 100, 106.75;1, 16384, 0, 73.50;2, 16700, 100, 102.33;3, 15990, 100, 112.16
1788013533,0, 16856, 100, 106.82;1, 16384, 0, 72.17;2, 16700, 100, 102.21;3, 15990, 100, 112.76
1788013539,0, 16856, 100, 106.51;1, 16384, 0, 13.13;2, 16700, 100, 102.02;3, 15990, 100, 112.27
1788013544,0, 31372, 67, 260.25;1, 30864, 47, 256.59;2, 30876, 21, 266.45;3, 30864, 28, 175.38
1788013549,0, 31372, 68, 291.70;1, 30864, 65, 327.07;2, 30876, 69, 281.70;3, 30864, 71, 304.26
1788013554,0, 17244, 100, 109.26;1, 16738, 0, 81.91;2, 16736, 100, 102.53;3, 16738, 0, 75.93
1788013559,0, 17244, 100, 108.19;1, 16738, 0, 73.30;2, 16736, 100, 102.36;3, 16738, 100, 113.92
1788013564,0, 25330, 79, 302.16;1, 29474, 19, 301.19;2, 29486, 75, 293.11;3, 29474, 81, 316.01
1788013569,0, 31370, 68, 322.69;1, 30864, 64, 295.46;2, 30876, 68, 282.49;3, 30864, 70, 302.74
1788013574,0, 17292, 58, 243.94;1, 16866, 54, 265.42;2, 16710, 64, 230.54;3, 17046, 54, 291.39
1788013579,0, 31370, 67, 291.31;1, 30864, 64, 326.34;2, 30876, 69, 293.39;3, 15818, 100, 115.55
1788013584,0, 17124, 0, 92.76;1, 16698, 100, 118.44;2, 16842, 100, 88.75;3, 15994, 100, 116.22
1788013589,0, 31370, 66, 290.31;1, 30864, 66, 294.36;2, 30874, 67, 279.95;3, 30864, 67, 300.49
1788013594,0, 31370, 69, 297.96;1, 30864, 66, 302.37;2, 30874, 72, 289.94;3, 15818, 71, 339.51
1788013599,0, 17226, 0, 67.03;1, 16720, 100, 119.74;2, 16718, 100, 103.09;3, 16722, 100, 115.41
1788013605,0, 31370, 3, 146.91;1, 15818, 100, 139.96;2, 30874, 66, 271.71;3, 30864, 67, 315.14
1788013610,0, 31370, 68, 325.11;1, 15818, 100, 120.57;2, 30874, 70, 314.10;3, 15818, 100, 116.18
1788013615,0, 17244, 100, 110.67;1, 15870, 0, 73.91;2, 16736, 100, 105.63;3, 16218, 45, 114.73
1788013620,0, 31370, 67, 292.37;1, 30866, 64, 297.11;2, 30874, 67, 280.61;3, 30866, 69, 300.02
1788013625,0, 31370, 68, 331.46;1, 15820, 66, 264.74;2, 30874, 69, 284.99;3, 30866, 70, 308.30
1788013630,0, 17244, 0, 67.92;1, 16406, 0, 74.03;2, 16736, 0, 70.92;3, 16738, 100, 115.93
1788013635,0, 17244, 0, 67.03;1, 16406, 100, 101.77;2, 16736, 100, 103.39;3, 16738, 100, 115.80
1788013640,0, 17594, 67, 303.20;1, 16892, 61, 288.92;2, 17084, 75, 290.68;3, 17088, 72, 315.00
1788013645,0, 31370, 67, 293.45;1, 30866, 64, 295.32;2, 30876, 68, 313.46;3, 30864, 67, 309.32
1788013650,0, 16860, 0, 129.37;1, 16676, 0, 227.07;2, 16228, 0, 121.36;3, 16676, 0, 146.43
1788013655,0, 17044, 100, 117.97;1, 16932, 100, 119.32;2, 16590, 41, 119.04;3, 16948, 0, 117.15
1788013660,0, 31370, 67, 290.52;1, 30864, 64, 295.30;2, 30876, 67, 279.12;3, 30864, 68, 301.58
1788013665,0, 24476, 69, 299.99;1, 15818, 100, 252.52;2, 30876, 71, 317.70;3, 29288, 69, 338.86
1788013670,0, 31370, 56, 282.11;1, 30864, 61, 297.01;2, 30874, 65, 280.36;3, 30864, 77, 290.85
1788013675,0, 31370, 68, 327.55;1, 30864, 64, 299.73;2, 30874, 70, 287.10;3, 15818, 70, 252.58
1788013681,0, 17182, 100, 112.41;1, 16676, 100, 119.68;2, 16672, 100, 103.68;3, 16368, 0, 87.61
1788013686,0, 17182, 100, 111.01;1, 16676, 100, 120.07;2, 16672, 100, 103.40;3, 16368, 0, 73.40
1788013691,0, 31370, 66, 278.02;1, 30864, 33, 293.83;2, 30876, 99, 271.56;3, 30864, 67, 273.79
1788013696,0, 16804, 0, 129.38;1, 16024, 16, 126.96;2, 16228, 0, 142.66;3, 16082, 0, 118.23
1788013701,0, 16804, 0, 67.69;1, 16024, 100, 118.85;2, 16228, 0, 69.02;3, 16082, 100, 115.84
1788013706,0, 16804, 0, 66.39;1, 16024, 100, 118.45;2, 16228, 100, 103.03;3, 16082, 100, 115.45
1788013711,0, 16804, 0, 66.31;1, 16024, 100, 118.35;2, 16228, 100, 102.85;3, 16082, 100, 115.05
1788013716,0, 29980, 62, 233.06;1, 29474, 14, 172.04;2, 29486, 67, 243.21;3, 29474, 48, 197.41
1788013721,0, 31370, 68, 295.40;1, 30864, 65, 299.23;2, 30876, 70, 284.13;3, 30864, 70, 305.43
1788013726,0, 17226, 100, 110.94;1, 16720, 100, 119.46;2, 16718, 0, 79.96;3, 16720, 100, 110.67
1788013731,0, 31370, 66, 301.69;1, 30864, 63, 288.60;2, 30874, 68, 293.46;3, 30864, 66, 305.94
1788013736,0, 16324, 100, 162.79;1, 30864, 65, 332.46;2, 15828, 100, 104.22;3, 15818, 100, 116.18
1788013741,0, 31370, 46, 225.90;1, 30864, 58, 289.07;2, 30874, 71, 183.59;3, 30866, 57, 189.19
1788013746,0, 31370, 69, 298.40;1, 30864, 66, 304.51;2, 30874, 68, 283.62;3, 30866, 68, 335.93
1788013752,0, 17536, 100, 240.49;1, 17026, 46, 221.95;2, 17022, 33, 135.00;3, 17030, 83, 173.02
1788013757,0, 16324, 100, 112.27;1, 30864, 64, 328.93;2, 30874, 69, 283.83;3, 15820, 100, 116.85
1788013762,0, 16376, 100, 111.32;1, 16122, 67, 337.15;2, 16520, 72, 249.48;3, 15870, 100, 115.99
1788013767,0, 16628, 27, 123.48;1, 17074, 100, 143.47;2, 17070, 0, 142.84;3, 16122, 30, 139.12
1788013772,0, 31370, 67, 288.93;1, 30864, 65, 300.69;2, 30874, 67, 281.49;3, 30864, 67, 298.05
1788013777,0, 16680, 0, 124.91;1, 16174, 100, 113.94;2, 16374, 0, 132.29;3, 16228, 100, 130.47
1788013782,0, 16680, 0, 67.49;1, 16174, 100, 122.00;2, 16374, 100, 103.43;3, 16228, 100, 116.51
1788013787,0, 17100, 51, 211.76;1, 16594, 39, 222.14;2, 16862, 53, 237.13;3, 16626, 48, 215.46
1788013792,0, 31374, 68, 293.78;1, 30864, 65, 303.14;2, 30874, 69, 285.07;3, 30864, 69, 332.89
1788013797,0, 17228, 0, 94.15;1, 16722, 0, 104.03;2, 16718, 0, 88.06;3, 16722, 0, 90.57
1788013802,0, 31370, 65, 295.60;1, 30864, 64, 301.49;2, 30874, 67, 285.18;3, 30864, 66, 297.81
1788013807,0, 31370, 68, 296.58;1, 30864, 65, 304.31;2, 30874, 70, 288.05;3, 30864, 70, 308.46
1788013812,0, 17548, 50, 260.68;1, 17042, 56, 295.63;2, 17038, 60, 255.14;3, 17042, 78, 284.35
1788013818,0, 31370, 67, 296.00;1, 30864, 64, 302.01;2, 30876, 68, 286.49;3, 30864, 68, 303.47
1788013823,0, 17244, 0, 96.44;1, 16738, 0, 122.68;2, 16736, 0, 144.58;3, 16738, 0, 153.26
1788013828,0, 17594, 85, 311.66;1, 17088, 63, 323.77;2, 17084, 85, 298.43;3, 17088, 79, 315.17
1788013833,0, 31370, 69, 299.69;1, 30864, 66, 306.17;2, 30874, 70, 289.31;3, 30864, 70, 340.60
1788013838,0, 16910, 0, 95.86;1, 16720, 0, 105.23;2, 16718, 0, 90.02;3, 16722, 100, 119.29
1788013843,0, 17400, 80, 290.14;1, 17070, 73, 330.02;2, 17068, 74, 307.05;3, 17070, 80, 309.29
1788013848,0, 4, 0, 72.37;1, 4, 0, 77.21;2, 4, 0, 74.63;3, 4, 0, 66.52
